"/OA_Charge (umc_mc_dvth0_n_splvt=-0.009,umc_mc_dvth0_p_splvt=-0.006,umc_mc_dvth0_n_sphvt=-0.006,umc_mc_dvth0_p_sphvt=-0.006) X","/OA_Charge (umc_mc_dvth0_n_splvt=-0.009,umc_mc_dvth0_p_splvt=-0.006,umc_mc_dvth0_n_sphvt=-0.006,umc_mc_dvth0_p_sphvt=-0.006) Y","/OA_Charge (umc_mc_dvth0_n_splvt=-0.009,umc_mc_dvth0_p_splvt=-0.006,umc_mc_dvth0_n_sphvt=-0.006,umc_mc_dvth0_p_sphvt=0) X","/OA_Charge (umc_mc_dvth0_n_splvt=-0.009,umc_mc_dvth0_p_splvt=-0.006,umc_mc_dvth0_n_sphvt=-0.006,umc_mc_dvth0_p_sphvt=0) Y","/OA_Charge (umc_mc_dvth0_n_splvt=-0.009,umc_mc_dvth0_p_splvt=-0.006,umc_mc_dvth0_n_sphvt=-0.006,umc_mc_dvth0_p_sphvt=0.006) X","/OA_Charge (umc_mc_dvth0_n_splvt=-0.009,umc_mc_dvth0_p_splvt=-0.006,umc_mc_dvth0_n_sphvt=-0.006,umc_mc_dvth0_p_sphvt=0.006) Y","/OA_Charge (umc_mc_dvth0_n_splvt=-0.009,umc_mc_dvth0_p_splvt=-0.006,umc_mc_dvth0_n_sphvt=0,umc_mc_dvth0_p_sphvt=-0.006) X","/OA_Charge (umc_mc_dvth0_n_splvt=-0.009,umc_mc_dvth0_p_splvt=-0.006,umc_mc_dvth0_n_sphvt=0,umc_mc_dvth0_p_sphvt=-0.006) Y","/OA_Charge (umc_mc_dvth0_n_splvt=-0.009,umc_mc_dvth0_p_splvt=-0.006,umc_mc_dvth0_n_sphvt=0,umc_mc_dvth0_p_sphvt=0) X","/OA_Charge (umc_mc_dvth0_n_splvt=-0.009,umc_mc_dvth0_p_splvt=-0.006,umc_mc_dvth0_n_sphvt=0,umc_mc_dvth0_p_sphvt=0) Y","/OA_Charge (umc_mc_dvth0_n_splvt=-0.009,umc_mc_dvth0_p_splvt=-0.006,umc_mc_dvth0_n_sphvt=0,umc_mc_dvth0_p_sphvt=0.006) X","/OA_Charge (umc_mc_dvth0_n_splvt=-0.009,umc_mc_dvth0_p_splvt=-0.006,umc_mc_dvth0_n_sphvt=0,umc_mc_dvth0_p_sphvt=0.006) Y","/OA_Charge (umc_mc_dvth0_n_splvt=-0.009,umc_mc_dvth0_p_splvt=-0.006,umc_mc_dvth0_n_sphvt=0.006,umc_mc_dvth0_p_sphvt=-0.006) X","/OA_Charge (umc_mc_dvth0_n_splvt=-0.009,umc_mc_dvth0_p_splvt=-0.006,umc_mc_dvth0_n_sphvt=0.006,umc_mc_dvth0_p_sphvt=-0.006) Y","/OA_Charge (umc_mc_dvth0_n_splvt=-0.009,umc_mc_dvth0_p_splvt=-0.006,umc_mc_dvth0_n_sphvt=0.006,umc_mc_dvth0_p_sphvt=0) X","/OA_Charge (umc_mc_dvth0_n_splvt=-0.009,umc_mc_dvth0_p_splvt=-0.006,umc_mc_dvth0_n_sphvt=0.006,umc_mc_dvth0_p_sphvt=0) Y","/OA_Charge (umc_mc_dvth0_n_splvt=-0.009,umc_mc_dvth0_p_splvt=-0.006,umc_mc_dvth0_n_sphvt=0.006,umc_mc_dvth0_p_sphvt=0.006) X","/OA_Charge (umc_mc_dvth0_n_splvt=-0.009,umc_mc_dvth0_p_splvt=-0.006,umc_mc_dvth0_n_sphvt=0.006,umc_mc_dvth0_p_sphvt=0.006) Y","/OA_Charge (umc_mc_dvth0_n_splvt=-0.009,umc_mc_dvth0_p_splvt=0,umc_mc_dvth0_n_sphvt=-0.006,umc_mc_dvth0_p_sphvt=-0.006) X","/OA_Charge (umc_mc_dvth0_n_splvt=-0.009,umc_mc_dvth0_p_splvt=0,umc_mc_dvth0_n_sphvt=-0.006,umc_mc_dvth0_p_sphvt=-0.006) Y","/OA_Charge (umc_mc_dvth0_n_splvt=-0.009,umc_mc_dvth0_p_splvt=0,umc_mc_dvth0_n_sphvt=-0.006,umc_mc_dvth0_p_sphvt=0) X","/OA_Charge (umc_mc_dvth0_n_splvt=-0.009,umc_mc_dvth0_p_splvt=0,umc_mc_dvth0_n_sphvt=-0.006,umc_mc_dvth0_p_sphvt=0) Y","/OA_Charge (umc_mc_dvth0_n_splvt=-0.009,umc_mc_dvth0_p_splvt=0,umc_mc_dvth0_n_sphvt=-0.006,umc_mc_dvth0_p_sphvt=0.006) X","/OA_Charge (umc_mc_dvth0_n_splvt=-0.009,umc_mc_dvth0_p_splvt=0,umc_mc_dvth0_n_sphvt=-0.006,umc_mc_dvth0_p_sphvt=0.006) Y","/OA_Charge (umc_mc_dvth0_n_splvt=-0.009,umc_mc_dvth0_p_splvt=0,umc_mc_dvth0_n_sphvt=0,umc_mc_dvth0_p_sphvt=-0.006) X","/OA_Charge (umc_mc_dvth0_n_splvt=-0.009,umc_mc_dvth0_p_splvt=0,umc_mc_dvth0_n_sphvt=0,umc_mc_dvth0_p_sphvt=-0.006) Y","/OA_Charge (umc_mc_dvth0_n_splvt=-0.009,umc_mc_dvth0_p_splvt=0,umc_mc_dvth0_n_sphvt=0,umc_mc_dvth0_p_sphvt=0) X","/OA_Charge (umc_mc_dvth0_n_splvt=-0.009,umc_mc_dvth0_p_splvt=0,umc_mc_dvth0_n_sphvt=0,umc_mc_dvth0_p_sphvt=0) Y","/OA_Charge (umc_mc_dvth0_n_splvt=-0.009,umc_mc_dvth0_p_splvt=0,umc_mc_dvth0_n_sphvt=0,umc_mc_dvth0_p_sphvt=0.006) X","/OA_Charge (umc_mc_dvth0_n_splvt=-0.009,umc_mc_dvth0_p_splvt=0,umc_mc_dvth0_n_sphvt=0,umc_mc_dvth0_p_sphvt=0.006) Y","/OA_Charge (umc_mc_dvth0_n_splvt=-0.009,umc_mc_dvth0_p_splvt=0,umc_mc_dvth0_n_sphvt=0.006,umc_mc_dvth0_p_sphvt=-0.006) X","/OA_Charge (umc_mc_dvth0_n_splvt=-0.009,umc_mc_dvth0_p_splvt=0,umc_mc_dvth0_n_sphvt=0.006,umc_mc_dvth0_p_sphvt=-0.006) Y","/OA_Charge (umc_mc_dvth0_n_splvt=-0.009,umc_mc_dvth0_p_splvt=0,umc_mc_dvth0_n_sphvt=0.006,umc_mc_dvth0_p_sphvt=0) X","/OA_Charge (umc_mc_dvth0_n_splvt=-0.009,umc_mc_dvth0_p_splvt=0,umc_mc_dvth0_n_sphvt=0.006,umc_mc_dvth0_p_sphvt=0) Y","/OA_Charge (umc_mc_dvth0_n_splvt=-0.009,umc_mc_dvth0_p_splvt=0,umc_mc_dvth0_n_sphvt=0.006,umc_mc_dvth0_p_sphvt=0.006) X","/OA_Charge (umc_mc_dvth0_n_splvt=-0.009,umc_mc_dvth0_p_splvt=0,umc_mc_dvth0_n_sphvt=0.006,umc_mc_dvth0_p_sphvt=0.006) Y","/OA_Charge (umc_mc_dvth0_n_splvt=-0.009,umc_mc_dvth0_p_splvt=0.006,umc_mc_dvth0_n_sphvt=-0.006,umc_mc_dvth0_p_sphvt=-0.006) X","/OA_Charge (umc_mc_dvth0_n_splvt=-0.009,umc_mc_dvth0_p_splvt=0.006,umc_mc_dvth0_n_sphvt=-0.006,umc_mc_dvth0_p_sphvt=-0.006) Y","/OA_Charge (umc_mc_dvth0_n_splvt=-0.009,umc_mc_dvth0_p_splvt=0.006,umc_mc_dvth0_n_sphvt=-0.006,umc_mc_dvth0_p_sphvt=0) X","/OA_Charge (umc_mc_dvth0_n_splvt=-0.009,umc_mc_dvth0_p_splvt=0.006,umc_mc_dvth0_n_sphvt=-0.006,umc_mc_dvth0_p_sphvt=0) Y","/OA_Charge (umc_mc_dvth0_n_splvt=-0.009,umc_mc_dvth0_p_splvt=0.006,umc_mc_dvth0_n_sphvt=-0.006,umc_mc_dvth0_p_sphvt=0.006) X","/OA_Charge (umc_mc_dvth0_n_splvt=-0.009,umc_mc_dvth0_p_splvt=0.006,umc_mc_dvth0_n_sphvt=-0.006,umc_mc_dvth0_p_sphvt=0.006) Y","/OA_Charge (umc_mc_dvth0_n_splvt=-0.009,umc_mc_dvth0_p_splvt=0.006,umc_mc_dvth0_n_sphvt=0,umc_mc_dvth0_p_sphvt=-0.006) X","/OA_Charge (umc_mc_dvth0_n_splvt=-0.009,umc_mc_dvth0_p_splvt=0.006,umc_mc_dvth0_n_sphvt=0,umc_mc_dvth0_p_sphvt=-0.006) Y","/OA_Charge (umc_mc_dvth0_n_splvt=-0.009,umc_mc_dvth0_p_splvt=0.006,umc_mc_dvth0_n_sphvt=0,umc_mc_dvth0_p_sphvt=0) X","/OA_Charge (umc_mc_dvth0_n_splvt=-0.009,umc_mc_dvth0_p_splvt=0.006,umc_mc_dvth0_n_sphvt=0,umc_mc_dvth0_p_sphvt=0) Y","/OA_Charge (umc_mc_dvth0_n_splvt=-0.009,umc_mc_dvth0_p_splvt=0.006,umc_mc_dvth0_n_sphvt=0,umc_mc_dvth0_p_sphvt=0.006) X","/OA_Charge (umc_mc_dvth0_n_splvt=-0.009,umc_mc_dvth0_p_splvt=0.006,umc_mc_dvth0_n_sphvt=0,umc_mc_dvth0_p_sphvt=0.006) Y","/OA_Charge (umc_mc_dvth0_n_splvt=-0.009,umc_mc_dvth0_p_splvt=0.006,umc_mc_dvth0_n_sphvt=0.006,umc_mc_dvth0_p_sphvt=-0.006) X","/OA_Charge (umc_mc_dvth0_n_splvt=-0.009,umc_mc_dvth0_p_splvt=0.006,umc_mc_dvth0_n_sphvt=0.006,umc_mc_dvth0_p_sphvt=-0.006) Y","/OA_Charge (umc_mc_dvth0_n_splvt=-0.009,umc_mc_dvth0_p_splvt=0.006,umc_mc_dvth0_n_sphvt=0.006,umc_mc_dvth0_p_sphvt=0) X","/OA_Charge (umc_mc_dvth0_n_splvt=-0.009,umc_mc_dvth0_p_splvt=0.006,umc_mc_dvth0_n_sphvt=0.006,umc_mc_dvth0_p_sphvt=0) Y","/OA_Charge (umc_mc_dvth0_n_splvt=-0.009,umc_mc_dvth0_p_splvt=0.006,umc_mc_dvth0_n_sphvt=0.006,umc_mc_dvth0_p_sphvt=0.006) X","/OA_Charge (umc_mc_dvth0_n_splvt=-0.009,umc_mc_dvth0_p_splvt=0.006,umc_mc_dvth0_n_sphvt=0.006,umc_mc_dvth0_p_sphvt=0.006) Y","/OA_Charge (umc_mc_dvth0_n_splvt=0,umc_mc_dvth0_p_splvt=-0.006,umc_mc_dvth0_n_sphvt=-0.006,umc_mc_dvth0_p_sphvt=-0.006) X","/OA_Charge (umc_mc_dvth0_n_splvt=0,umc_mc_dvth0_p_splvt=-0.006,umc_mc_dvth0_n_sphvt=-0.006,umc_mc_dvth0_p_sphvt=-0.006) Y","/OA_Charge (umc_mc_dvth0_n_splvt=0,umc_mc_dvth0_p_splvt=-0.006,umc_mc_dvth0_n_sphvt=-0.006,umc_mc_dvth0_p_sphvt=0) X","/OA_Charge (umc_mc_dvth0_n_splvt=0,umc_mc_dvth0_p_splvt=-0.006,umc_mc_dvth0_n_sphvt=-0.006,umc_mc_dvth0_p_sphvt=0) Y","/OA_Charge (umc_mc_dvth0_n_splvt=0,umc_mc_dvth0_p_splvt=-0.006,umc_mc_dvth0_n_sphvt=-0.006,umc_mc_dvth0_p_sphvt=0.006) X","/OA_Charge (umc_mc_dvth0_n_splvt=0,umc_mc_dvth0_p_splvt=-0.006,umc_mc_dvth0_n_sphvt=-0.006,umc_mc_dvth0_p_sphvt=0.006) Y","/OA_Charge (umc_mc_dvth0_n_splvt=0,umc_mc_dvth0_p_splvt=-0.006,umc_mc_dvth0_n_sphvt=0,umc_mc_dvth0_p_sphvt=-0.006) X","/OA_Charge (umc_mc_dvth0_n_splvt=0,umc_mc_dvth0_p_splvt=-0.006,umc_mc_dvth0_n_sphvt=0,umc_mc_dvth0_p_sphvt=-0.006) Y","/OA_Charge (umc_mc_dvth0_n_splvt=0,umc_mc_dvth0_p_splvt=-0.006,umc_mc_dvth0_n_sphvt=0,umc_mc_dvth0_p_sphvt=0) X","/OA_Charge (umc_mc_dvth0_n_splvt=0,umc_mc_dvth0_p_splvt=-0.006,umc_mc_dvth0_n_sphvt=0,umc_mc_dvth0_p_sphvt=0) Y","/OA_Charge (umc_mc_dvth0_n_splvt=0,umc_mc_dvth0_p_splvt=-0.006,umc_mc_dvth0_n_sphvt=0,umc_mc_dvth0_p_sphvt=0.006) X","/OA_Charge (umc_mc_dvth0_n_splvt=0,umc_mc_dvth0_p_splvt=-0.006,umc_mc_dvth0_n_sphvt=0,umc_mc_dvth0_p_sphvt=0.006) Y","/OA_Charge (umc_mc_dvth0_n_splvt=0,umc_mc_dvth0_p_splvt=-0.006,umc_mc_dvth0_n_sphvt=0.006,umc_mc_dvth0_p_sphvt=-0.006) X","/OA_Charge (umc_mc_dvth0_n_splvt=0,umc_mc_dvth0_p_splvt=-0.006,umc_mc_dvth0_n_sphvt=0.006,umc_mc_dvth0_p_sphvt=-0.006) Y","/OA_Charge (umc_mc_dvth0_n_splvt=0,umc_mc_dvth0_p_splvt=-0.006,umc_mc_dvth0_n_sphvt=0.006,umc_mc_dvth0_p_sphvt=0) X","/OA_Charge (umc_mc_dvth0_n_splvt=0,umc_mc_dvth0_p_splvt=-0.006,umc_mc_dvth0_n_sphvt=0.006,umc_mc_dvth0_p_sphvt=0) Y","/OA_Charge (umc_mc_dvth0_n_splvt=0,umc_mc_dvth0_p_splvt=-0.006,umc_mc_dvth0_n_sphvt=0.006,umc_mc_dvth0_p_sphvt=0.006) X","/OA_Charge (umc_mc_dvth0_n_splvt=0,umc_mc_dvth0_p_splvt=-0.006,umc_mc_dvth0_n_sphvt=0.006,umc_mc_dvth0_p_sphvt=0.006) Y","/OA_Charge (umc_mc_dvth0_n_splvt=0,umc_mc_dvth0_p_splvt=0,umc_mc_dvth0_n_sphvt=-0.006,umc_mc_dvth0_p_sphvt=-0.006) X","/OA_Charge (umc_mc_dvth0_n_splvt=0,umc_mc_dvth0_p_splvt=0,umc_mc_dvth0_n_sphvt=-0.006,umc_mc_dvth0_p_sphvt=-0.006) Y","/OA_Charge (umc_mc_dvth0_n_splvt=0,umc_mc_dvth0_p_splvt=0,umc_mc_dvth0_n_sphvt=-0.006,umc_mc_dvth0_p_sphvt=0) X","/OA_Charge (umc_mc_dvth0_n_splvt=0,umc_mc_dvth0_p_splvt=0,umc_mc_dvth0_n_sphvt=-0.006,umc_mc_dvth0_p_sphvt=0) Y","/OA_Charge (umc_mc_dvth0_n_splvt=0,umc_mc_dvth0_p_splvt=0,umc_mc_dvth0_n_sphvt=-0.006,umc_mc_dvth0_p_sphvt=0.006) X","/OA_Charge (umc_mc_dvth0_n_splvt=0,umc_mc_dvth0_p_splvt=0,umc_mc_dvth0_n_sphvt=-0.006,umc_mc_dvth0_p_sphvt=0.006) Y","/OA_Charge (umc_mc_dvth0_n_splvt=0,umc_mc_dvth0_p_splvt=0,umc_mc_dvth0_n_sphvt=0,umc_mc_dvth0_p_sphvt=-0.006) X","/OA_Charge (umc_mc_dvth0_n_splvt=0,umc_mc_dvth0_p_splvt=0,umc_mc_dvth0_n_sphvt=0,umc_mc_dvth0_p_sphvt=-0.006) Y","/OA_Charge (umc_mc_dvth0_n_splvt=0,umc_mc_dvth0_p_splvt=0,umc_mc_dvth0_n_sphvt=0,umc_mc_dvth0_p_sphvt=0) X","/OA_Charge (umc_mc_dvth0_n_splvt=0,umc_mc_dvth0_p_splvt=0,umc_mc_dvth0_n_sphvt=0,umc_mc_dvth0_p_sphvt=0) Y","/OA_Charge (umc_mc_dvth0_n_splvt=0,umc_mc_dvth0_p_splvt=0,umc_mc_dvth0_n_sphvt=0,umc_mc_dvth0_p_sphvt=0.006) X","/OA_Charge (umc_mc_dvth0_n_splvt=0,umc_mc_dvth0_p_splvt=0,umc_mc_dvth0_n_sphvt=0,umc_mc_dvth0_p_sphvt=0.006) Y","/OA_Charge (umc_mc_dvth0_n_splvt=0,umc_mc_dvth0_p_splvt=0,umc_mc_dvth0_n_sphvt=0.006,umc_mc_dvth0_p_sphvt=-0.006) X","/OA_Charge (umc_mc_dvth0_n_splvt=0,umc_mc_dvth0_p_splvt=0,umc_mc_dvth0_n_sphvt=0.006,umc_mc_dvth0_p_sphvt=-0.006) Y","/OA_Charge (umc_mc_dvth0_n_splvt=0,umc_mc_dvth0_p_splvt=0,umc_mc_dvth0_n_sphvt=0.006,umc_mc_dvth0_p_sphvt=0) X","/OA_Charge (umc_mc_dvth0_n_splvt=0,umc_mc_dvth0_p_splvt=0,umc_mc_dvth0_n_sphvt=0.006,umc_mc_dvth0_p_sphvt=0) Y","/OA_Charge (umc_mc_dvth0_n_splvt=0,umc_mc_dvth0_p_splvt=0,umc_mc_dvth0_n_sphvt=0.006,umc_mc_dvth0_p_sphvt=0.006) X","/OA_Charge (umc_mc_dvth0_n_splvt=0,umc_mc_dvth0_p_splvt=0,umc_mc_dvth0_n_sphvt=0.006,umc_mc_dvth0_p_sphvt=0.006) Y","/OA_Charge (umc_mc_dvth0_n_splvt=0,umc_mc_dvth0_p_splvt=0.006,umc_mc_dvth0_n_sphvt=-0.006,umc_mc_dvth0_p_sphvt=-0.006) X","/OA_Charge (umc_mc_dvth0_n_splvt=0,umc_mc_dvth0_p_splvt=0.006,umc_mc_dvth0_n_sphvt=-0.006,umc_mc_dvth0_p_sphvt=-0.006) Y","/OA_Charge (umc_mc_dvth0_n_splvt=0,umc_mc_dvth0_p_splvt=0.006,umc_mc_dvth0_n_sphvt=-0.006,umc_mc_dvth0_p_sphvt=0) X","/OA_Charge (umc_mc_dvth0_n_splvt=0,umc_mc_dvth0_p_splvt=0.006,umc_mc_dvth0_n_sphvt=-0.006,umc_mc_dvth0_p_sphvt=0) Y","/OA_Charge (umc_mc_dvth0_n_splvt=0,umc_mc_dvth0_p_splvt=0.006,umc_mc_dvth0_n_sphvt=-0.006,umc_mc_dvth0_p_sphvt=0.006) X","/OA_Charge (umc_mc_dvth0_n_splvt=0,umc_mc_dvth0_p_splvt=0.006,umc_mc_dvth0_n_sphvt=-0.006,umc_mc_dvth0_p_sphvt=0.006) Y","/OA_Charge (umc_mc_dvth0_n_splvt=0,umc_mc_dvth0_p_splvt=0.006,umc_mc_dvth0_n_sphvt=0,umc_mc_dvth0_p_sphvt=-0.006) X","/OA_Charge (umc_mc_dvth0_n_splvt=0,umc_mc_dvth0_p_splvt=0.006,umc_mc_dvth0_n_sphvt=0,umc_mc_dvth0_p_sphvt=-0.006) Y","/OA_Charge (umc_mc_dvth0_n_splvt=0,umc_mc_dvth0_p_splvt=0.006,umc_mc_dvth0_n_sphvt=0,umc_mc_dvth0_p_sphvt=0) X","/OA_Charge (umc_mc_dvth0_n_splvt=0,umc_mc_dvth0_p_splvt=0.006,umc_mc_dvth0_n_sphvt=0,umc_mc_dvth0_p_sphvt=0) Y","/OA_Charge (umc_mc_dvth0_n_splvt=0,umc_mc_dvth0_p_splvt=0.006,umc_mc_dvth0_n_sphvt=0,umc_mc_dvth0_p_sphvt=0.006) X","/OA_Charge (umc_mc_dvth0_n_splvt=0,umc_mc_dvth0_p_splvt=0.006,umc_mc_dvth0_n_sphvt=0,umc_mc_dvth0_p_sphvt=0.006) Y","/OA_Charge (umc_mc_dvth0_n_splvt=0,umc_mc_dvth0_p_splvt=0.006,umc_mc_dvth0_n_sphvt=0.006,umc_mc_dvth0_p_sphvt=-0.006) X","/OA_Charge (umc_mc_dvth0_n_splvt=0,umc_mc_dvth0_p_splvt=0.006,umc_mc_dvth0_n_sphvt=0.006,umc_mc_dvth0_p_sphvt=-0.006) Y","/OA_Charge (umc_mc_dvth0_n_splvt=0,umc_mc_dvth0_p_splvt=0.006,umc_mc_dvth0_n_sphvt=0.006,umc_mc_dvth0_p_sphvt=0) X","/OA_Charge (umc_mc_dvth0_n_splvt=0,umc_mc_dvth0_p_splvt=0.006,umc_mc_dvth0_n_sphvt=0.006,umc_mc_dvth0_p_sphvt=0) Y","/OA_Charge (umc_mc_dvth0_n_splvt=0,umc_mc_dvth0_p_splvt=0.006,umc_mc_dvth0_n_sphvt=0.006,umc_mc_dvth0_p_sphvt=0.006) X","/OA_Charge (umc_mc_dvth0_n_splvt=0,umc_mc_dvth0_p_splvt=0.006,umc_mc_dvth0_n_sphvt=0.006,umc_mc_dvth0_p_sphvt=0.006) Y","/OA_Charge (umc_mc_dvth0_n_splvt=0.009,umc_mc_dvth0_p_splvt=-0.006,umc_mc_dvth0_n_sphvt=-0.006,umc_mc_dvth0_p_sphvt=-0.006) X","/OA_Charge (umc_mc_dvth0_n_splvt=0.009,umc_mc_dvth0_p_splvt=-0.006,umc_mc_dvth0_n_sphvt=-0.006,umc_mc_dvth0_p_sphvt=-0.006) Y","/OA_Charge (umc_mc_dvth0_n_splvt=0.009,umc_mc_dvth0_p_splvt=-0.006,umc_mc_dvth0_n_sphvt=-0.006,umc_mc_dvth0_p_sphvt=0) X","/OA_Charge (umc_mc_dvth0_n_splvt=0.009,umc_mc_dvth0_p_splvt=-0.006,umc_mc_dvth0_n_sphvt=-0.006,umc_mc_dvth0_p_sphvt=0) Y","/OA_Charge (umc_mc_dvth0_n_splvt=0.009,umc_mc_dvth0_p_splvt=-0.006,umc_mc_dvth0_n_sphvt=-0.006,umc_mc_dvth0_p_sphvt=0.006) X","/OA_Charge (umc_mc_dvth0_n_splvt=0.009,umc_mc_dvth0_p_splvt=-0.006,umc_mc_dvth0_n_sphvt=-0.006,umc_mc_dvth0_p_sphvt=0.006) Y","/OA_Charge (umc_mc_dvth0_n_splvt=0.009,umc_mc_dvth0_p_splvt=-0.006,umc_mc_dvth0_n_sphvt=0,umc_mc_dvth0_p_sphvt=-0.006) X","/OA_Charge (umc_mc_dvth0_n_splvt=0.009,umc_mc_dvth0_p_splvt=-0.006,umc_mc_dvth0_n_sphvt=0,umc_mc_dvth0_p_sphvt=-0.006) Y","/OA_Charge (umc_mc_dvth0_n_splvt=0.009,umc_mc_dvth0_p_splvt=-0.006,umc_mc_dvth0_n_sphvt=0,umc_mc_dvth0_p_sphvt=0) X","/OA_Charge (umc_mc_dvth0_n_splvt=0.009,umc_mc_dvth0_p_splvt=-0.006,umc_mc_dvth0_n_sphvt=0,umc_mc_dvth0_p_sphvt=0) Y","/OA_Charge (umc_mc_dvth0_n_splvt=0.009,umc_mc_dvth0_p_splvt=-0.006,umc_mc_dvth0_n_sphvt=0,umc_mc_dvth0_p_sphvt=0.006) X","/OA_Charge (umc_mc_dvth0_n_splvt=0.009,umc_mc_dvth0_p_splvt=-0.006,umc_mc_dvth0_n_sphvt=0,umc_mc_dvth0_p_sphvt=0.006) Y","/OA_Charge (umc_mc_dvth0_n_splvt=0.009,umc_mc_dvth0_p_splvt=-0.006,umc_mc_dvth0_n_sphvt=0.006,umc_mc_dvth0_p_sphvt=-0.006) X","/OA_Charge (umc_mc_dvth0_n_splvt=0.009,umc_mc_dvth0_p_splvt=-0.006,umc_mc_dvth0_n_sphvt=0.006,umc_mc_dvth0_p_sphvt=-0.006) Y","/OA_Charge (umc_mc_dvth0_n_splvt=0.009,umc_mc_dvth0_p_splvt=-0.006,umc_mc_dvth0_n_sphvt=0.006,umc_mc_dvth0_p_sphvt=0) X","/OA_Charge (umc_mc_dvth0_n_splvt=0.009,umc_mc_dvth0_p_splvt=-0.006,umc_mc_dvth0_n_sphvt=0.006,umc_mc_dvth0_p_sphvt=0) Y","/OA_Charge (umc_mc_dvth0_n_splvt=0.009,umc_mc_dvth0_p_splvt=-0.006,umc_mc_dvth0_n_sphvt=0.006,umc_mc_dvth0_p_sphvt=0.006) X","/OA_Charge (umc_mc_dvth0_n_splvt=0.009,umc_mc_dvth0_p_splvt=-0.006,umc_mc_dvth0_n_sphvt=0.006,umc_mc_dvth0_p_sphvt=0.006) Y","/OA_Charge (umc_mc_dvth0_n_splvt=0.009,umc_mc_dvth0_p_splvt=0,umc_mc_dvth0_n_sphvt=-0.006,umc_mc_dvth0_p_sphvt=-0.006) X","/OA_Charge (umc_mc_dvth0_n_splvt=0.009,umc_mc_dvth0_p_splvt=0,umc_mc_dvth0_n_sphvt=-0.006,umc_mc_dvth0_p_sphvt=-0.006) Y","/OA_Charge (umc_mc_dvth0_n_splvt=0.009,umc_mc_dvth0_p_splvt=0,umc_mc_dvth0_n_sphvt=-0.006,umc_mc_dvth0_p_sphvt=0) X","/OA_Charge (umc_mc_dvth0_n_splvt=0.009,umc_mc_dvth0_p_splvt=0,umc_mc_dvth0_n_sphvt=-0.006,umc_mc_dvth0_p_sphvt=0) Y","/OA_Charge (umc_mc_dvth0_n_splvt=0.009,umc_mc_dvth0_p_splvt=0,umc_mc_dvth0_n_sphvt=-0.006,umc_mc_dvth0_p_sphvt=0.006) X","/OA_Charge (umc_mc_dvth0_n_splvt=0.009,umc_mc_dvth0_p_splvt=0,umc_mc_dvth0_n_sphvt=-0.006,umc_mc_dvth0_p_sphvt=0.006) Y","/OA_Charge (umc_mc_dvth0_n_splvt=0.009,umc_mc_dvth0_p_splvt=0,umc_mc_dvth0_n_sphvt=0,umc_mc_dvth0_p_sphvt=-0.006) X","/OA_Charge (umc_mc_dvth0_n_splvt=0.009,umc_mc_dvth0_p_splvt=0,umc_mc_dvth0_n_sphvt=0,umc_mc_dvth0_p_sphvt=-0.006) Y","/OA_Charge (umc_mc_dvth0_n_splvt=0.009,umc_mc_dvth0_p_splvt=0,umc_mc_dvth0_n_sphvt=0,umc_mc_dvth0_p_sphvt=0) X","/OA_Charge (umc_mc_dvth0_n_splvt=0.009,umc_mc_dvth0_p_splvt=0,umc_mc_dvth0_n_sphvt=0,umc_mc_dvth0_p_sphvt=0) Y","/OA_Charge (umc_mc_dvth0_n_splvt=0.009,umc_mc_dvth0_p_splvt=0,umc_mc_dvth0_n_sphvt=0,umc_mc_dvth0_p_sphvt=0.006) X","/OA_Charge (umc_mc_dvth0_n_splvt=0.009,umc_mc_dvth0_p_splvt=0,umc_mc_dvth0_n_sphvt=0,umc_mc_dvth0_p_sphvt=0.006) Y","/OA_Charge (umc_mc_dvth0_n_splvt=0.009,umc_mc_dvth0_p_splvt=0,umc_mc_dvth0_n_sphvt=0.006,umc_mc_dvth0_p_sphvt=-0.006) X","/OA_Charge (umc_mc_dvth0_n_splvt=0.009,umc_mc_dvth0_p_splvt=0,umc_mc_dvth0_n_sphvt=0.006,umc_mc_dvth0_p_sphvt=-0.006) Y","/OA_Charge (umc_mc_dvth0_n_splvt=0.009,umc_mc_dvth0_p_splvt=0,umc_mc_dvth0_n_sphvt=0.006,umc_mc_dvth0_p_sphvt=0) X","/OA_Charge (umc_mc_dvth0_n_splvt=0.009,umc_mc_dvth0_p_splvt=0,umc_mc_dvth0_n_sphvt=0.006,umc_mc_dvth0_p_sphvt=0) Y","/OA_Charge (umc_mc_dvth0_n_splvt=0.009,umc_mc_dvth0_p_splvt=0,umc_mc_dvth0_n_sphvt=0.006,umc_mc_dvth0_p_sphvt=0.006) X","/OA_Charge (umc_mc_dvth0_n_splvt=0.009,umc_mc_dvth0_p_splvt=0,umc_mc_dvth0_n_sphvt=0.006,umc_mc_dvth0_p_sphvt=0.006) Y","/OA_Charge (umc_mc_dvth0_n_splvt=0.009,umc_mc_dvth0_p_splvt=0.006,umc_mc_dvth0_n_sphvt=-0.006,umc_mc_dvth0_p_sphvt=-0.006) X","/OA_Charge (umc_mc_dvth0_n_splvt=0.009,umc_mc_dvth0_p_splvt=0.006,umc_mc_dvth0_n_sphvt=-0.006,umc_mc_dvth0_p_sphvt=-0.006) Y","/OA_Charge (umc_mc_dvth0_n_splvt=0.009,umc_mc_dvth0_p_splvt=0.006,umc_mc_dvth0_n_sphvt=-0.006,umc_mc_dvth0_p_sphvt=0) X","/OA_Charge (umc_mc_dvth0_n_splvt=0.009,umc_mc_dvth0_p_splvt=0.006,umc_mc_dvth0_n_sphvt=-0.006,umc_mc_dvth0_p_sphvt=0) Y","/OA_Charge (umc_mc_dvth0_n_splvt=0.009,umc_mc_dvth0_p_splvt=0.006,umc_mc_dvth0_n_sphvt=-0.006,umc_mc_dvth0_p_sphvt=0.006) X","/OA_Charge (umc_mc_dvth0_n_splvt=0.009,umc_mc_dvth0_p_splvt=0.006,umc_mc_dvth0_n_sphvt=-0.006,umc_mc_dvth0_p_sphvt=0.006) Y","/OA_Charge (umc_mc_dvth0_n_splvt=0.009,umc_mc_dvth0_p_splvt=0.006,umc_mc_dvth0_n_sphvt=0,umc_mc_dvth0_p_sphvt=-0.006) X","/OA_Charge (umc_mc_dvth0_n_splvt=0.009,umc_mc_dvth0_p_splvt=0.006,umc_mc_dvth0_n_sphvt=0,umc_mc_dvth0_p_sphvt=-0.006) Y","/OA_Charge (umc_mc_dvth0_n_splvt=0.009,umc_mc_dvth0_p_splvt=0.006,umc_mc_dvth0_n_sphvt=0,umc_mc_dvth0_p_sphvt=0) X","/OA_Charge (umc_mc_dvth0_n_splvt=0.009,umc_mc_dvth0_p_splvt=0.006,umc_mc_dvth0_n_sphvt=0,umc_mc_dvth0_p_sphvt=0) Y","/OA_Charge (umc_mc_dvth0_n_splvt=0.009,umc_mc_dvth0_p_splvt=0.006,umc_mc_dvth0_n_sphvt=0,umc_mc_dvth0_p_sphvt=0.006) X","/OA_Charge (umc_mc_dvth0_n_splvt=0.009,umc_mc_dvth0_p_splvt=0.006,umc_mc_dvth0_n_sphvt=0,umc_mc_dvth0_p_sphvt=0.006) Y","/OA_Charge (umc_mc_dvth0_n_splvt=0.009,umc_mc_dvth0_p_splvt=0.006,umc_mc_dvth0_n_sphvt=0.006,umc_mc_dvth0_p_sphvt=-0.006) X","/OA_Charge (umc_mc_dvth0_n_splvt=0.009,umc_mc_dvth0_p_splvt=0.006,umc_mc_dvth0_n_sphvt=0.006,umc_mc_dvth0_p_sphvt=-0.006) Y","/OA_Charge (umc_mc_dvth0_n_splvt=0.009,umc_mc_dvth0_p_splvt=0.006,umc_mc_dvth0_n_sphvt=0.006,umc_mc_dvth0_p_sphvt=0) X","/OA_Charge (umc_mc_dvth0_n_splvt=0.009,umc_mc_dvth0_p_splvt=0.006,umc_mc_dvth0_n_sphvt=0.006,umc_mc_dvth0_p_sphvt=0) Y","/OA_Charge (umc_mc_dvth0_n_splvt=0.009,umc_mc_dvth0_p_splvt=0.006,umc_mc_dvth0_n_sphvt=0.006,umc_mc_dvth0_p_sphvt=0.006) X","/OA_Charge (umc_mc_dvth0_n_splvt=0.009,umc_mc_dvth0_p_splvt=0.006,umc_mc_dvth0_n_sphvt=0.006,umc_mc_dvth0_p_sphvt=0.006) Y"
nom,nom,nom,nom,nom,nom,nom,nom,nom,nom,nom,nom,nom,nom,nom,nom,nom,nom,nom,nom,nom,nom,nom,nom,nom,nom,nom,nom,nom,nom,nom,nom,nom,nom,nom,nom,nom,nom,nom,nom,nom,nom,nom,nom,nom,nom,nom,nom,nom,nom,nom,nom,nom,nom,nom,nom,nom,nom,nom,nom,nom,nom,nom,nom,nom,nom,nom,nom,nom,nom,nom,nom,nom,nom,nom,nom,nom,nom,nom,nom,nom,nom,nom,nom,nom,nom,nom,nom,nom,nom,nom,nom,nom,nom,nom,nom,nom,nom,nom,nom,nom,nom,nom,nom,nom,nom,nom,nom,nom,nom,nom,nom,nom,nom,nom,nom,nom,nom,nom,nom,nom,nom,nom,nom,nom,nom,nom,nom,nom,nom,nom,nom,nom,nom,nom,nom,nom,nom,nom,nom,nom,nom,nom,nom,nom,nom,nom,nom,nom,nom,nom,nom,nom,nom,nom,nom,nom,nom,nom,nom,nom,nom
0,0,0,0,0,0,0,0,0,0,0,0,0,0,0,0,0,0,0,0,0,0,0,0,0,0,0,0,0,0,0,0,0,0,0,0,0,0,0,0,0,0,0,0,0,0,0,0,0,0,0,0,0,0,0,0,0,0,0,0,0,0,0,0,0,0,0,0,0,0,0,0,0,0,0,0,0,0,0,0,0,0,0,0,0,0,0,0,0,0,0,0,0,0,0,0,0,0,0,0,0,0,0,0,0,0,0,0,0,0,0,0,0,0,0,0,0,0,0,0,0,0,0,0,0,0,0,0,0,0,0,0,0,0,0,0,0,0,0,0,0,0,0,0,0,0,0,0,0,0,0,0,0,0,0,0,0,0,0,0,0,0
8e-10,-9.127143623587228e-15,8e-10,-9.125250278912089e-15,8e-10,-9.123261450404059e-15,8e-10,-9.127143623587228e-15,8e-10,-9.125250278912089e-15,8e-10,-9.123261450404059e-15,8e-10,-9.127143623587228e-15,8e-10,-9.125250278912089e-15,8e-10,-9.123261450404059e-15,8e-10,-1.34303649712364e-14,8e-10,-1.342641900107564e-14,8e-10,-1.342149004374249e-14,8e-10,-1.34303649712364e-14,8e-10,-1.342641900107564e-14,8e-10,-1.342149004374249e-14,8e-10,-1.34303649712364e-14,8e-10,-1.342641900107564e-14,8e-10,-1.342149004374249e-14,8e-10,-1.323984911003724e-14,8e-10,-1.323164650428779e-14,8e-10,-1.322734893687626e-14,8e-10,-1.323984911003724e-14,8e-10,-1.323164650428779e-14,8e-10,-1.322734893687626e-14,8e-10,-1.323984911003724e-14,8e-10,-1.323164650428779e-14,8e-10,-1.322734893687626e-14,8e-10,-1.777946386048875e-14,8e-10,-1.777312282314302e-14,8e-10,-1.77662933478037e-14,8e-10,-1.777946386048875e-14,8e-10,-1.777312282314302e-14,8e-10,-1.77662933478037e-14,8e-10,-1.777946386048875e-14,8e-10,-1.777312282314302e-14,8e-10,-1.77662933478037e-14,8e-10,-8.367548709861199e-15,8e-10,-8.365371540821965e-15,8e-10,-8.363681887409781e-15,8e-10,-8.367548709861199e-15,8e-10,-8.365371540821965e-15,8e-10,-8.363681887409781e-15,8e-10,-8.367548709861199e-15,8e-10,-8.365371540821965e-15,8e-10,-8.363681887409781e-15,8e-10,-1.561699812704906e-14,8e-10,-1.561276681497071e-14,8e-10,-1.560776665055906e-14,8e-10,-1.561699812704906e-14,8e-10,-1.561276681497071e-14,8e-10,-1.560776665055906e-14,8e-10,-1.561699812704906e-14,8e-10,-1.561276681497071e-14,8e-10,-1.560776665055906e-14,8e-10,-1.298950162627179e-10,8e-10,-6.170192124873996e-15,8e-10,-6.169446756367825e-15,8e-10,-1.298950162627179e-10,8e-10,-6.170192124873996e-15,8e-10,-6.169446756367825e-15,8e-10,-1.298950162627179e-10,8e-10,-6.170192124873996e-15,8e-10,-6.169446756367825e-15,8e-10,-5.54097602250296e-15,8e-10,-5.540645639309682e-15,8e-10,-5.52999300527416e-15,8e-10,-5.54097602250296e-15,8e-10,-5.540645639309682e-15,8e-10,-5.52999300527416e-15,8e-10,-5.54097602250296e-15,8e-10,-5.540645639309682e-15,8e-10,-5.52999300527416e-15,8e-10,-3.910500516757867e-11,8e-10,-3.865016575649421e-11,8e-10,-3.815815925382346e-11,8e-10,-3.910500516757867e-11,8e-10,-3.865016575649421e-11,8e-10,-3.815815925382346e-11,8e-10,-3.910500516757867e-11,8e-10,-3.865016575649421e-11,8e-10,-3.815815925382346e-11
2.4e-09,-1.189793194106303e-14,2.4e-09,-1.189589147935039e-14,2.4e-09,-1.189413161374109e-14,2.4e-09,-1.189793194106303e-14,2.4e-09,-1.189589147935039e-14,2.4e-09,-1.189413161374109e-14,2.4e-09,-1.189793194106303e-14,2.4e-09,-1.189589147935039e-14,2.4e-09,-1.189413161374109e-14,2.4e-09,-1.735459595238921e-14,2.4e-09,-1.735083717736843e-14,2.4e-09,-1.734578824401263e-14,2.4e-09,-1.735459595238921e-14,2.4e-09,-1.735083717736843e-14,2.4e-09,-1.734578824401263e-14,2.4e-09,-1.735459595238921e-14,2.4e-09,-1.735083717736843e-14,2.4e-09,-1.734578824401263e-14,2.4e-09,-1.619871942028193e-14,2.4e-09,-1.619010078285911e-14,2.4e-09,-1.61853913124314e-14,2.4e-09,-1.619871942028193e-14,2.4e-09,-1.619010078285911e-14,2.4e-09,-1.61853913124314e-14,2.4e-09,-1.619871942028193e-14,2.4e-09,-1.619010078285911e-14,2.4e-09,-1.61853913124314e-14,2.4e-09,-2.113960225298189e-14,2.4e-09,-2.113219137271412e-14,2.4e-09,-2.112508271054082e-14,2.4e-09,-2.113960225298189e-14,2.4e-09,-2.113219137271412e-14,2.4e-09,-2.112508271054082e-14,2.4e-09,-2.113960225298189e-14,2.4e-09,-2.113219137271412e-14,2.4e-09,-2.112508271054082e-14,2.4e-09,-1.078698446951053e-14,2.4e-09,-1.078496286067391e-14,2.4e-09,-1.078399470385228e-14,2.4e-09,-1.078698446951053e-14,2.4e-09,-1.078496286067391e-14,2.4e-09,-1.078399470385228e-14,2.4e-09,-1.078698446951053e-14,2.4e-09,-1.078496286067391e-14,2.4e-09,-1.078399470385228e-14,2.4e-09,-1.955617955789346e-14,2.4e-09,-1.955137634757761e-14,2.4e-09,-1.95467561070406e-14,2.4e-09,-1.955617955789346e-14,2.4e-09,-1.955137634757761e-14,2.4e-09,-1.95467561070406e-14,2.4e-09,-1.955617955789346e-14,2.4e-09,-1.955137634757761e-14,2.4e-09,-1.95467561070406e-14,2.4e-09,-1.269778765387104e-10,2.4e-09,-8.844037204722971e-15,2.4e-09,-8.842984042399556e-15,2.4e-09,-1.269778765387104e-10,2.4e-09,-8.844037204722971e-15,2.4e-09,-8.842984042399556e-15,2.4e-09,-1.269778765387104e-10,2.4e-09,-8.844037204722971e-15,2.4e-09,-8.842984042399556e-15,2.4e-09,-1.049385941904627e-14,2.4e-09,-1.049297553521428e-14,2.4e-09,-1.048275411937025e-14,2.4e-09,-1.049385941904627e-14,2.4e-09,-1.049297553521428e-14,2.4e-09,-1.048275411937025e-14,2.4e-09,-1.049385941904627e-14,2.4e-09,-1.049297553521428e-14,2.4e-09,-1.048275411937025e-14,2.4e-09,-3.827587850975117e-11,2.4e-09,-3.783187925694651e-11,2.4e-09,-3.73516020289325e-11,2.4e-09,-3.827587850975117e-11,2.4e-09,-3.783187925694651e-11,2.4e-09,-3.73516020289325e-11,2.4e-09,-3.827587850975117e-11,2.4e-09,-3.783187925694651e-11,2.4e-09,-3.73516020289325e-11
5.6e-09,-1.885833310649464e-14,5.6e-09,-1.751949922054559e-14,5.6e-09,-1.936211703003495e-14,5.6e-09,-1.885833310649464e-14,5.6e-09,-1.751949922054559e-14,5.6e-09,-1.936211703003495e-14,5.6e-09,-1.885833310649464e-14,5.6e-09,-1.751949922054559e-14,5.6e-09,-1.936211703003495e-14,5.6e-09,-2.261986194824767e-14,5.6e-09,-2.108871369846221e-14,5.6e-09,-2.264815740249706e-14,5.6e-09,-2.261986194824767e-14,5.6e-09,-2.108871369846221e-14,5.6e-09,-2.264815740249706e-14,5.6e-09,-2.261986194824767e-14,5.6e-09,-2.108871369846221e-14,5.6e-09,-2.264815740249706e-14,5.6e-09,-2.10315729406195e-14,5.6e-09,-2.040790999809534e-14,5.6e-09,-2.132633320208598e-14,5.6e-09,-2.10315729406195e-14,5.6e-09,-2.040790999809534e-14,5.6e-09,-2.132633320208598e-14,5.6e-09,-2.10315729406195e-14,5.6e-09,-2.040790999809534e-14,5.6e-09,-2.132633320208598e-14,5.6e-09,-2.89312819471323e-14,5.6e-09,-2.859748345314218e-14,5.6e-09,-2.976529369053375e-14,5.6e-09,-2.89312819471323e-14,5.6e-09,-2.859748345314218e-14,5.6e-09,-2.976529369053375e-14,5.6e-09,-2.89312819471323e-14,5.6e-09,-2.859748345314218e-14,5.6e-09,-2.976529369053375e-14,5.6e-09,-1.769828630885008e-14,5.6e-09,-1.648059683064109e-14,5.6e-09,-2.022106395323796e-14,5.6e-09,-1.769828630885008e-14,5.6e-09,-1.648059683064109e-14,5.6e-09,-2.022106395323796e-14,5.6e-09,-1.769828630885008e-14,5.6e-09,-1.648059683064109e-14,5.6e-09,-2.022106395323796e-14,5.6e-09,-2.568235487552459e-14,5.6e-09,-2.749507701922536e-14,5.6e-09,-3.107726569513696e-14,5.6e-09,-2.568235487552459e-14,5.6e-09,-2.749507701922536e-14,5.6e-09,-3.107726569513696e-14,5.6e-09,-2.568235487552459e-14,5.6e-09,-2.749507701922536e-14,5.6e-09,-3.107726569513696e-14,5.6e-09,-1.353281836195256e-10,5.6e-09,-1.250600684698409e-14,5.6e-09,-1.468863713365555e-14,5.6e-09,-1.353281836195256e-10,5.6e-09,-1.250600684698409e-14,5.6e-09,-1.468863713365555e-14,5.6e-09,-1.353281836195256e-10,5.6e-09,-1.250600684698409e-14,5.6e-09,-1.468863713365555e-14,5.6e-09,-1.727432509481743e-14,5.6e-09,-1.869657171158612e-14,5.6e-09,-1.446095353658949e-14,5.6e-09,-1.727432509481743e-14,5.6e-09,-1.869657171158612e-14,5.6e-09,-1.446095353658949e-14,5.6e-09,-1.727432509481743e-14,5.6e-09,-1.869657171158612e-14,5.6e-09,-1.446095353658949e-14,5.6e-09,-4.079582130708589e-11,5.6e-09,-4.032221241256575e-11,5.6e-09,-3.981572053795538e-11,5.6e-09,-4.079582130708589e-11,5.6e-09,-4.032221241256575e-11,5.6e-09,-3.981572053795538e-11,5.6e-09,-4.079582130708589e-11,5.6e-09,-4.032221241256575e-11,5.6e-09,-3.981572053795538e-11
1.2e-08,-2.850180421346635e-14,1.2e-08,-1.872169396917318e-14,1.2e-08,-3.19235668900381e-14,1.2e-08,-2.850180421346635e-14,1.2e-08,-1.872169396917318e-14,1.2e-08,-3.19235668900381e-14,1.2e-08,-2.850180421346635e-14,1.2e-08,-1.872169396917318e-14,1.2e-08,-3.19235668900381e-14,1.2e-08,-2.479769877816141e-14,1.2e-08,-2.269400342727703e-14,1.2e-08,-3.047242829310254e-14,1.2e-08,-2.479769877816141e-14,1.2e-08,-2.269400342727703e-14,1.2e-08,-3.047242829310254e-14,1.2e-08,-2.479769877816141e-14,1.2e-08,-2.269400342727703e-14,1.2e-08,-3.047242829310254e-14,1.2e-08,-3.084156214800729e-14,1.2e-08,-2.406666031479448e-14,1.2e-08,-3.360131095246749e-14,1.2e-08,-3.084156214800729e-14,1.2e-08,-2.406666031479448e-14,1.2e-08,-3.360131095246749e-14,1.2e-08,-3.084156214800729e-14,1.2e-08,-2.406666031479448e-14,1.2e-08,-3.360131095246749e-14,1.2e-08,-3.861283753547654e-14,1.2e-08,-3.339436305429105e-14,1.2e-08,-3.975769766119882e-14,1.2e-08,-3.861283753547654e-14,1.2e-08,-3.339436305429105e-14,1.2e-08,-3.975769766119882e-14,1.2e-08,-3.861283753547654e-14,1.2e-08,-3.339436305429105e-14,1.2e-08,-3.975769766119882e-14,1.2e-08,-3.225958894277507e-14,1.2e-08,-3.603859918039783e-14,1.2e-08,-3.293226574853025e-14,1.2e-08,-3.225958894277507e-14,1.2e-08,-3.603859918039783e-14,1.2e-08,-3.293226574853025e-14,1.2e-08,-3.225958894277507e-14,1.2e-08,-3.603859918039783e-14,1.2e-08,-3.293226574853025e-14,1.2e-08,-3.111331130052625e-14,1.2e-08,-4.003814657291986e-14,1.2e-08,-3.93578767585674e-14,1.2e-08,-3.111331130052625e-14,1.2e-08,-4.003814657291986e-14,1.2e-08,-3.93578767585674e-14,1.2e-08,-3.111331130052625e-14,1.2e-08,-4.003814657291986e-14,1.2e-08,-3.93578767585674e-14,1.2e-08,-1.366194546432142e-10,1.2e-08,-3.14732196123048e-14,1.2e-08,-3.228876836799696e-14,1.2e-08,-1.366194546432142e-10,1.2e-08,-3.14732196123048e-14,1.2e-08,-3.228876836799696e-14,1.2e-08,-1.366194546432142e-10,1.2e-08,-3.14732196123048e-14,1.2e-08,-3.228876836799696e-14,1.2e-08,-1.651347770719464e-14,1.2e-08,-1.988113671224348e-14,1.2e-08,-1.573277526207707e-14,1.2e-08,-1.651347770719464e-14,1.2e-08,-1.988113671224348e-14,1.2e-08,-1.573277526207707e-14,1.2e-08,-1.651347770719464e-14,1.2e-08,-1.988113671224348e-14,1.2e-08,-1.573277526207707e-14,1.2e-08,-4.117488841536266e-11,1.2e-08,-4.070857156648762e-11,1.2e-08,-4.019350514718461e-11,1.2e-08,-4.117488841536266e-11,1.2e-08,-4.070857156648762e-11,1.2e-08,-4.019350514718461e-11,1.2e-08,-4.117488841536266e-11,1.2e-08,-4.070857156648762e-11,1.2e-08,-4.019350514718461e-11
2.48e-08,-3.320717327084807e-14,2.48e-08,-2.716108023096226e-14,2.48e-08,-4.094990773745696e-14,2.48e-08,-3.320717327084807e-14,2.48e-08,-2.716108023096226e-14,2.48e-08,-4.094990773745696e-14,2.48e-08,-3.320717327084807e-14,2.48e-08,-2.716108023096226e-14,2.48e-08,-4.094990773745696e-14,2.48e-08,-2.096527461542065e-14,2.48e-08,-2.015999454855905e-14,2.48e-08,-4.580220815344615e-14,2.48e-08,-2.096527461542065e-14,2.48e-08,-2.015999454855905e-14,2.48e-08,-4.580220815344615e-14,2.48e-08,-2.096527461542065e-14,2.48e-08,-2.015999454855905e-14,2.48e-08,-4.580220815344615e-14,2.48e-08,-1.122607280969567e-14,2.48e-08,-1.894384934703461e-14,2.48e-08,-4.221671356724882e-14,2.48e-08,-1.122607280969567e-14,2.48e-08,-1.894384934703461e-14,2.48e-08,-4.221671356724882e-14,2.48e-08,-1.122607280969567e-14,2.48e-08,-1.894384934703461e-14,2.48e-08,-4.221671356724882e-14,2.48e-08,-6.894470652909212e-14,2.48e-08,-5.776502237444664e-14,2.48e-08,-4.567674231790036e-14,2.48e-08,-6.894470652909212e-14,2.48e-08,-5.776502237444664e-14,2.48e-08,-4.567674231790036e-14,2.48e-08,-6.894470652909212e-14,2.48e-08,-5.776502237444664e-14,2.48e-08,-4.567674231790036e-14,2.48e-08,-5.351917061475274e-14,2.48e-08,-4.277904412261615e-14,2.48e-08,-5.530719676684053e-14,2.48e-08,-5.351917061475274e-14,2.48e-08,-4.277904412261615e-14,2.48e-08,-5.530719676684053e-14,2.48e-08,-5.351917061475274e-14,2.48e-08,-4.277904412261615e-14,2.48e-08,-5.530719676684053e-14,2.48e-08,-3.881717885382393e-14,2.48e-08,-4.324237473872008e-14,2.48e-08,-5.140713189381994e-14,2.48e-08,-3.881717885382393e-14,2.48e-08,-4.324237473872008e-14,2.48e-08,-5.140713189381994e-14,2.48e-08,-3.881717885382393e-14,2.48e-08,-4.324237473872008e-14,2.48e-08,-5.140713189381994e-14,2.48e-08,-1.35333960207142e-10,2.48e-08,-5.194823671423505e-14,2.48e-08,-4.690150368043396e-14,2.48e-08,-1.35333960207142e-10,2.48e-08,-5.194823671423505e-14,2.48e-08,-4.690150368043396e-14,2.48e-08,-1.35333960207142e-10,2.48e-08,-5.194823671423505e-14,2.48e-08,-4.690150368043396e-14,2.48e-08,-3.995405976487607e-14,2.48e-08,-2.038548241129758e-14,2.48e-08,-2.438312364499847e-14,2.48e-08,-3.995405976487607e-14,2.48e-08,-2.038548241129758e-14,2.48e-08,-2.438312364499847e-14,2.48e-08,-3.995405976487607e-14,2.48e-08,-2.038548241129758e-14,2.48e-08,-2.438312364499847e-14,2.48e-08,-4.077979607979677e-11,2.48e-08,-4.033995108658663e-11,2.48e-08,-3.982699409167068e-11,2.48e-08,-4.077979607979677e-11,2.48e-08,-4.033995108658663e-11,2.48e-08,-3.982699409167068e-11,2.48e-08,-4.077979607979677e-11,2.48e-08,-4.033995108658663e-11,2.48e-08,-3.982699409167068e-11
3.74e-08,-5.24961241424994e-14,3.74e-08,-2.615665952103168e-14,3.74e-08,-3.413400518163857e-14,3.74e-08,-5.24961241424994e-14,3.74e-08,-2.615665952103168e-14,3.74e-08,-3.413400518163857e-14,3.74e-08,-5.24961241424994e-14,3.74e-08,-2.615665952103168e-14,3.74e-08,-3.413400518163857e-14,3.74e-08,-2.424909853537596e-14,3.74e-08,-1.281638081559771e-14,3.74e-08,-4.837954114437972e-14,3.74e-08,-2.424909853537596e-14,3.74e-08,-1.281638081559771e-14,3.74e-08,-4.837954114437972e-14,3.74e-08,-2.424909853537596e-14,3.74e-08,-1.281638081559771e-14,3.74e-08,-4.837954114437972e-14,3.74e-08,-1.094782947941709e-14,3.74e-08,-2.930156913497177e-14,3.74e-08,-3.744057770476533e-14,3.74e-08,-1.094782947941709e-14,3.74e-08,-2.930156913497177e-14,3.74e-08,-3.744057770476533e-14,3.74e-08,-1.094782947941709e-14,3.74e-08,-2.930156913497177e-14,3.74e-08,-3.744057770476533e-14,3.74e-08,-7.292728631939444e-14,3.74e-08,-4.954076895925777e-14,3.74e-08,-5.571578967791617e-14,3.74e-08,-7.292728631939444e-14,3.74e-08,-4.954076895925777e-14,3.74e-08,-5.571578967791617e-14,3.74e-08,-7.292728631939444e-14,3.74e-08,-4.954076895925777e-14,3.74e-08,-5.571578967791617e-14,3.74e-08,-6.019794486050366e-14,3.74e-08,-5.855388755652117e-14,3.74e-08,-5.498389249612653e-14,3.74e-08,-6.019794486050366e-14,3.74e-08,-5.855388755652117e-14,3.74e-08,-5.498389249612653e-14,3.74e-08,-6.019794486050366e-14,3.74e-08,-5.855388755652117e-14,3.74e-08,-5.498389249612653e-14,3.74e-08,-4.576398005383332e-14,3.74e-08,-2.910135406582479e-14,3.74e-08,-6.732678795609371e-14,3.74e-08,-4.576398005383332e-14,3.74e-08,-2.910135406582479e-14,3.74e-08,-6.732678795609371e-14,3.74e-08,-4.576398005383332e-14,3.74e-08,-2.910135406582479e-14,3.74e-08,-6.732678795609371e-14,3.74e-08,-1.362276791092172e-10,3.74e-08,-4.144032111795527e-14,3.74e-08,-7.728691797660686e-14,3.74e-08,-1.362276791092172e-10,3.74e-08,-4.144032111795527e-14,3.74e-08,-7.728691797660686e-14,3.74e-08,-1.362276791092172e-10,3.74e-08,-4.144032111795527e-14,3.74e-08,-7.728691797660686e-14,3.74e-08,-1.629507857418217e-14,3.74e-08,-2.779483639124833e-14,3.74e-08,-3.052972202369519e-14,3.74e-08,-1.629507857418217e-14,3.74e-08,-2.779483639124833e-14,3.74e-08,-3.052972202369519e-14,3.74e-08,-1.629507857418217e-14,3.74e-08,-2.779483639124833e-14,3.74e-08,-3.052972202369519e-14,3.74e-08,-4.107125496679955e-11,3.74e-08,-4.058647454173499e-11,3.74e-08,-4.007198692534878e-11,3.74e-08,-4.107125496679955e-11,3.74e-08,-4.058647454173499e-11,3.74e-08,-4.007198692534878e-11,3.74e-08,-4.107125496679955e-11,3.74e-08,-4.058647454173499e-11,3.74e-08,-4.007198692534878e-11
5e-08,-5.379542445709764e-14,5e-08,-1.41331571529043e-14,5e-08,-3.671029805770746e-14,5e-08,-5.379542445709764e-14,5e-08,-1.41331571529043e-14,5e-08,-3.671029805770746e-14,5e-08,-5.379542445709764e-14,5e-08,-1.41331571529043e-14,5e-08,-3.671029805770746e-14,5e-08,-1.864386776616013e-14,5e-08,-1.963638581318477e-14,5e-08,-3.55954064150032e-14,5e-08,-1.864386776616013e-14,5e-08,-1.963638581318477e-14,5e-08,-3.55954064150032e-14,5e-08,-1.864386776616013e-14,5e-08,-1.963638581318477e-14,5e-08,-3.55954064150032e-14,5e-08,-2.271171332094525e-14,5e-08,-3.133385136286616e-14,5e-08,-3.619088406019512e-14,5e-08,-2.271171332094525e-14,5e-08,-3.133385136286616e-14,5e-08,-3.619088406019512e-14,5e-08,-2.271171332094525e-14,5e-08,-3.133385136286616e-14,5e-08,-3.619088406019512e-14,5e-08,-6.533143575483806e-14,5e-08,-4.738829341131573e-14,5e-08,-6.568134075465421e-14,5e-08,-6.533143575483806e-14,5e-08,-4.738829341131573e-14,5e-08,-6.568134075465421e-14,5e-08,-6.533143575483806e-14,5e-08,-4.738829341131573e-14,5e-08,-6.568134075465421e-14,5e-08,-6.567679942854563e-14,5e-08,-6.04213283138984e-14,5e-08,-6.59848664283087e-14,5e-08,-6.567679942854563e-14,5e-08,-6.04213283138984e-14,5e-08,-6.59848664283087e-14,5e-08,-6.567679942854563e-14,5e-08,-6.04213283138984e-14,5e-08,-6.59848664283087e-14,5e-08,-2.629453691077683e-14,5e-08,-1.423353462340111e-14,5e-08,-5.084660709118235e-14,5e-08,-2.629453691077683e-14,5e-08,-1.423353462340111e-14,5e-08,-5.084660709118235e-14,5e-08,-2.629453691077683e-14,5e-08,-1.423353462340111e-14,5e-08,-5.084660709118235e-14,5e-08,-1.351458795673348e-10,5e-08,-7.149148801346341e-14,5e-08,-9.060360363883417e-14,5e-08,-1.351458795673348e-10,5e-08,-7.149148801346341e-14,5e-08,-9.060360363883417e-14,5e-08,-1.351458795673348e-10,5e-08,-7.149148801346341e-14,5e-08,-9.060360363883417e-14,5e-08,-2.589455339229532e-14,5e-08,-2.477253561791093e-14,5e-08,-1.810630593853703e-14,5e-08,-2.589455339229532e-14,5e-08,-2.477253561791093e-14,5e-08,-1.810630593853703e-14,5e-08,-2.589455339229532e-14,5e-08,-2.477253561791093e-14,5e-08,-1.810630593853703e-14,5e-08,-4.073410874016305e-11,5e-08,-4.027148239766483e-11,5e-08,-3.975830905101886e-11,5e-08,-4.073410874016305e-11,5e-08,-4.027148239766483e-11,5e-08,-3.975830905101886e-11,5e-08,-4.073410874016305e-11,5e-08,-4.027148239766483e-11,5e-08,-3.975830905101886e-11
5.0025e-08,1.097301332660125e-09,5.0025e-08,1.097346827353756e-09,5.0025e-08,1.097356715480446e-09,5.0025e-08,1.097301332660125e-09,5.0025e-08,1.097346827353756e-09,5.0025e-08,1.097356715480446e-09,5.0025e-08,1.097301332660125e-09,5.0025e-08,1.097346827353756e-09,5.0025e-08,1.097356715480446e-09,5.0025e-08,1.089839746796659e-09,5.0025e-08,1.089847393159446e-09,5.0025e-08,1.089862587618877e-09,5.0025e-08,1.089839746796659e-09,5.0025e-08,1.089847393159446e-09,5.0025e-08,1.089862587618877e-09,5.0025e-08,1.089839746796659e-09,5.0025e-08,1.089847393159446e-09,5.0025e-08,1.089862587618877e-09,5.0025e-08,1.082645520925052e-09,5.0025e-08,1.082638614339029e-09,5.0025e-08,1.082666231075142e-09,5.0025e-08,1.082645520925052e-09,5.0025e-08,1.082638614339029e-09,5.0025e-08,1.082666231075142e-09,5.0025e-08,1.082645520925052e-09,5.0025e-08,1.082638614339029e-09,5.0025e-08,1.082666231075142e-09,5.0025e-08,1.910119991848228e-09,5.0025e-08,1.910105373610507e-09,5.0025e-08,1.910121508762731e-09,5.0025e-08,1.910119991848228e-09,5.0025e-08,1.910105373610507e-09,5.0025e-08,1.910121508762731e-09,5.0025e-08,1.910119991848228e-09,5.0025e-08,1.910105373610507e-09,5.0025e-08,1.910121508762731e-09,5.0025e-08,1.893114024456906e-09,5.0025e-08,1.89308907440945e-09,5.0025e-08,1.893114472544128e-09,5.0025e-08,1.893114024456906e-09,5.0025e-08,1.89308907440945e-09,5.0025e-08,1.893114472544128e-09,5.0025e-08,1.893114024456906e-09,5.0025e-08,1.89308907440945e-09,5.0025e-08,1.893114472544128e-09,5.0025e-08,1.876378031318543e-09,5.0025e-08,1.876352839942347e-09,5.0025e-08,1.876348008348866e-09,5.0025e-08,1.876378031318543e-09,5.0025e-08,1.876352839942347e-09,5.0025e-08,1.876348008348866e-09,5.0025e-08,1.876378031318543e-09,5.0025e-08,1.876352839942347e-09,5.0025e-08,1.876348008348866e-09,5.0025e-08,2.540357579960654e-09,5.0025e-08,2.675554917294989e-09,5.0025e-08,2.675563765047942e-09,5.0025e-08,2.540357579960654e-09,5.0025e-08,2.675554917294989e-09,5.0025e-08,2.675563765047942e-09,5.0025e-08,2.540357579960654e-09,5.0025e-08,2.675554917294989e-09,5.0025e-08,2.675563765047942e-09,5.0025e-08,2.649471766479154e-09,5.0025e-08,2.649436073179731e-09,5.0025e-08,2.649473254031505e-09,5.0025e-08,2.649471766479154e-09,5.0025e-08,2.649436073179731e-09,5.0025e-08,2.649473254031505e-09,5.0025e-08,2.649471766479154e-09,5.0025e-08,2.649436073179731e-09,5.0025e-08,2.649473254031505e-09,5.0025e-08,2.583097530149826e-09,5.0025e-08,2.583530541248204e-09,5.0025e-08,2.584079759228922e-09,5.0025e-08,2.583097530149826e-09,5.0025e-08,2.583530541248204e-09,5.0025e-08,2.584079759228922e-09,5.0025e-08,2.583097530149826e-09,5.0025e-08,2.583530541248204e-09,5.0025e-08,2.584079759228922e-09
5.006416597520439e-08,-2.104953091372224e-07,5.006416597520439e-08,-2.104952074040721e-07,5.006416597520439e-08,-2.104950923639906e-07,5.006416597520439e-08,-2.104953091372224e-07,5.006416597520439e-08,-2.104952074040721e-07,5.006416597520439e-08,-2.104950923639906e-07,5.006416597520439e-08,-2.104953091372224e-07,5.006416597520439e-08,-2.104952074040721e-07,5.006416597520439e-08,-2.104950923639906e-07,5.006416597520456e-08,-2.064399939650061e-07,5.006416597520456e-08,-2.064399234983745e-07,5.006416597520456e-08,-2.064362567326607e-07,5.006416597520456e-08,-2.064399939650061e-07,5.006416597520456e-08,-2.064399234983745e-07,5.006416597520456e-08,-2.064362567326607e-07,5.006416597520456e-08,-2.064399939650061e-07,5.006416597520456e-08,-2.064399234983745e-07,5.006416597520456e-08,-2.064362567326607e-07,5.006416597520474e-08,-2.023664291111395e-07,5.006416597520474e-08,-2.023663719199726e-07,5.006416597520474e-08,-2.023661910580037e-07,5.006416597520474e-08,-2.023664291111395e-07,5.006416597520474e-08,-2.023663719199726e-07,5.006416597520474e-08,-2.023661910580037e-07,5.006416597520474e-08,-2.023664291111395e-07,5.006416597520474e-08,-2.023663719199726e-07,5.006416597520474e-08,-2.023661910580037e-07,5.006416597520173e-08,-2.108540703755908e-07,5.006416597520173e-08,-2.108540108546071e-07,5.006416597520173e-08,-2.108539731419905e-07,5.006416597520173e-08,-2.108540703755908e-07,5.006416597520173e-08,-2.108540108546071e-07,5.006416597520173e-08,-2.108539731419905e-07,5.006416597520173e-08,-2.108540703755908e-07,5.006416597520173e-08,-2.108540108546071e-07,5.006416597520173e-08,-2.108539731419905e-07,5.006416597520192e-08,-2.068973040738504e-07,5.006416597520192e-08,-2.068972847312177e-07,5.006416597520192e-08,-2.06897209488156e-07,5.006416597520192e-08,-2.068973040738504e-07,5.006416597520192e-08,-2.068972847312177e-07,5.006416597520192e-08,-2.06897209488156e-07,5.006416597520192e-08,-2.068973040738504e-07,5.006416597520192e-08,-2.068972847312177e-07,5.006416597520192e-08,-2.06897209488156e-07,5.006416597520211e-08,-2.028221375343252e-07,5.006416597520211e-08,-2.028221464358156e-07,5.006416597520211e-08,-2.028220822795122e-07,5.006416597520211e-08,-2.028221375343252e-07,5.006416597520211e-08,-2.028221464358156e-07,5.006416597520211e-08,-2.028220822795122e-07,5.006416597520211e-08,-2.028221375343252e-07,5.006416597520211e-08,-2.028221464358156e-07,5.006416597520211e-08,-2.028220822795122e-07,5.00641659751992e-08,-2.107854030452469e-07,5.00641659751992e-08,-2.106498724252044e-07,5.00641659751992e-08,-2.106499134831197e-07,5.00641659751992e-08,-2.107854030452469e-07,5.00641659751992e-08,-2.106498724252044e-07,5.00641659751992e-08,-2.106499134831197e-07,5.00641659751992e-08,-2.107854030452469e-07,5.00641659751992e-08,-2.106498724252044e-07,5.00641659751992e-08,-2.106499134831197e-07,5.00641659751994e-08,-2.067165017872197e-07,5.00641659751994e-08,-2.067164195311853e-07,5.00641659751994e-08,-2.067163997603018e-07,5.00641659751994e-08,-2.067165017872197e-07,5.00641659751994e-08,-2.067164195311853e-07,5.00641659751994e-08,-2.067163997603018e-07,5.00641659751994e-08,-2.067165017872197e-07,5.00641659751994e-08,-2.067164195311853e-07,5.00641659751994e-08,-2.067163997603018e-07,5.00641659751996e-08,-2.028431381324252e-07,5.00641659751996e-08,-2.028426059008945e-07,5.00641659751996e-08,-2.02842055195518e-07,5.00641659751996e-08,-2.028431381324252e-07,5.00641659751996e-08,-2.028426059008945e-07,5.00641659751996e-08,-2.02842055195518e-07,5.00641659751996e-08,-2.028431381324252e-07,5.00641659751996e-08,-2.028426059008945e-07,5.00641659751996e-08,-2.02842055195518e-07
5.007781334557472e-08,2.747283663139708e-07,5.007781334556931e-08,2.747303887384603e-07,5.007781334560802e-08,2.747379864148737e-07,5.007781334557472e-08,2.747283663139708e-07,5.007781334556931e-08,2.747303887384603e-07,5.007781334560802e-08,2.747379864148737e-07,5.007781334557472e-08,2.747283663139708e-07,5.007781334556931e-08,2.747303887384603e-07,5.007781334560802e-08,2.747379864148737e-07,5.007778370908996e-08,2.751559923508652e-07,5.007778370908405e-08,2.75158028659824e-07,5.007778370912257e-08,2.751627787213838e-07,5.007778370908996e-08,2.751559923508652e-07,5.007778370908405e-08,2.75158028659824e-07,5.007778370912257e-08,2.751627787213838e-07,5.007778370908996e-08,2.751559923508652e-07,5.007778370908405e-08,2.75158028659824e-07,5.007778370912257e-08,2.751627787213838e-07,5.007775584196083e-08,2.751479617522805e-07,5.007775584195458e-08,2.751499878515319e-07,5.007775584199334e-08,2.751575996374996e-07,5.007775584196083e-08,2.751479617522805e-07,5.007775584195458e-08,2.751499878515319e-07,5.007775584199334e-08,2.751575996374996e-07,5.007775584196083e-08,2.751479617522805e-07,5.007775584195458e-08,2.751499878515319e-07,5.007775584199334e-08,2.751575996374996e-07,5.007785036551586e-08,2.233830612560779e-07,5.007785036550919e-08,2.23377424593691e-07,5.007785036554758e-08,2.233831517754533e-07,5.007785036551586e-08,2.233830612560779e-07,5.007785036550919e-08,2.23377424593691e-07,5.007785036554758e-08,2.233831517754533e-07,5.007785036551586e-08,2.233830612560779e-07,5.007785036550919e-08,2.23377424593691e-07,5.007785036554758e-08,2.233831517754533e-07,5.007781837724778e-08,2.247010602324702e-07,5.007781837724059e-08,2.246954059606851e-07,5.007781837727848e-08,2.247011593740853e-07,5.007781837724778e-08,2.247010602324702e-07,5.007781837724059e-08,2.246954059606851e-07,5.007781837727848e-08,2.247011593740853e-07,5.007781837724778e-08,2.247010602324702e-07,5.007781837724059e-08,2.246954059606851e-07,5.007781837727848e-08,2.247011593740853e-07,5.007779032313216e-08,2.251101113538492e-07,5.007779032312457e-08,2.25104461755803e-07,5.007779032316246e-08,2.251101880512297e-07,5.007779032313216e-08,2.251101113538492e-07,5.007779032312457e-08,2.25104461755803e-07,5.007779032316246e-08,2.251101880512297e-07,5.007779032313216e-08,2.251101113538492e-07,5.007779032312457e-08,2.25104461755803e-07,5.007779032316246e-08,2.251101880512297e-07,5.007789911318049e-08,1.744942102828316e-07,5.007789911318392e-08,1.746246058997558e-07,5.007789911322128e-08,1.746297926107984e-07,5.007789911318049e-08,1.744942102828316e-07,5.007789911318392e-08,1.746246058997558e-07,5.007789911322128e-08,1.746297926107984e-07,5.007789911318049e-08,1.744942102828316e-07,5.007789911318392e-08,1.746246058997558e-07,5.007789911322128e-08,1.746297926107984e-07,5.007786670970203e-08,1.764214135523356e-07,5.007786670969747e-08,1.764164076278846e-07,5.007786670973479e-08,1.764216433194868e-07,5.007786670970203e-08,1.764214135523356e-07,5.007786670969747e-08,1.764164076278846e-07,5.007786670973479e-08,1.764216433194868e-07,5.007786670970203e-08,1.764214135523356e-07,5.007786670969747e-08,1.764164076278846e-07,5.007786670973479e-08,1.764216433194868e-07,5.00778355911876e-08,1.777312853234314e-07,5.007783559118261e-08,1.777267542290134e-07,5.007783559121992e-08,1.777325127604614e-07,5.00778355911876e-08,1.777312853234314e-07,5.007783559118261e-08,1.777267542290134e-07,5.007783559121992e-08,1.777325127604614e-07,5.00778355911876e-08,1.777312853234314e-07,5.007783559118261e-08,1.777267542290134e-07,5.007783559121992e-08,1.777325127604614e-07
5.008890667278736e-08,-5.19841058565101e-07,5.008890667278465e-08,-5.198368426200526e-07,5.008890667280401e-08,-5.198307295551864e-07,5.008890667278736e-08,-5.19841058565101e-07,5.008890667278465e-08,-5.198368426200526e-07,5.008890667280401e-08,-5.198307295551864e-07,5.008890667278736e-08,-5.19841058565101e-07,5.008890667278465e-08,-5.198368426200526e-07,5.008890667280401e-08,-5.198307295551864e-07,5.008889185454498e-08,-5.638765476120642e-07,5.008889185454202e-08,-5.638725479879565e-07,5.008889185456128e-08,-5.638718384965246e-07,5.008889185454498e-08,-5.638765476120642e-07,5.008889185454202e-08,-5.638725479879565e-07,5.008889185456128e-08,-5.638718384965246e-07,5.008889185454498e-08,-5.638765476120642e-07,5.008889185454202e-08,-5.638725479879565e-07,5.008889185456128e-08,-5.638718384965246e-07,5.008887792098042e-08,-6.050917809044845e-07,5.008887792097729e-08,-6.050877960784386e-07,5.008887792099667e-08,-6.050824974047341e-07,5.008887792098042e-08,-6.050917809044845e-07,5.008887792097729e-08,-6.050877960784386e-07,5.008887792099667e-08,-6.050824974047341e-07,5.008887792098042e-08,-6.050917809044845e-07,5.008887792097729e-08,-6.050877960784386e-07,5.008887792099667e-08,-6.050824974047341e-07,5.008892518275793e-08,5.501223433564392e-08,5.00889251827546e-08,5.500548988757012e-08,5.008892518277379e-08,5.501270934082409e-08,5.008892518275793e-08,5.501223433564392e-08,5.00889251827546e-08,5.500548988757012e-08,5.008892518277379e-08,5.501270934082409e-08,5.008892518275793e-08,5.501223433564392e-08,5.00889251827546e-08,5.500548988757012e-08,5.008892518277379e-08,5.501270934082409e-08,5.008890918862389e-08,1.933757337189285e-08,5.008890918862029e-08,1.933107556225014e-08,5.008890918863923e-08,1.933810967244303e-08,5.008890918862389e-08,1.933757337189285e-08,5.008890918862029e-08,1.933107556225014e-08,5.008890918863923e-08,1.933810967244303e-08,5.008890918862389e-08,1.933757337189285e-08,5.008890918862029e-08,1.933107556225014e-08,5.008890918863923e-08,1.933810967244303e-08,5.008889516156608e-08,-1.50993733543199e-08,5.008889516156229e-08,-1.510559839239111e-08,5.008889516158123e-08,-1.509884685008845e-08,5.008889516156608e-08,-1.50993733543199e-08,5.008889516156229e-08,-1.510559839239111e-08,5.008889516158123e-08,-1.509884685008845e-08,5.008889516156608e-08,-1.50993733543199e-08,5.008889516156229e-08,-1.510559839239111e-08,5.008889516158123e-08,-1.509884685008845e-08,5.008894955659024e-08,4.90978620832428e-07,5.008894955659196e-08,4.911035676769399e-07,5.008894955661063e-08,4.911127892550345e-07,5.008894955659024e-08,4.90978620832428e-07,5.008894955659196e-08,4.911035676769399e-07,5.008894955661063e-08,4.911127892550345e-07,5.008894955659024e-08,4.90978620832428e-07,5.008894955659196e-08,4.911035676769399e-07,5.008894955661063e-08,4.911127892550345e-07,5.008893335485101e-08,4.641066642895717e-07,5.008893335484873e-08,4.64096168026805e-07,5.008893335486739e-08,4.641053081677954e-07,5.008893335485101e-08,4.641066642895717e-07,5.008893335484873e-08,4.64096168026805e-07,5.008893335486739e-08,4.641053081677954e-07,5.008893335485101e-08,4.641066642895717e-07,5.008893335484873e-08,4.64096168026805e-07,5.008893335486739e-08,4.641053081677954e-07,5.00889177955938e-08,4.381490699482461e-07,5.00889177955913e-08,4.381392406329081e-07,5.008891779560996e-08,4.38148791387192e-07,5.00889177955938e-08,4.381490699482461e-07,5.00889177955913e-08,4.381392406329081e-07,5.008891779560996e-08,4.38148791387192e-07,5.00889177955938e-08,4.381490699482461e-07,5.00889177955913e-08,4.381392406329081e-07,5.008891779560996e-08,4.38148791387192e-07
5.009445333639368e-08,-5.58871331100936e-06,5.009445333639233e-08,-5.588708201387721e-06,5.009445333640201e-08,-5.588736706908612e-06,5.009445333639368e-08,-5.58871331100936e-06,5.009445333639233e-08,-5.588708201387721e-06,5.009445333640201e-08,-5.588736706908612e-06,5.009445333639368e-08,-5.58871331100936e-06,5.009445333639233e-08,-5.588708201387721e-06,5.009445333640201e-08,-5.588736706908612e-06,5.009444592727249e-08,-5.71769602228719e-06,5.009444592727101e-08,-5.717690917078925e-06,5.009444592728064e-08,-5.717723906645804e-06,5.009444592727249e-08,-5.71769602228719e-06,5.009444592727101e-08,-5.717690917078925e-06,5.009444592728064e-08,-5.717723906645804e-06,5.009444592727249e-08,-5.71769602228719e-06,5.009444592727101e-08,-5.717690917078925e-06,5.009444592728064e-08,-5.717723906645804e-06,5.00944389604902e-08,-5.839299640877659e-06,5.009443896048864e-08,-5.839294400577899e-06,5.009443896049833e-08,-5.839324249911874e-06,5.00944389604902e-08,-5.839299640877659e-06,5.009443896048864e-08,-5.839294400577899e-06,5.009443896049833e-08,-5.839324249911874e-06,5.00944389604902e-08,-5.839299640877659e-06,5.009443896048864e-08,-5.839294400577899e-06,5.009443896049833e-08,-5.839324249911874e-06,5.009446259137897e-08,-4.16689975692364e-06,5.00944625913773e-08,-4.166862950287989e-06,5.00944625913869e-08,-4.16687549614935e-06,5.009446259137897e-08,-4.16689975692364e-06,5.00944625913773e-08,-4.166862950287989e-06,5.00944625913869e-08,-4.16687549614935e-06,5.009446259137897e-08,-4.16689975692364e-06,5.00944625913773e-08,-4.166862950287989e-06,5.00944625913869e-08,-4.16687549614935e-06,5.009445459431195e-08,-4.290703487651345e-06,5.009445459431015e-08,-4.290665393551132e-06,5.009445459431961e-08,-4.290678928499405e-06,5.009445459431195e-08,-4.290703487651345e-06,5.009445459431015e-08,-4.290665393551132e-06,5.009445459431961e-08,-4.290678928499405e-06,5.009445459431195e-08,-4.290703487651345e-06,5.009445459431015e-08,-4.290665393551132e-06,5.009445459431961e-08,-4.290678928499405e-06,5.009444758078303e-08,-4.406667222802073e-06,5.009444758078114e-08,-4.406627880916101e-06,5.009444758079062e-08,-4.406642340849812e-06,5.009444758078303e-08,-4.406667222802073e-06,5.009444758078114e-08,-4.406627880916101e-06,5.009444758079062e-08,-4.406642340849812e-06,5.009444758078303e-08,-4.406667222802073e-06,5.009444758078114e-08,-4.406627880916101e-06,5.009444758079062e-08,-4.406642340849812e-06,5.009447477829512e-08,-2.915602258350006e-06,5.009447477829598e-08,-2.915443401328366e-06,5.009447477830531e-08,-2.915444014251645e-06,5.009447477829512e-08,-2.915602258350006e-06,5.009447477829598e-08,-2.915443401328366e-06,5.009447477830531e-08,-2.915444014251645e-06,5.009447477829512e-08,-2.915602258350006e-06,5.009447477829598e-08,-2.915443401328366e-06,5.009447477830531e-08,-2.915444014251645e-06,5.009446667742551e-08,-3.026742459849667e-06,5.009446667742436e-08,-3.026718176457181e-06,5.009446667743369e-08,-3.02671965682901e-06,5.009446667742551e-08,-3.026742459849667e-06,5.009446667742436e-08,-3.026718176457181e-06,5.009446667743369e-08,-3.02671965682901e-06,5.009446667742551e-08,-3.026742459849667e-06,5.009446667742436e-08,-3.026718176457181e-06,5.009446667743369e-08,-3.02671965682901e-06,5.009445889779689e-08,-3.132405316433152e-06,5.009445889779565e-08,-3.13237945618885e-06,5.009445889780498e-08,-3.132381336578785e-06,5.009445889779689e-08,-3.132405316433152e-06,5.009445889779565e-08,-3.13237945618885e-06,5.009445889780498e-08,-3.132381336578785e-06,5.009445889779689e-08,-3.132405316433152e-06,5.009445889779565e-08,-3.13237945618885e-06,5.009445889780498e-08,-3.132381336578785e-06
5.01e-08,-1.667280904778189e-05,5.01e-08,-1.66727110381577e-05,5.01e-08,-1.667286510800511e-05,5.01e-08,-1.667280904778189e-05,5.01e-08,-1.66727110381577e-05,5.01e-08,-1.667286510800511e-05,5.01e-08,-1.667280904778189e-05,5.01e-08,-1.66727110381577e-05,5.01e-08,-1.667286510800511e-05,5.01e-08,-1.692857255567593e-05,5.01e-08,-1.69284704709412e-05,5.01e-08,-1.692863067395582e-05,5.01e-08,-1.692857255567593e-05,5.01e-08,-1.69284704709412e-05,5.01e-08,-1.692863067395582e-05,5.01e-08,-1.692857255567593e-05,5.01e-08,-1.69284704709412e-05,5.01e-08,-1.692863067395582e-05,5.01e-08,-1.717283475732566e-05,5.01e-08,-1.717272968183106e-05,5.01e-08,-1.717288863690689e-05,5.01e-08,-1.717283475732566e-05,5.01e-08,-1.717272968183106e-05,5.01e-08,-1.717288863690689e-05,5.01e-08,-1.717283475732566e-05,5.01e-08,-1.717272968183106e-05,5.01e-08,-1.717288863690689e-05,5.01e-08,-1.450011655671895e-05,5.01e-08,-1.450001256621217e-05,5.01e-08,-1.450015147208551e-05,5.01e-08,-1.450011655671895e-05,5.01e-08,-1.450001256621217e-05,5.01e-08,-1.450015147208551e-05,5.01e-08,-1.450011655671895e-05,5.01e-08,-1.450001256621217e-05,5.01e-08,-1.450015147208551e-05,5.01e-08,-1.476230132447508e-05,5.01e-08,-1.476219431875734e-05,5.01e-08,-1.476233570805581e-05,5.01e-08,-1.476230132447508e-05,5.01e-08,-1.476219431875734e-05,5.01e-08,-1.476233570805581e-05,5.01e-08,-1.476230132447508e-05,5.01e-08,-1.476219431875734e-05,5.01e-08,-1.476233570805581e-05,5.01e-08,-1.500642998211776e-05,5.01e-08,-1.500632017040243e-05,5.01e-08,-1.50064638161149e-05,5.01e-08,-1.500642998211776e-05,5.01e-08,-1.500632017040243e-05,5.01e-08,-1.50064638161149e-05,5.01e-08,-1.500642998211776e-05,5.01e-08,-1.500632017040243e-05,5.01e-08,-1.50064638161149e-05,5.01e-08,-1.238229747473922e-05,5.01e-08,-1.238208875912437e-05,5.01e-08,-1.238221514747785e-05,5.01e-08,-1.238229747473922e-05,5.01e-08,-1.238208875912437e-05,5.01e-08,-1.238221514747785e-05,5.01e-08,-1.238229747473922e-05,5.01e-08,-1.238208875912437e-05,5.01e-08,-1.238221514747785e-05,5.01e-08,-1.263527980547377e-05,5.01e-08,-1.263520406402534e-05,5.01e-08,-1.263533263463623e-05,5.01e-08,-1.263527980547377e-05,5.01e-08,-1.263520406402534e-05,5.01e-08,-1.263533263463623e-05,5.01e-08,-1.263527980547377e-05,5.01e-08,-1.263520406402534e-05,5.01e-08,-1.263533263463623e-05,5.01e-08,-1.287579553573567e-05,5.01e-08,-1.287571654912814e-05,5.01e-08,-1.287584670566651e-05,5.01e-08,-1.287579553573567e-05,5.01e-08,-1.287571654912814e-05,5.01e-08,-1.287584670566651e-05,5.01e-08,-1.287579553573567e-05,5.01e-08,-1.287571654912814e-05,5.01e-08,-1.287584670566651e-05
5.01030034952044e-08,-2.360157883671532e-05,5.010300349521473e-08,-2.360138927708666e-05,5.01030034952026e-08,-2.360161534166454e-05,5.01030034952044e-08,-2.360157883671532e-05,5.010300349521473e-08,-2.360138927708666e-05,5.01030034952026e-08,-2.360161534166454e-05,5.01030034952044e-08,-2.360157883671532e-05,5.010300349521473e-08,-2.360138927708666e-05,5.01030034952026e-08,-2.360161534166454e-05,5.010300413778495e-08,-2.386902489809327e-05,5.010300413779354e-08,-2.386883118297471e-05,5.010300413778221e-08,-2.386906454984811e-05,5.010300413778495e-08,-2.386902489809327e-05,5.010300413779354e-08,-2.386883118297471e-05,5.010300413778221e-08,-2.386906454984811e-05,5.010300413778495e-08,-2.386902489809327e-05,5.010300413779354e-08,-2.386883118297471e-05,5.010300413778221e-08,-2.386906454984811e-05,5.010300793617935e-08,-2.412815201464266e-05,5.010300793618743e-08,-2.412795417367307e-05,5.010300793617691e-08,-2.412818678200741e-05,5.010300793617935e-08,-2.412815201464266e-05,5.010300793618743e-08,-2.412795417367307e-05,5.010300793617691e-08,-2.412818678200741e-05,5.010300793617935e-08,-2.412815201464266e-05,5.010300793618743e-08,-2.412795417367307e-05,5.010300793617691e-08,-2.412818678200741e-05,5.010302529921567e-08,-2.153296742787956e-05,5.010302529923142e-08,-2.153277669295974e-05,5.010302529921766e-08,-2.153298209982362e-05,5.010302529921567e-08,-2.153296742787956e-05,5.010302529923142e-08,-2.153277669295974e-05,5.010302529921766e-08,-2.153298209982362e-05,5.010302529921567e-08,-2.153296742787956e-05,5.010302529923142e-08,-2.153277669295974e-05,5.010302529921766e-08,-2.153298209982362e-05,5.010301280855231e-08,-2.179508947883364e-05,5.010301280856777e-08,-2.17948953002641e-05,5.010301280855446e-08,-2.179510369908293e-05,5.010301280855231e-08,-2.179508947883364e-05,5.010301280856777e-08,-2.17948953002641e-05,5.010301280855446e-08,-2.179510369908293e-05,5.010301280855231e-08,-2.179508947883364e-05,5.010301280856777e-08,-2.17948953002641e-05,5.010301280855446e-08,-2.179510369908293e-05,5.010300377913063e-08,-2.204158424223445e-05,5.010300377914489e-08,-2.204138679986167e-05,5.010300377913305e-08,-2.204159803175813e-05,5.010300377913063e-08,-2.204158424223445e-05,5.010300377914489e-08,-2.204138679986167e-05,5.010300377913305e-08,-2.204159803175813e-05,5.010300377913063e-08,-2.204158424223445e-05,5.010300377914489e-08,-2.204138679986167e-05,5.010300377913305e-08,-2.204159803175813e-05,5.010308593038502e-08,-1.95181958489457e-05,5.010308593048988e-08,-1.951790031289795e-05,5.010308593047218e-08,-1.951808905736715e-05,5.010308593038502e-08,-1.95181958489457e-05,5.010308593048988e-08,-1.951790031289795e-05,5.010308593047218e-08,-1.951808905736715e-05,5.010308593038502e-08,-1.95181958489457e-05,5.010308593048988e-08,-1.951790031289795e-05,5.010308593047218e-08,-1.951808905736715e-05,5.010306283701694e-08,-1.975943825186471e-05,5.010306283703433e-08,-1.975927633763184e-05,5.010306283701775e-08,-1.975946759626689e-05,5.010306283701694e-08,-1.975943825186471e-05,5.010306283703433e-08,-1.975927633763184e-05,5.010306283701775e-08,-1.975946759626689e-05,5.010306283701694e-08,-1.975943825186471e-05,5.010306283703433e-08,-1.975927633763184e-05,5.010306283701775e-08,-1.975946759626689e-05,5.010304316029167e-08,-1.999183601216593e-05,5.010304316030893e-08,-1.99916722483917e-05,5.010304316029204e-08,-1.999186704074751e-05,5.010304316029167e-08,-1.999183601216593e-05,5.010304316030893e-08,-1.99916722483917e-05,5.010304316029204e-08,-1.999186704074751e-05,5.010304316029167e-08,-1.999183601216593e-05,5.010304316030893e-08,-1.99916722483917e-05,5.010304316029204e-08,-1.999186704074751e-05
5.010796380544643e-08,-3.363072815520992e-05,5.010796380546058e-08,-3.36303881126901e-05,5.010796380544043e-08,-3.363074031337011e-05,5.010796380544643e-08,-3.363072815520992e-05,5.010796380546058e-08,-3.36303881126901e-05,5.010796380544043e-08,-3.363074031337011e-05,5.010796380544643e-08,-3.363072815520992e-05,5.010796380546058e-08,-3.36303881126901e-05,5.010796380544043e-08,-3.363074031337011e-05,5.010796644075949e-08,-3.380520788343096e-05,5.010796644077142e-08,-3.380486427701982e-05,5.010796644075233e-08,-3.380522477167961e-05,5.010796644075949e-08,-3.380520788343096e-05,5.010796644077142e-08,-3.380486427701982e-05,5.010796644075233e-08,-3.380522477167961e-05,5.010796644075949e-08,-3.380520788343096e-05,5.010796644077142e-08,-3.380486427701982e-05,5.010796644075233e-08,-3.380522477167961e-05,5.010797304348231e-08,-3.39571019998103e-05,5.01079730434936e-08,-3.395675478319927e-05,5.010797304347556e-08,-3.395711536915359e-05,5.010797304348231e-08,-3.39571019998103e-05,5.01079730434936e-08,-3.395675478319927e-05,5.010797304347556e-08,-3.395711536915359e-05,5.010797304348231e-08,-3.39571019998103e-05,5.01079730434936e-08,-3.395675478319927e-05,5.010797304347556e-08,-3.395711536915359e-05,5.010798795439842e-08,-3.201189326490086e-05,5.01079879544198e-08,-3.201156145744846e-05,5.010798795439757e-08,-3.201188952313346e-05,5.010798795439842e-08,-3.201189326490086e-05,5.01079879544198e-08,-3.201156145744846e-05,5.010798795439757e-08,-3.201188952313346e-05,5.010798795439842e-08,-3.201189326490086e-05,5.01079879544198e-08,-3.201156145744846e-05,5.010798795439757e-08,-3.201188952313346e-05,5.0107973632434e-08,-3.222070060671512e-05,5.010797363245506e-08,-3.222036473323403e-05,5.010797363243347e-08,-3.222069619960889e-05,5.0107973632434e-08,-3.222070060671512e-05,5.010797363245506e-08,-3.222036473323403e-05,5.010797363243347e-08,-3.222069619960889e-05,5.0107973632434e-08,-3.222070060671512e-05,5.010797363245506e-08,-3.222036473323403e-05,5.010797363243347e-08,-3.222069619960889e-05,5.010796344785579e-08,-3.240268181746277e-05,5.010796344787531e-08,-3.240234256068369e-05,5.010796344785565e-08,-3.240267774097342e-05,5.010796344785579e-08,-3.240268181746277e-05,5.010796344787531e-08,-3.240234256068369e-05,5.010796344785565e-08,-3.240267774097342e-05,5.010796344785579e-08,-3.240268181746277e-05,5.010796344787531e-08,-3.240234256068369e-05,5.010796344785565e-08,-3.240267774097342e-05,5.010806173236964e-08,-3.032374044013546e-05,5.010806173251349e-08,-3.032330409416556e-05,5.01080617324862e-08,-3.032361063231676e-05,5.010806173236964e-08,-3.032374044013546e-05,5.010806173251349e-08,-3.032330409416556e-05,5.01080617324862e-08,-3.032361063231676e-05,5.010806173236964e-08,-3.032374044013546e-05,5.010806173251349e-08,-3.032330409416556e-05,5.01080617324862e-08,-3.032361063231676e-05,5.010803356561576e-08,-3.05400102834263e-05,5.010803356563905e-08,-3.053970583782149e-05,5.010803356561323e-08,-3.054001569989392e-05,5.010803356561576e-08,-3.05400102834263e-05,5.010803356563905e-08,-3.053970583782149e-05,5.010803356561323e-08,-3.054001569989392e-05,5.010803356561576e-08,-3.05400102834263e-05,5.010803356563905e-08,-3.053970583782149e-05,5.010803356561323e-08,-3.054001569989392e-05,5.010800975758039e-08,-3.073873153602464e-05,5.010800975760353e-08,-3.073842355599892e-05,5.01080097575773e-08,-3.073873685600935e-05,5.010800975758039e-08,-3.073873153602464e-05,5.010800975760353e-08,-3.073842355599892e-05,5.01080097575773e-08,-3.073873685600935e-05,5.010800975758039e-08,-3.073873153602464e-05,5.010800975760353e-08,-3.073842355599892e-05,5.01080097575773e-08,-3.073873685600935e-05
5.011285436602924e-08,-3.904721811716562e-05,5.011285436604752e-08,-3.904675544121361e-05,5.011285436601949e-08,-3.904723203976426e-05,5.011285436602924e-08,-3.904721811716562e-05,5.011285436604752e-08,-3.904675544121361e-05,5.011285436601949e-08,-3.904723203976426e-05,5.011285436602924e-08,-3.904721811716562e-05,5.011285436604752e-08,-3.904675544121361e-05,5.011285436601949e-08,-3.904723203976426e-05,5.011285839043548e-08,-3.889196916630016e-05,5.011285839045098e-08,-3.889150410105237e-05,5.011285839042432e-08,-3.889198667397647e-05,5.011285839043548e-08,-3.889196916630016e-05,5.011285839045098e-08,-3.889150410105237e-05,5.011285839042432e-08,-3.889198667397647e-05,5.011285839043548e-08,-3.889196916630016e-05,5.011285839045098e-08,-3.889150410105237e-05,5.011285839042432e-08,-3.889198667397647e-05,5.011286734563919e-08,-3.869714960750462e-05,5.011286734565389e-08,-3.869668145471003e-05,5.011286734562855e-08,-3.869716142133141e-05,5.011286734563919e-08,-3.869714960750462e-05,5.011286734565389e-08,-3.869668145471003e-05,5.011286734562855e-08,-3.869716142133141e-05,5.011286734563919e-08,-3.869714960750462e-05,5.011286734565389e-08,-3.869668145471003e-05,5.011286734562855e-08,-3.869716142133141e-05,5.011288224306358e-08,-3.846791766361105e-05,5.011288224309107e-08,-3.846745918082842e-05,5.011288224306045e-08,-3.84679139187516e-05,5.011288224306358e-08,-3.846791766361105e-05,5.011288224309107e-08,-3.846745918082842e-05,5.011288224306045e-08,-3.84679139187516e-05,5.011288224306358e-08,-3.846791766361105e-05,5.011288224309107e-08,-3.846745918082842e-05,5.011288224306045e-08,-3.84679139187516e-05,5.011286494720189e-08,-3.839432354687146e-05,5.011286494722901e-08,-3.839386166858051e-05,5.011286494719924e-08,-3.839431805925956e-05,5.011286494720189e-08,-3.839432354687146e-05,5.011286494722901e-08,-3.839386166858051e-05,5.011286494719924e-08,-3.839431805925956e-05,5.011286494720189e-08,-3.839432354687146e-05,5.011286494722901e-08,-3.839386166858051e-05,5.011286494719924e-08,-3.839431805925956e-05,5.011285266384555e-08,-3.828362648955187e-05,5.011285266387077e-08,-3.828316205030499e-05,5.011285266384342e-08,-3.828362015812167e-05,5.011285266384555e-08,-3.828362648955187e-05,5.011285266387077e-08,-3.828316205030499e-05,5.011285266384342e-08,-3.828362015812167e-05,5.011285266384555e-08,-3.828362648955187e-05,5.011285266387077e-08,-3.828316205030499e-05,5.011285266384342e-08,-3.828362015812167e-05,5.011297221884959e-08,-3.767424399720086e-05,5.011297221903721e-08,-3.767367536439051e-05,5.011297221900027e-08,-3.767410864209547e-05,5.011297221884959e-08,-3.767424399720086e-05,5.011297221903721e-08,-3.767367536439051e-05,5.011297221900027e-08,-3.767410864209547e-05,5.011297221884959e-08,-3.767424399720086e-05,5.011297221903721e-08,-3.767367536439051e-05,5.011297221900027e-08,-3.767410864209547e-05,5.011293742626396e-08,-3.766159562679398e-05,5.011293742629374e-08,-3.766115916849421e-05,5.011293742625864e-08,-3.766159467813794e-05,5.011293742626396e-08,-3.766159562679398e-05,5.011293742629374e-08,-3.766115916849421e-05,5.011293742625864e-08,-3.766159467813794e-05,5.011293742626396e-08,-3.766159562679398e-05,5.011293742629374e-08,-3.766115916849421e-05,5.011293742625864e-08,-3.766159467813794e-05,5.011290808800076e-08,-3.761678279440222e-05,5.011290808803037e-08,-3.761634243957623e-05,5.011290808799474e-08,-3.76167787749111e-05,5.011290808800076e-08,-3.761678279440222e-05,5.011290808803037e-08,-3.761634243957623e-05,5.011290808799474e-08,-3.76167787749111e-05,5.011290808800076e-08,-3.761678279440222e-05,5.011290808803037e-08,-3.761634243957623e-05,5.011290808799474e-08,-3.76167787749111e-05
5.011871751987016e-08,-3.757377067200087e-05,5.011871752094147e-08,-3.757334590265338e-05,5.011871752074619e-08,-3.757377686420038e-05,5.011871751987016e-08,-3.757377067200087e-05,5.011871752094147e-08,-3.757334590265338e-05,5.011871752074619e-08,-3.757377686420038e-05,5.011871751987016e-08,-3.757377067200087e-05,5.011871752094147e-08,-3.757334590265338e-05,5.011871752074619e-08,-3.757377686420038e-05,5.01185727708763e-08,-3.703877425612829e-05,5.011857277112906e-08,-3.703835415414302e-05,5.011857277095348e-08,-3.703879424780674e-05,5.01185727708763e-08,-3.703877425612829e-05,5.011857277112906e-08,-3.703835415414302e-05,5.011857277095348e-08,-3.703879424780674e-05,5.01185727708763e-08,-3.703877425612829e-05,5.011857277112906e-08,-3.703835415414302e-05,5.011857277095348e-08,-3.703879424780674e-05,5.011842036525846e-08,-3.648553920715571e-05,5.011842036547524e-08,-3.648511792356925e-05,5.01184203654223e-08,-3.648555599558331e-05,5.011842036525846e-08,-3.648553920715571e-05,5.011842036547524e-08,-3.648511792356925e-05,5.01184203654223e-08,-3.648555599558331e-05,5.011842036525846e-08,-3.648553920715571e-05,5.011842036547524e-08,-3.648511792356925e-05,5.01184203654223e-08,-3.648555599558331e-05,5.012151976158638e-08,-3.630250942157296e-05,5.012151976137795e-08,-3.63021401988179e-05,5.012151976129116e-08,-3.630247371764022e-05,5.012151976158638e-08,-3.630250942157296e-05,5.012151976137795e-08,-3.63021401988179e-05,5.012151976129116e-08,-3.630247371764022e-05,5.012151976158638e-08,-3.630250942157296e-05,5.012151976137795e-08,-3.63021401988179e-05,5.012151976129116e-08,-3.630247371764022e-05,5.012163938203382e-08,-3.542138847030325e-05,5.012163938179511e-08,-3.542102676205447e-05,5.012163938174938e-08,-3.542135707548328e-05,5.012163938203382e-08,-3.542138847030325e-05,5.012163938179511e-08,-3.542102676205447e-05,5.012163938174938e-08,-3.542135707548328e-05,5.012163938203382e-08,-3.542138847030325e-05,5.012163938179511e-08,-3.542102676205447e-05,5.012163938174938e-08,-3.542135707548328e-05,5.011898482054236e-08,-3.708840554448469e-05,5.011898482084861e-08,-3.708799370387045e-05,5.011898482063163e-08,-3.708838994227301e-05,5.011898482054236e-08,-3.708840554448469e-05,5.011898482084861e-08,-3.708799370387045e-05,5.011898482063163e-08,-3.708838994227301e-05,5.011898482054236e-08,-3.708840554448469e-05,5.011898482084861e-08,-3.708799370387045e-05,5.011898482063163e-08,-3.708838994227301e-05,5.012119137799334e-08,-3.765678484405023e-05,5.012119137803279e-08,-3.765628858545175e-05,5.012119137800745e-08,-3.765659294125829e-05,5.012119137799334e-08,-3.765678484405023e-05,5.012119137803279e-08,-3.765628858545175e-05,5.012119137800745e-08,-3.765659294125829e-05,5.012119137799334e-08,-3.765678484405023e-05,5.012119137803279e-08,-3.765628858545175e-05,5.012119137800745e-08,-3.765659294125829e-05,5.012123279702664e-08,-3.697057176378254e-05,5.012123279690314e-08,-3.697021468987658e-05,5.012123279693421e-08,-3.697051668793741e-05,5.012123279702664e-08,-3.697057176378254e-05,5.012123279690314e-08,-3.697021468987658e-05,5.012123279693421e-08,-3.697051668793741e-05,5.012123279702664e-08,-3.697057176378254e-05,5.012123279690314e-08,-3.697021468987658e-05,5.012123279693421e-08,-3.697051668793741e-05,5.012129923958277e-08,-3.621964317946675e-05,5.01212992395848e-08,-3.621929129827221e-05,5.012129923980252e-08,-3.621959056664257e-05,5.012129923958277e-08,-3.621964317946675e-05,5.01212992395848e-08,-3.621929129827221e-05,5.012129923980252e-08,-3.621959056664257e-05,5.012129923958277e-08,-3.621964317946675e-05,5.01212992395848e-08,-3.621929129827221e-05,5.012129923980252e-08,-3.621959056664257e-05
5.012513370411448e-08,-2.853177675336613e-05,5.012513370514038e-08,-2.853149909952126e-05,5.012513370477078e-08,-2.85317910790478e-05,5.012513370411448e-08,-2.853177675336613e-05,5.012513370514038e-08,-2.853149909952126e-05,5.012513370477078e-08,-2.85317910790478e-05,5.012513370411448e-08,-2.853177675336613e-05,5.012513370514038e-08,-2.853149909952126e-05,5.012513370477078e-08,-2.85317910790478e-05,5.01248915329489e-08,-2.793026738783139e-05,5.012489153331777e-08,-2.792998844848759e-05,5.012489153296123e-08,-2.793028614703144e-05,5.01248915329489e-08,-2.793026738783139e-05,5.012489153331777e-08,-2.792998844848759e-05,5.012489153296123e-08,-2.793028614703144e-05,5.01248915329489e-08,-2.793026738783139e-05,5.012489153331777e-08,-2.792998844848759e-05,5.012489153296123e-08,-2.793028614703144e-05,5.01246557163808e-08,-2.731189754879638e-05,5.012465571671402e-08,-2.731161684326668e-05,5.012465571646736e-08,-2.731191352728423e-05,5.01246557163808e-08,-2.731189754879638e-05,5.012465571671402e-08,-2.731161684326668e-05,5.012465571646736e-08,-2.731191352728423e-05,5.01246557163808e-08,-2.731189754879638e-05,5.012465571671402e-08,-2.731161684326668e-05,5.012465571646736e-08,-2.731191352728423e-05,5.012784121486302e-08,-2.64362163752901e-05,5.012784121478444e-08,-2.643598167942813e-05,5.01278412145531e-08,-2.643623350442717e-05,5.012784121486302e-08,-2.64362163752901e-05,5.012784121478444e-08,-2.643598167942813e-05,5.01278412145531e-08,-2.643623350442717e-05,5.012784121486302e-08,-2.64362163752901e-05,5.012784121478444e-08,-2.643598167942813e-05,5.01278412145531e-08,-2.643623350442717e-05,5.012787638993217e-08,-2.54042451961226e-05,5.012787638981969e-08,-2.54040135588169e-05,5.012787638964207e-08,-2.540426587440972e-05,5.012787638993217e-08,-2.54042451961226e-05,5.012787638981969e-08,-2.54040135588169e-05,5.012787638964207e-08,-2.540426587440972e-05,5.012787638993217e-08,-2.54042451961226e-05,5.012787638981969e-08,-2.54040135588169e-05,5.012787638964207e-08,-2.540426587440972e-05,5.012546750998273e-08,-2.793240125520645e-05,5.012546751041761e-08,-2.793213129165293e-05,5.012546751001047e-08,-2.793239558324531e-05,5.012546750998273e-08,-2.793240125520645e-05,5.012546751041761e-08,-2.793213129165293e-05,5.012546751001047e-08,-2.793239558324531e-05,5.012546750998273e-08,-2.793240125520645e-05,5.012546751041761e-08,-2.793213129165293e-05,5.012546751001047e-08,-2.793239558324531e-05,5.012777305875566e-08,-2.826858573582392e-05,5.012777305908406e-08,-2.826823254189432e-05,5.01277730588815e-08,-2.826845916568438e-05,5.012777305875566e-08,-2.826858573582392e-05,5.012777305908406e-08,-2.826823254189432e-05,5.01277730588815e-08,-2.826845916568438e-05,5.012777305875566e-08,-2.826858573582392e-05,5.012777305908406e-08,-2.826823254189432e-05,5.01277730588815e-08,-2.826845916568438e-05,5.012774200472643e-08,-2.733208990911185e-05,5.012774200476484e-08,-2.73318731591531e-05,5.012774200462307e-08,-2.733210161408972e-05,5.012774200472643e-08,-2.733208990911185e-05,5.012774200476484e-08,-2.73318731591531e-05,5.012774200462307e-08,-2.733210161408972e-05,5.012774200472643e-08,-2.733208990911185e-05,5.012774200476484e-08,-2.73318731591531e-05,5.012774200462307e-08,-2.733210161408972e-05,5.012773666749036e-08,-2.638115105735277e-05,5.012773666762895e-08,-2.638093734181918e-05,5.012773666766933e-08,-2.638116738252907e-05,5.012773666749036e-08,-2.638115105735277e-05,5.012773666762895e-08,-2.638093734181918e-05,5.012773666766933e-08,-2.638116738252907e-05,5.012773666749036e-08,-2.638115105735277e-05,5.012773666762895e-08,-2.638093734181918e-05,5.012773666766933e-08,-2.638116738252907e-05
5.013091652495298e-08,-1.883431747523684e-05,5.013091652614614e-08,-1.883414366693865e-05,5.013091652588774e-08,-1.883437186844889e-05,5.013091652495298e-08,-1.883431747523684e-05,5.013091652614614e-08,-1.883414366693865e-05,5.013091652588774e-08,-1.883437186844889e-05,5.013091652495298e-08,-1.883431747523684e-05,5.013091652614614e-08,-1.883414366693865e-05,5.013091652588774e-08,-1.883437186844889e-05,5.013066323603141e-08,-1.826836135216694e-05,5.013066323635197e-08,-1.82681873701212e-05,5.01306632361387e-08,-1.826842061874176e-05,5.013066323603141e-08,-1.826836135216694e-05,5.013066323635197e-08,-1.82681873701212e-05,5.01306632361387e-08,-1.826842061874176e-05,5.013066323603141e-08,-1.826836135216694e-05,5.013066323635197e-08,-1.82681873701212e-05,5.01306632361387e-08,-1.826842061874176e-05,5.01304117154134e-08,-1.77141557845288e-05,5.0130411715687e-08,-1.771397854887117e-05,5.013041171562138e-08,-1.771421079138946e-05,5.01304117154134e-08,-1.77141557845288e-05,5.0130411715687e-08,-1.771397854887117e-05,5.013041171562138e-08,-1.771421079138946e-05,5.01304117154134e-08,-1.77141557845288e-05,5.0130411715687e-08,-1.771397854887117e-05,5.013041171562138e-08,-1.771421079138946e-05,5.013430879782109e-08,-1.591763434298844e-05,5.01343087975334e-08,-1.591749756468086e-05,5.013430879751705e-08,-1.591768826147999e-05,5.013430879782109e-08,-1.591763434298844e-05,5.01343087975334e-08,-1.591749756468086e-05,5.013430879751705e-08,-1.591768826147999e-05,5.013430879782109e-08,-1.591763434298844e-05,5.01343087975334e-08,-1.591749756468086e-05,5.013430879751705e-08,-1.591768826147999e-05,5.013443279051161e-08,-1.488702410043814e-05,5.013443279013851e-08,-1.488688837990841e-05,5.013443279019845e-08,-1.488707744297035e-05,5.013443279051161e-08,-1.488702410043814e-05,5.013443279013851e-08,-1.488688837990841e-05,5.013443279019845e-08,-1.488707744297035e-05,5.013443279051161e-08,-1.488702410043814e-05,5.013443279013851e-08,-1.488688837990841e-05,5.013443279019845e-08,-1.488707744297035e-05,5.013133838033815e-08,-1.800041584762621e-05,5.013133838070124e-08,-1.800025306684061e-05,5.013133838042999e-08,-1.800046548408309e-05,5.013133838033815e-08,-1.800041584762621e-05,5.013133838070124e-08,-1.800025306684061e-05,5.013133838042999e-08,-1.800046548408309e-05,5.013133838033815e-08,-1.800041584762621e-05,5.013133838070124e-08,-1.800025306684061e-05,5.013133838042999e-08,-1.800046548408309e-05,5.013409575557517e-08,-1.762691418125821e-05,5.01340957557125e-08,-1.762664875967955e-05,5.013409575569233e-08,-1.762681211224337e-05,5.013409575557517e-08,-1.762691418125821e-05,5.01340957557125e-08,-1.762664875967955e-05,5.013409575569233e-08,-1.762681211224337e-05,5.013409575557517e-08,-1.762691418125821e-05,5.01340957557125e-08,-1.762664875967955e-05,5.013409575569233e-08,-1.762681211224337e-05,5.013409390888557e-08,-1.670496119043154e-05,5.013409390871323e-08,-1.670482900897109e-05,5.013409390876826e-08,-1.670498965032702e-05,5.013409390888557e-08,-1.670496119043154e-05,5.013409390871323e-08,-1.670482900897109e-05,5.013409390876826e-08,-1.670498965032702e-05,5.013409390888557e-08,-1.670496119043154e-05,5.013409390871323e-08,-1.670482900897109e-05,5.013409390876826e-08,-1.670498965032702e-05,5.013412706868878e-08,-1.577414221981719e-05,5.013412706863948e-08,-1.577401035924497e-05,5.013412706893182e-08,-1.577417169606454e-05,5.013412706868878e-08,-1.577414221981719e-05,5.013412706863948e-08,-1.577401035924497e-05,5.013412706893182e-08,-1.577417169606454e-05,5.013412706868878e-08,-1.577414221981719e-05,5.013412706863948e-08,-1.577401035924497e-05,5.013412706893182e-08,-1.577417169606454e-05
5.013780254896901e-08,-9.724987635363902e-06,5.013780255025727e-08,-9.724875752113675e-06,5.013780254998557e-08,-9.725039229141183e-06,5.013780254896901e-08,-9.724987635363902e-06,5.013780255025727e-08,-9.724875752113675e-06,5.013780254998557e-08,-9.725039229141183e-06,5.013780254896901e-08,-9.724987635363902e-06,5.013780255025727e-08,-9.724875752113675e-06,5.013780254998557e-08,-9.725039229141183e-06,5.013745702604374e-08,-9.346167967260873e-06,5.013745702638298e-08,-9.346055319803053e-06,5.013745702614462e-08,-9.346224148442952e-06,5.013745702604374e-08,-9.346167967260873e-06,5.013745702638298e-08,-9.346055319803053e-06,5.013745702614462e-08,-9.346224148442952e-06,5.013745702604374e-08,-9.346167967260873e-06,5.013745702638298e-08,-9.346055319803053e-06,5.013745702614462e-08,-9.346224148442952e-06,5.013712299795926e-08,-8.946886661666291e-06,5.013712299824817e-08,-8.946771268729903e-06,5.013712299816752e-08,-8.946939400232672e-06,5.013712299795926e-08,-8.946886661666291e-06,5.013712299824817e-08,-8.946771268729903e-06,5.013712299816752e-08,-8.946939400232672e-06,5.013712299795926e-08,-8.946886661666291e-06,5.013712299824817e-08,-8.946771268729903e-06,5.013712299816752e-08,-8.946939400232672e-06,5.014161567591311e-08,-7.094194676666412e-06,5.014161567559831e-08,-7.094107180332796e-06,5.014161567555048e-08,-7.094243446547716e-06,5.014161567591311e-08,-7.094194676666412e-06,5.014161567559831e-08,-7.094107180332796e-06,5.014161567555048e-08,-7.094243446547716e-06,5.014161567591311e-08,-7.094194676666412e-06,5.014161567559831e-08,-7.094107180332796e-06,5.014161567555048e-08,-7.094243446547716e-06,5.014172036502895e-08,-6.331519065231253e-06,5.014172036459278e-08,-6.33143315146791e-06,5.014172036462688e-08,-6.331571251282703e-06,5.014172036502895e-08,-6.331519065231253e-06,5.014172036459278e-08,-6.33143315146791e-06,5.014172036462688e-08,-6.331571251282703e-06,5.014172036502895e-08,-6.331519065231253e-06,5.014172036459278e-08,-6.33143315146791e-06,5.014172036462688e-08,-6.331571251282703e-06,5.013840152548806e-08,-8.631676888510167e-06,5.013840152584703e-08,-8.631572448520296e-06,5.013840152558657e-08,-8.631721694842941e-06,5.013840152548806e-08,-8.631676888510167e-06,5.013840152584703e-08,-8.631572448520296e-06,5.013840152558657e-08,-8.631721694842941e-06,5.013840152548806e-08,-8.631676888510167e-06,5.013840152584703e-08,-8.631572448520296e-06,5.013840152558657e-08,-8.631721694842941e-06,5.014170908636906e-08,-7.826225621862399e-06,5.014170908685894e-08,-7.82600907854768e-06,5.014170908684769e-08,-7.826119779990294e-06,5.014170908636906e-08,-7.826225621862399e-06,5.014170908685894e-08,-7.82600907854768e-06,5.014170908684769e-08,-7.826119779990294e-06,5.014170908636906e-08,-7.826225621862399e-06,5.014170908685894e-08,-7.82600907854768e-06,5.014170908684769e-08,-7.826119779990294e-06,5.014158356949495e-08,-7.241117957555948e-06,5.014158356933835e-08,-7.241036431543747e-06,5.014158356941831e-08,-7.241149148781632e-06,5.014158356949495e-08,-7.241117957555948e-06,5.014158356933835e-08,-7.241036431543747e-06,5.014158356941831e-08,-7.241149148781632e-06,5.014158356949495e-08,-7.241117957555948e-06,5.014158356933835e-08,-7.241036431543747e-06,5.014158356941831e-08,-7.241149148781632e-06,5.014152972567084e-08,-6.587716523462326e-06,5.014152972565598e-08,-6.58763472597171e-06,5.014152972598022e-08,-6.587749343188012e-06,5.014152972567084e-08,-6.587716523462326e-06,5.014152972565598e-08,-6.58763472597171e-06,5.014152972598022e-08,-6.587749343188012e-06,5.014152972567084e-08,-6.587716523462326e-06,5.014152972565598e-08,-6.58763472597171e-06,5.014152972598022e-08,-6.587749343188012e-06
5.014535253398238e-08,-2.869637910388515e-06,5.014535253503724e-08,-2.869573748266803e-06,5.014535253495854e-08,-2.869697768961294e-06,5.014535253398238e-08,-2.869637910388515e-06,5.014535253503724e-08,-2.869573748266803e-06,5.014535253495854e-08,-2.869697768961294e-06,5.014535253398238e-08,-2.869637910388515e-06,5.014535253503724e-08,-2.869573748266803e-06,5.014535253495854e-08,-2.869697768961294e-06,5.01449724085844e-08,-2.566053114965116e-06,5.014497240876366e-08,-2.565985753553482e-06,5.01449724086915e-08,-2.566112505714519e-06,5.01449724085844e-08,-2.566053114965116e-06,5.014497240876366e-08,-2.565985753553482e-06,5.01449724086915e-08,-2.566112505714519e-06,5.01449724085844e-08,-2.566053114965116e-06,5.014497240876366e-08,-2.565985753553482e-06,5.01449724086915e-08,-2.566112505714519e-06,5.014461133241972e-08,-2.2475039741635e-06,5.014461133255837e-08,-2.247433373404132e-06,5.014461133263049e-08,-2.247558628351451e-06,5.014461133241972e-08,-2.2475039741635e-06,5.014461133255837e-08,-2.247433373404132e-06,5.014461133263049e-08,-2.247558628351451e-06,5.014461133241972e-08,-2.2475039741635e-06,5.014461133255837e-08,-2.247433373404132e-06,5.014461133263049e-08,-2.247558628351451e-06,5.014919941063299e-08,-9.129968575667465e-07,5.014919941022501e-08,-9.129462147416784e-07,5.01491994102701e-08,-9.130515948733175e-07,5.014919941063299e-08,-9.129968575667465e-07,5.014919941022501e-08,-9.129462147416784e-07,5.01491994102701e-08,-9.130515948733175e-07,5.014919941063299e-08,-9.129968575667465e-07,5.014919941022501e-08,-9.129462147416784e-07,5.01491994102701e-08,-9.130515948733175e-07,5.014931883591895e-08,-3.337734735380146e-07,5.014931883537309e-08,-3.337225980529885e-07,5.014931883549278e-08,-3.338293846585356e-07,5.014931883591895e-08,-3.337734735380146e-07,5.014931883537309e-08,-3.337225980529885e-07,5.014931883549278e-08,-3.338293846585356e-07,5.014931883591895e-08,-3.337734735380146e-07,5.014931883537309e-08,-3.337225980529885e-07,5.014931883549278e-08,-3.338293846585356e-07,5.014605532153965e-08,-1.806045628313241e-06,5.0146055321742e-08,-1.805982945628144e-06,5.014605532168682e-08,-1.806093866432725e-06,5.014605532153965e-08,-1.806045628313241e-06,5.0146055321742e-08,-1.805982945628144e-06,5.014605532168682e-08,-1.806093866432725e-06,5.014605532153965e-08,-1.806045628313241e-06,5.0146055321742e-08,-1.805982945628144e-06,5.014605532168682e-08,-1.806093866432725e-06,5.014946450384054e-08,-1.208904667506527e-06,5.014946450448678e-08,-1.20872660548382e-06,5.014946450459501e-08,-1.208813710020252e-06,5.014946450384054e-08,-1.208904667506527e-06,5.014946450448678e-08,-1.20872660548382e-06,5.014946450459501e-08,-1.208813710020252e-06,5.014946450384054e-08,-1.208904667506527e-06,5.014946450448678e-08,-1.20872660548382e-06,5.014946450459501e-08,-1.208813710020252e-06,5.014927084158081e-08,-8.046424981174865e-07,5.014927084138817e-08,-8.045959982108894e-07,5.014927084162262e-08,-8.046815028961328e-07,5.014927084158081e-08,-8.046424981174865e-07,5.014927084138817e-08,-8.045959982108894e-07,5.014927084162262e-08,-8.046815028961328e-07,5.014927084158081e-08,-8.046424981174865e-07,5.014927084138817e-08,-8.045959982108894e-07,5.014927084162262e-08,-8.046815028961328e-07,5.014918425976645e-08,-3.475603540480945e-07,5.014918425971158e-08,-3.47512374159041e-07,5.014918426017934e-08,-3.47599239906949e-07,5.014918425976645e-08,-3.475603540480945e-07,5.014918425971158e-08,-3.47512374159041e-07,5.014918426017934e-08,-3.47599239906949e-07,5.014918425976645e-08,-3.475603540480945e-07,5.014918425971158e-08,-3.47512374159041e-07,5.014918426017934e-08,-3.47599239906949e-07
5.015381517252661e-08,2.543094574945779e-06,5.015381517380819e-08,2.543139861240869e-06,5.015381517368212e-08,2.543049421477627e-06,5.015381517252661e-08,2.543094574945779e-06,5.015381517380819e-08,2.543139861240869e-06,5.015381517368212e-08,2.543049421477627e-06,5.015381517252661e-08,2.543094574945779e-06,5.015381517380819e-08,2.543139861240869e-06,5.015381517368212e-08,2.543049421477627e-06,5.015343393960196e-08,2.761752049619342e-06,5.01534339398471e-08,2.761797592629757e-06,5.015343393972194e-08,2.761702555685651e-06,5.015343393960196e-08,2.761752049619342e-06,5.01534339398471e-08,2.761797592629757e-06,5.015343393972194e-08,2.761702555685651e-06,5.015343393960196e-08,2.761752049619342e-06,5.01534339398471e-08,2.761797592629757e-06,5.015343393972194e-08,2.761702555685651e-06,5.015307304746436e-08,2.980932223487824e-06,5.015307304766098e-08,2.980980196806358e-06,5.015307304770963e-08,2.980886857506769e-06,5.015307304746436e-08,2.980932223487824e-06,5.015307304766098e-08,2.980980196806358e-06,5.015307304770963e-08,2.980886857506769e-06,5.015307304746436e-08,2.980932223487824e-06,5.015307304766098e-08,2.980980196806358e-06,5.015307304770963e-08,2.980886857506769e-06,5.015817694119597e-08,4.351375692575841e-06,5.01581769406664e-08,4.351412207623555e-06,5.015817694057773e-08,4.351334210202857e-06,5.015817694119597e-08,4.351375692575841e-06,5.01581769406664e-08,4.351412207623555e-06,5.015817694057773e-08,4.351334210202857e-06,5.015817694119597e-08,4.351375692575841e-06,5.01581769406664e-08,4.351412207623555e-06,5.015817694057773e-08,4.351334210202857e-06,5.015840092200965e-08,4.827191948504014e-06,5.015840092133021e-08,4.827230769476426e-06,5.015840092134169e-08,4.827153364589242e-06,5.015840092200965e-08,4.827191948504014e-06,5.015840092133021e-08,4.827230769476426e-06,5.015840092134169e-08,4.827153364589242e-06,5.015840092200965e-08,4.827191948504014e-06,5.015840092133021e-08,4.827230769476426e-06,5.015840092134169e-08,4.827153364589242e-06,5.015457760887927e-08,3.31823257920718e-06,5.015457760916249e-08,3.318272676869643e-06,5.015457760905272e-08,3.318186911541519e-06,5.015457760887927e-08,3.31823257920718e-06,5.015457760916249e-08,3.318272676869643e-06,5.015457760905272e-08,3.318186911541519e-06,5.015457760887927e-08,3.31823257920718e-06,5.015457760916249e-08,3.318272676869643e-06,5.015457760905272e-08,3.318186911541519e-06,5.015824819670199e-08,3.929521209840706e-06,5.01582481972497e-08,3.92969090712679e-06,5.0158248197375e-08,3.929633129294217e-06,5.015824819670199e-08,3.929521209840706e-06,5.01582481972497e-08,3.92969090712679e-06,5.0158248197375e-08,3.929633129294217e-06,5.015824819670199e-08,3.929521209840706e-06,5.01582481972497e-08,3.92969090712679e-06,5.0158248197375e-08,3.929633129294217e-06,5.015810315375725e-08,4.243413207435908e-06,5.015810315357703e-08,4.243446947243624e-06,5.015810315382222e-08,4.243385990339837e-06,5.015810315375725e-08,4.243413207435908e-06,5.015810315357703e-08,4.243446947243624e-06,5.015810315382222e-08,4.243385990339837e-06,5.015810315375725e-08,4.243413207435908e-06,5.015810315357703e-08,4.243446947243624e-06,5.015810315382222e-08,4.243385990339837e-06,5.015807275814094e-08,4.598591589995744e-06,5.015807275813258e-08,4.598627322537005e-06,5.015807275866017e-08,4.598565561601637e-06,5.015807275814094e-08,4.598591589995744e-06,5.015807275813258e-08,4.598627322537005e-06,5.015807275866017e-08,4.598565561601637e-06,5.015807275814094e-08,4.598591589995744e-06,5.015807275813258e-08,4.598627322537005e-06,5.015807275866017e-08,4.598565561601637e-06
5.016448822645554e-08,8.250757225646946e-06,5.016448822809189e-08,8.250785369582504e-06,5.016448822785373e-08,8.250710465660003e-06,5.016448822645554e-08,8.250757225646946e-06,5.016448822809189e-08,8.250785369582504e-06,5.016448822785373e-08,8.250710465660003e-06,5.016448822645554e-08,8.250757225646946e-06,5.016448822809189e-08,8.250785369582504e-06,5.016448822785373e-08,8.250710465660003e-06,5.016414835777868e-08,8.358307802995989e-06,5.016414835799153e-08,8.358273509430767e-06,5.016414835776e-08,8.358195444990706e-06,5.016414835777868e-08,8.358307802995989e-06,5.016414835799153e-08,8.358273509430767e-06,5.016414835776e-08,8.358195444990706e-06,5.016414835777868e-08,8.358307802995989e-06,5.016414835799153e-08,8.358273509430767e-06,5.016414835776e-08,8.358195444990706e-06,5.016382521692862e-08,8.469855600562423e-06,5.016382521706485e-08,8.469889082691446e-06,5.016382521708534e-08,8.469814756568397e-06,5.016382521692862e-08,8.469855600562423e-06,5.016382521706485e-08,8.469889082691446e-06,5.016382521708534e-08,8.469814756568397e-06,5.016382521692862e-08,8.469855600562423e-06,5.016382521706485e-08,8.469889082691446e-06,5.016382521708534e-08,8.469814756568397e-06,5.016984806171857e-08,1.013126194574472e-05,5.016984806109863e-08,1.013129353329341e-05,5.016984806118189e-08,1.013123153682809e-05,5.016984806171857e-08,1.013126194574472e-05,5.016984806109863e-08,1.013129353329341e-05,5.016984806118189e-08,1.013123153682809e-05,5.016984806171857e-08,1.013126194574472e-05,5.016984806109863e-08,1.013129353329341e-05,5.016984806118189e-08,1.013123153682809e-05,5.017035078083228e-08,1.05744122950905e-05,5.017035077995875e-08,1.05744475435137e-05,5.017035078012212e-08,1.057438598333279e-05,5.017035078083228e-08,1.05744122950905e-05,5.017035077995875e-08,1.05744475435137e-05,5.017035078012212e-08,1.057438598333279e-05,5.017035078083228e-08,1.05744122950905e-05,5.017035077995875e-08,1.05744475435137e-05,5.017035078012212e-08,1.057438598333279e-05,5.016527643178778e-08,8.55203833475492e-06,5.016527643202828e-08,8.552070913951461e-06,5.016527643177888e-08,8.552006246143697e-06,5.016527643178778e-08,8.55203833475492e-06,5.016527643202828e-08,8.552070913951461e-06,5.016527643177888e-08,8.552006246143697e-06,5.016527643178778e-08,8.55203833475492e-06,5.016527643202828e-08,8.552070913951461e-06,5.016527643177888e-08,8.552006246143697e-06,5.016932741894243e-08,9.270151588605778e-06,5.016932741902924e-08,9.270323520741148e-06,5.016932741904138e-08,9.27027456898575e-06,5.016932741894243e-08,9.270151588605778e-06,5.016932741902924e-08,9.270323520741148e-06,5.016932741904138e-08,9.27027456898575e-06,5.016932741894243e-08,9.270151588605778e-06,5.016932741902924e-08,9.270323520741148e-06,5.016932741904138e-08,9.27027456898575e-06,5.016931607694081e-08,9.50023692835173e-06,5.016931607650994e-08,9.500261810386222e-06,5.01693160766761e-08,9.500209782469866e-06,5.016931607694081e-08,9.50023692835173e-06,5.016931607650994e-08,9.500261810386222e-06,5.01693160766761e-08,9.500209782469866e-06,5.016931607694081e-08,9.50023692835173e-06,5.016931607650994e-08,9.500261810386222e-06,5.01693160766761e-08,9.500209782469866e-06,5.016944787937434e-08,9.772779006936991e-06,5.016944787915173e-08,9.772810850882666e-06,5.016944787968043e-08,9.772763007249275e-06,5.016944787937434e-08,9.772779006936991e-06,5.016944787915173e-08,9.772810850882666e-06,5.016944787968043e-08,9.772763007249275e-06,5.016944787937434e-08,9.772779006936991e-06,5.016944787915173e-08,9.772810850882666e-06,5.016944787968043e-08,9.772763007249275e-06
5.018018871477637e-08,1.51524613497055e-05,5.018018871744151e-08,1.515251643668073e-05,5.018018871706167e-08,1.515245896601942e-05,5.018018871477637e-08,1.51524613497055e-05,5.018018871744151e-08,1.515251643668073e-05,5.018018871706167e-08,1.515245896601942e-05,5.018018871477637e-08,1.51524613497055e-05,5.018018871744151e-08,1.515251643668073e-05,5.018018871706167e-08,1.515245896601942e-05,5.017983707598021e-08,1.510953865038673e-05,5.017983707631038e-08,1.510951620655433e-05,5.017983707602279e-08,1.510945583833194e-05,5.017983707598021e-08,1.510953865038673e-05,5.017983707631038e-08,1.510951620655433e-05,5.017983707602279e-08,1.510945583833194e-05,5.017983707598021e-08,1.510953865038673e-05,5.017983707631038e-08,1.510951620655433e-05,5.017983707602279e-08,1.510945583833194e-05,5.017952615766516e-08,1.505944192402502e-05,5.017952615809531e-08,1.505949908290994e-05,5.017952615821444e-08,1.505944028318995e-05,5.017952615766516e-08,1.505944192402502e-05,5.017952615809531e-08,1.505949908290994e-05,5.017952615821444e-08,1.505944028318995e-05,5.017952615766516e-08,1.505944192402502e-05,5.017952615809531e-08,1.505949908290994e-05,5.017952615821444e-08,1.505944028318995e-05,5.01880836248808e-08,1.688098061885429e-05,5.018808362348348e-08,1.688105289423459e-05,5.018808362293696e-08,1.688100405525866e-05,5.01880836248808e-08,1.688098061885429e-05,5.018808362348348e-08,1.688105289423459e-05,5.018808362293696e-08,1.688100405525866e-05,5.01880836248808e-08,1.688098061885429e-05,5.018808362348348e-08,1.688105289423459e-05,5.018808362293696e-08,1.688100405525866e-05,5.018908818055119e-08,1.713227928903434e-05,5.018908817895597e-08,1.713235823916255e-05,5.01890881788348e-08,1.713230862000134e-05,5.018908818055119e-08,1.713227928903434e-05,5.018908817895597e-08,1.713235823916255e-05,5.01890881788348e-08,1.713230862000134e-05,5.018908818055119e-08,1.713227928903434e-05,5.018908817895597e-08,1.713235823916255e-05,5.01890881788348e-08,1.713230862000134e-05,5.018105473887878e-08,1.48790685090943e-05,5.018105473963535e-08,1.487912316108539e-05,5.018105473951335e-08,1.487906996211774e-05,5.018105473887878e-08,1.48790685090943e-05,5.018105473963535e-08,1.487912316108539e-05,5.018105473951335e-08,1.487906996211774e-05,5.018105473887878e-08,1.48790685090943e-05,5.018105473963535e-08,1.487912316108539e-05,5.018105473951335e-08,1.487906996211774e-05,5.018649851090705e-08,1.581406488773522e-05,5.018649851070138e-08,1.581424934943318e-05,5.018649851086785e-08,1.581421015073918e-05,5.018649851090705e-08,1.581406488773522e-05,5.018649851070138e-08,1.581424934943318e-05,5.018649851086785e-08,1.581421015073918e-05,5.018649851090705e-08,1.581406488773522e-05,5.018649851070138e-08,1.581424934943318e-05,5.018649851086785e-08,1.581421015073918e-05,5.01866753439998e-08,1.589381402840326e-05,5.018667534365327e-08,1.589387217711897e-05,5.018667534412909e-08,1.589383139192063e-05,5.01866753439998e-08,1.589381402840326e-05,5.018667534365327e-08,1.589387217711897e-05,5.018667534412909e-08,1.589383139192063e-05,5.01866753439998e-08,1.589381402840326e-05,5.018667534365327e-08,1.589387217711897e-05,5.018667534412909e-08,1.589383139192063e-05,5.018705393595088e-08,1.599296055376721e-05,5.018705393601523e-08,1.599302241698549e-05,5.0187053937158e-08,1.599298019819667e-05,5.018705393595088e-08,1.599296055376721e-05,5.018705393601523e-08,1.599302241698549e-05,5.0187053937158e-08,1.599298019819667e-05,5.018705393595088e-08,1.599296055376721e-05,5.018705393601523e-08,1.599302241698549e-05,5.0187053937158e-08,1.599298019819667e-05
5.020464978271851e-08,1.963128195457786e-05,5.020464978603194e-08,1.96314072671563e-05,5.020464978551567e-08,1.963132295834745e-05,5.020464978271851e-08,1.963128195457786e-05,5.020464978603194e-08,1.96314072671563e-05,5.020464978551567e-08,1.963132295834745e-05,5.020464978271851e-08,1.963128195457786e-05,5.020464978603194e-08,1.96314072671563e-05,5.020464978551567e-08,1.963132295834745e-05,5.020332936278185e-08,1.942005163022809e-05,5.020332936359903e-08,1.942017859304461e-05,5.020332936322998e-08,1.942009200273055e-05,5.020332936278185e-08,1.942005163022809e-05,5.020332936359903e-08,1.942017859304461e-05,5.020332936322998e-08,1.942009200273055e-05,5.020332936278185e-08,1.942005163022809e-05,5.020332936359903e-08,1.942017859304461e-05,5.020332936322998e-08,1.942009200273055e-05,5.020415515712344e-08,1.925608779827732e-05,5.020415515762835e-08,1.925621823549927e-05,5.020415515783114e-08,1.925613322343534e-05,5.020415515712344e-08,1.925608779827732e-05,5.020415515762835e-08,1.925621823549927e-05,5.020415515783114e-08,1.925613322343534e-05,5.020415515712344e-08,1.925608779827732e-05,5.020415515762835e-08,1.925621823549927e-05,5.020415515783114e-08,1.925613322343534e-05,5.021470327633688e-08,1.902835897430182e-05,5.021470327448865e-08,1.902850845056894e-05,5.021470327382132e-08,1.902841758455579e-05,5.021470327633688e-08,1.902835897430182e-05,5.021470327448865e-08,1.902850845056894e-05,5.021470327382132e-08,1.902841758455579e-05,5.021470327633688e-08,1.902835897430182e-05,5.021470327448865e-08,1.902850845056894e-05,5.021470327382132e-08,1.902841758455579e-05,5.021518370322543e-08,1.867727511026054e-05,5.021518370102202e-08,1.867742655594302e-05,5.021518370091236e-08,1.867733207558096e-05,5.021518370322543e-08,1.867727511026054e-05,5.021518370102202e-08,1.867742655594302e-05,5.021518370091236e-08,1.867733207558096e-05,5.021518370322543e-08,1.867727511026054e-05,5.021518370102202e-08,1.867742655594302e-05,5.021518370091236e-08,1.867733207558096e-05,5.020596306077987e-08,1.901282158169268e-05,5.020596306172309e-08,1.901295217454887e-05,5.020596306169086e-08,1.901287538920982e-05,5.020596306077987e-08,1.901282158169268e-05,5.020596306172309e-08,1.901295217454887e-05,5.020596306169086e-08,1.901287538920982e-05,5.020596306077987e-08,1.901282158169268e-05,5.020596306172309e-08,1.901295217454887e-05,5.020596306169086e-08,1.901287538920982e-05,5.021255966170685e-08,1.905953123255792e-05,5.021255966107786e-08,1.905979775446842e-05,5.021255966120419e-08,1.905972318735062e-05,5.021255966170685e-08,1.905953123255792e-05,5.021255966107786e-08,1.905979775446842e-05,5.021255966120419e-08,1.905972318735062e-05,5.021255966170685e-08,1.905953123255792e-05,5.021255966107786e-08,1.905979775446842e-05,5.021255966120419e-08,1.905972318735062e-05,5.021292698177189e-08,1.880551175409341e-05,5.021292698117836e-08,1.880564536957335e-05,5.021292698170733e-08,1.880556810124476e-05,5.021292698177189e-08,1.880551175409341e-05,5.021292698117836e-08,1.880564536957335e-05,5.021292698170733e-08,1.880556810124476e-05,5.021292698177189e-08,1.880551175409341e-05,5.021292698117836e-08,1.880564536957335e-05,5.021292698170733e-08,1.880556810124476e-05,5.021356815441385e-08,1.851785818320733e-05,5.02135681543673e-08,1.851799399984793e-05,5.021356815577802e-08,1.851791167892003e-05,5.021356815441385e-08,1.851785818320733e-05,5.02135681543673e-08,1.851799399984793e-05,5.021356815577802e-08,1.851791167892003e-05,5.021356815441385e-08,1.851785818320733e-05,5.02135681543673e-08,1.851799399984793e-05,5.021356815577802e-08,1.851791167892003e-05
5.023716085602676e-08,1.41756187313394e-05,5.0237160860773e-08,1.417577349335211e-05,5.023716086013054e-08,1.417567514903013e-05,5.023716085602676e-08,1.41756187313394e-05,5.0237160860773e-08,1.417577349335211e-05,5.023716086013054e-08,1.417567514903013e-05,5.023716085602676e-08,1.41756187313394e-05,5.0237160860773e-08,1.417577349335211e-05,5.023716086013054e-08,1.417567514903013e-05,5.02372301235028e-08,1.384486109477386e-05,5.023723012251091e-08,1.384504841893505e-05,5.023723012177704e-08,1.384494644242817e-05,5.02372301235028e-08,1.384486109477386e-05,5.023723012251091e-08,1.384504841893505e-05,5.023723012177704e-08,1.384494644242817e-05,5.02372301235028e-08,1.384486109477386e-05,5.023723012251091e-08,1.384504841893505e-05,5.023723012177704e-08,1.384494644242817e-05,5.023649781465787e-08,1.356997274956489e-05,5.023649781519865e-08,1.357012599362728e-05,5.023649781517557e-08,1.357002443139861e-05,5.023649781465787e-08,1.356997274956489e-05,5.023649781519865e-08,1.357012599362728e-05,5.023649781517557e-08,1.357002443139861e-05,5.023649781465787e-08,1.356997274956489e-05,5.023649781519865e-08,1.357012599362728e-05,5.023649781517557e-08,1.357002443139861e-05,5.02481290072809e-08,1.131049276653173e-05,5.02481289975089e-08,1.131064767665071e-05,5.024812898573621e-08,1.131055880250166e-05,5.02481290072809e-08,1.131049276653173e-05,5.02481289975089e-08,1.131064767665071e-05,5.024812898573621e-08,1.131055880250166e-05,5.02481290072809e-08,1.131049276653173e-05,5.02481289975089e-08,1.131064767665071e-05,5.024812898573621e-08,1.131055880250166e-05,5.024829319454947e-08,1.079084092886792e-05,5.024829318692494e-08,1.079099265220353e-05,5.02482931770057e-08,1.079090467296461e-05,5.024829319454947e-08,1.079084092886792e-05,5.024829318692494e-08,1.079099265220353e-05,5.02482931770057e-08,1.079090467296461e-05,5.024829319454947e-08,1.079084092886792e-05,5.024829318692494e-08,1.079099265220353e-05,5.02482931770057e-08,1.079090467296461e-05,5.023889606205229e-08,1.334887018978129e-05,5.023889606307245e-08,1.334902146954169e-05,5.023889606267603e-08,1.334892743813947e-05,5.023889606205229e-08,1.334887018978129e-05,5.023889606307245e-08,1.334902146954169e-05,5.023889606267603e-08,1.334892743813947e-05,5.023889606205229e-08,1.334887018978129e-05,5.023889606307245e-08,1.334902146954169e-05,5.023889606267603e-08,1.334892743813947e-05,5.024779551647077e-08,1.20548300792292e-05,5.024779551579148e-08,1.205511044220891e-05,5.024779551598254e-08,1.205502903134181e-05,5.024779551647077e-08,1.20548300792292e-05,5.024779551579148e-08,1.205511044220891e-05,5.024779551598254e-08,1.205502903134181e-05,5.024779551647077e-08,1.20548300792292e-05,5.024779551579148e-08,1.205511044220891e-05,5.024779551598254e-08,1.205502903134181e-05,5.024841562139582e-08,1.144075988929006e-05,5.024841562095733e-08,1.144090561600698e-05,5.024841562182539e-08,1.144082365155742e-05,5.024841562139582e-08,1.144075988929006e-05,5.024841562095733e-08,1.144090561600698e-05,5.024841562182539e-08,1.144082365155742e-05,5.024841562139582e-08,1.144075988929006e-05,5.024841562095733e-08,1.144090561600698e-05,5.024841562182539e-08,1.144082365155742e-05,5.024951500518593e-08,1.069672729177918e-05,5.024951500548138e-08,1.069687337826366e-05,5.02495150075016e-08,1.06967945820066e-05,5.024951500518593e-08,1.069672729177918e-05,5.024951500548138e-08,1.069687337826366e-05,5.02495150075016e-08,1.06967945820066e-05,5.024951500518593e-08,1.069672729177918e-05,5.024951500548138e-08,1.069687337826366e-05,5.02495150075016e-08,1.06967945820066e-05
5.026632403324302e-08,5.043873464478355e-06,5.026632403530789e-08,5.044028488474905e-06,5.026632403449981e-08,5.043924212364922e-06,5.026632403324302e-08,5.043873464478355e-06,5.026632403530789e-08,5.044028488474905e-06,5.026632403449981e-08,5.043924212364922e-06,5.026632403324302e-08,5.043873464478355e-06,5.026632403530789e-08,5.044028488474905e-06,5.026632403449981e-08,5.043924212364922e-06,5.026625674099158e-08,4.707802959579921e-06,5.026625674148678e-08,4.70798421183693e-06,5.026625674078538e-08,4.70788270948316e-06,5.026625674099158e-08,4.707802959579921e-06,5.026625674148678e-08,4.70798421183693e-06,5.026625674078538e-08,4.70788270948316e-06,5.026625674099158e-08,4.707802959579921e-06,5.026625674148678e-08,4.70798421183693e-06,5.026625674078538e-08,4.70788270948316e-06,5.026572941038872e-08,4.415852723633509e-06,5.026572940669505e-08,4.416008918985624e-06,5.026572940442543e-08,4.415910384654759e-06,5.026572941038872e-08,4.415852723633509e-06,5.026572940669505e-08,4.416008918985624e-06,5.026572940442543e-08,4.415910384654759e-06,5.026572941038872e-08,4.415852723633509e-06,5.026572940669505e-08,4.416008918985624e-06,5.026572940442543e-08,4.415910384654759e-06,5.027777245822724e-08,2.492397099111161e-06,5.027777244549147e-08,2.49256647961282e-06,5.027777243340955e-08,2.492471619593651e-06,5.027777245822724e-08,2.492397099111161e-06,5.027777244549147e-08,2.49256647961282e-06,5.027777243340955e-08,2.492471619593651e-06,5.027777245822724e-08,2.492397099111161e-06,5.027777244549147e-08,2.49256647961282e-06,5.027777243340955e-08,2.492471619593651e-06,5.027786172735171e-08,2.104353739603069e-06,5.027786171578233e-08,2.104516385569771e-06,5.027786170446563e-08,2.104423211492195e-06,5.027786172735171e-08,2.104353739603069e-06,5.027786171578233e-08,2.104516385569771e-06,5.027786170446563e-08,2.104423211492195e-06,5.027786172735171e-08,2.104353739603069e-06,5.027786171578233e-08,2.104516385569771e-06,5.027786170446563e-08,2.104423211492195e-06,5.02685831237629e-08,4.178439375318677e-06,5.026858312105e-08,4.178600388387945e-06,5.02685831192467e-08,4.178511051777058e-06,5.02685831237629e-08,4.178439375318677e-06,5.026858312105e-08,4.178600388387945e-06,5.02685831192467e-08,4.178511051777058e-06,5.02685831237629e-08,4.178439375318677e-06,5.026858312105e-08,4.178600388387945e-06,5.02685831192467e-08,4.178511051777058e-06,5.027782169177002e-08,3.075848607007658e-06,5.0277821684564e-08,3.076133578281736e-06,5.02778216796847e-08,3.076036764109843e-06,5.027782169177002e-08,3.075848607007658e-06,5.0277821684564e-08,3.076133578281736e-06,5.02778216796847e-08,3.076036764109843e-06,5.027782169177002e-08,3.075848607007658e-06,5.0277821684564e-08,3.076133578281736e-06,5.02778216796847e-08,3.076036764109843e-06,5.027844876964878e-08,2.55599845989938e-06,5.027844876287256e-08,2.55614460034582e-06,5.027844875862879e-08,2.556046741564188e-06,5.027844876964878e-08,2.55599845989938e-06,5.027844876287256e-08,2.55614460034582e-06,5.027844875862879e-08,2.556046741564188e-06,5.027844876964878e-08,2.55599845989938e-06,5.027844876287256e-08,2.55614460034582e-06,5.027844875862879e-08,2.556046741564188e-06,5.027954152527604e-08,1.943043455423813e-06,5.027954151927706e-08,1.943191301739454e-06,5.027954151621831e-08,1.943092010550245e-06,5.027954152527604e-08,1.943043455423813e-06,5.027954151927706e-08,1.943191301739454e-06,5.027954151621831e-08,1.943092010550245e-06,5.027954152527604e-08,1.943043455423813e-06,5.027954151927706e-08,1.943191301739454e-06,5.027954151621831e-08,1.943092010550245e-06
5.02984405560188e-08,-1.92427702917381e-06,5.029844055646621e-08,-1.924219998138568e-06,5.029844055676599e-08,-1.924203867409582e-06,5.02984405560188e-08,-1.92427702917381e-06,5.029844055646621e-08,-1.924219998138568e-06,5.029844055676599e-08,-1.924203867409582e-06,5.02984405560188e-08,-1.92427702917381e-06,5.029844055646621e-08,-1.924219998138568e-06,5.029844055676599e-08,-1.924203867409582e-06,5.029859492802808e-08,-2.150599841745724e-06,5.029859488030027e-08,-2.150540540801919e-06,5.029859488088508e-08,-2.1505173690871e-06,5.029859492802808e-08,-2.150599841745724e-06,5.029859488030027e-08,-2.150540540801919e-06,5.029859488088508e-08,-2.1505173690871e-06,5.029859492802808e-08,-2.150599841745724e-06,5.029859488030027e-08,-2.150540540801919e-06,5.029859488088508e-08,-2.1505173690871e-06,5.029770762194634e-08,-2.226415978663865e-06,5.029770761553853e-08,-2.226380365743548e-06,5.0297707614201e-08,-2.226348052118202e-06,5.029770762194634e-08,-2.226415978663865e-06,5.029770761553853e-08,-2.226380365743548e-06,5.0297707614201e-08,-2.226348052118202e-06,5.029770762194634e-08,-2.226415978663865e-06,5.029770761553853e-08,-2.226380365743548e-06,5.0297707614201e-08,-2.226348052118202e-06,5.031198706011886e-08,-3.26091760476547e-06,5.03119870429634e-08,-3.260881028379102e-06,5.031198702992669e-08,-3.260830662402483e-06,5.031198706011886e-08,-3.26091760476547e-06,5.03119870429634e-08,-3.260881028379102e-06,5.031198702992669e-08,-3.260830662402483e-06,5.031198706011886e-08,-3.26091760476547e-06,5.03119870429634e-08,-3.260881028379102e-06,5.031198702992669e-08,-3.260830662402483e-06,5.031227878939382e-08,-3.437441215710109e-06,5.031227877484275e-08,-3.437413192694835e-06,5.03122787642105e-08,-3.43735521794972e-06,5.031227878939382e-08,-3.437441215710109e-06,5.031227877484275e-08,-3.437413192694835e-06,5.03122787642105e-08,-3.43735521794972e-06,5.031227878939382e-08,-3.437441215710109e-06,5.031227877484275e-08,-3.437413192694835e-06,5.03122787642105e-08,-3.43735521794972e-06,5.030087409582258e-08,-2.340080216106874e-06,5.030087409020723e-08,-2.340031944563458e-06,5.03008740889984e-08,-2.340005598251883e-06,5.030087409582258e-08,-2.340080216106874e-06,5.030087409020723e-08,-2.340031944563458e-06,5.03008740889984e-08,-2.340005598251883e-06,5.030087409582258e-08,-2.340080216106874e-06,5.030087409020723e-08,-2.340031944563458e-06,5.03008740889984e-08,-2.340005598251883e-06,5.031180807368418e-08,-2.986832788653624e-06,5.031180806892085e-08,-2.986643196928603e-06,5.031180807113105e-08,-2.986612358261699e-06,5.031180807368418e-08,-2.986832788653624e-06,5.031180806892085e-08,-2.986643196928603e-06,5.031180807113105e-08,-2.986612358261699e-06,5.031180807368418e-08,-2.986832788653624e-06,5.031180806892085e-08,-2.986643196928603e-06,5.031180807113105e-08,-2.986612358261699e-06,5.031258152454893e-08,-3.209959698624351e-06,5.031258151927543e-08,-3.209915375715519e-06,5.03125815214221e-08,-3.209868813884541e-06,5.031258152454893e-08,-3.209959698624351e-06,5.031258151927543e-08,-3.209915375715519e-06,5.03125815214221e-08,-3.209868813884541e-06,5.031258152454893e-08,-3.209959698624351e-06,5.031258151927543e-08,-3.209915375715519e-06,5.03125815214221e-08,-3.209868813884541e-06,5.03139235311214e-08,-3.470544211697693e-06,5.031392352640183e-08,-3.470512199894547e-06,5.031392352920495e-08,-3.470452250694732e-06,5.03139235311214e-08,-3.470544211697693e-06,5.031392352640183e-08,-3.470512199894547e-06,5.031392352920495e-08,-3.470452250694732e-06,5.03139235311214e-08,-3.470544211697693e-06,5.031392352640183e-08,-3.470512199894547e-06,5.031392352920495e-08,-3.470452250694732e-06
5.033936142690556e-08,-4.694825818240785e-06,5.033936143237442e-08,-4.694789172214356e-06,5.033936143861904e-08,-4.694741636701139e-06,5.033936142690556e-08,-4.694825818240785e-06,5.033936143237442e-08,-4.694789172214356e-06,5.033936143861904e-08,-4.694741636701139e-06,5.033936142690556e-08,-4.694825818240785e-06,5.033936143237442e-08,-4.694789172214356e-06,5.033936143861904e-08,-4.694741636701139e-06,5.033894783013277e-08,-4.65999223774845e-06,5.033894776110446e-08,-4.659949672620072e-06,5.033894776803766e-08,-4.659906699738455e-06,5.033894783013277e-08,-4.65999223774845e-06,5.033894776110446e-08,-4.659949672620072e-06,5.033894776803766e-08,-4.659906699738455e-06,5.033894783013277e-08,-4.65999223774845e-06,5.033894776110446e-08,-4.659949672620072e-06,5.033894776803766e-08,-4.659906699738455e-06,5.033851805225452e-08,-4.647285508693063e-06,5.033851805034001e-08,-4.647241853830546e-06,5.033851805530294e-08,-4.647198653054736e-06,5.033851805225452e-08,-4.647285508693063e-06,5.033851805034001e-08,-4.647241853830546e-06,5.033851805530294e-08,-4.647198653054736e-06,5.033851805225452e-08,-4.647285508693063e-06,5.033851805034001e-08,-4.647241853830546e-06,5.033851805530294e-08,-4.647198653054736e-06,5.035809653375533e-08,-4.675987704892028e-06,5.035809652447438e-08,-4.675909617068571e-06,5.035809652116633e-08,-4.675854059103166e-06,5.035809653375533e-08,-4.675987704892028e-06,5.035809652447438e-08,-4.675909617068571e-06,5.035809652116633e-08,-4.675854059103166e-06,5.035809653375533e-08,-4.675987704892028e-06,5.035809652447438e-08,-4.675909617068571e-06,5.035809652116633e-08,-4.675854059103166e-06,5.035868633086431e-08,-4.599461473116474e-06,5.035868632274491e-08,-4.599334245850212e-06,5.035868632030067e-08,-4.59928075700375e-06,5.035868633086431e-08,-4.599461473116474e-06,5.035868632274491e-08,-4.599334245850212e-06,5.035868632030067e-08,-4.59928075700375e-06,5.035868633086431e-08,-4.599461473116474e-06,5.035868632274491e-08,-4.599334245850212e-06,5.035868632030067e-08,-4.59928075700375e-06,5.034190882151718e-08,-4.618601039790178e-06,5.034190882253767e-08,-4.618542978818531e-06,5.034190882956206e-08,-4.61847276927777e-06,5.034190882151718e-08,-4.618601039790178e-06,5.034190882253767e-08,-4.618542978818531e-06,5.034190882956206e-08,-4.61847276927777e-06,5.034190882151718e-08,-4.618601039790178e-06,5.034190882253767e-08,-4.618542978818531e-06,5.034190882956206e-08,-4.61847276927777e-06,5.035558863500405e-08,-4.669400230836978e-06,5.035558862742672e-08,-4.669295917613535e-06,5.035558862742252e-08,-4.669221912391438e-06,5.035558863500405e-08,-4.669400230836978e-06,5.035558862742672e-08,-4.669295917613535e-06,5.035558862742252e-08,-4.669221912391438e-06,5.035558863500405e-08,-4.669400230836978e-06,5.035558862742672e-08,-4.669295917613535e-06,5.035558862742252e-08,-4.669221912391438e-06,5.035669595909838e-08,-4.59466828433858e-06,5.035669595212392e-08,-4.594603765167628e-06,5.035669595249784e-08,-4.5945373901919e-06,5.035669595909838e-08,-4.59466828433858e-06,5.035669595212392e-08,-4.594603765167628e-06,5.035669595249784e-08,-4.5945373901919e-06,5.035669595909838e-08,-4.59466828433858e-06,5.035669595212392e-08,-4.594603765167628e-06,5.035669595249784e-08,-4.5945373901919e-06,5.035856355825726e-08,-4.513791873834751e-06,5.035856355185704e-08,-4.513718458342989e-06,5.035856355375747e-08,-4.513660016008049e-06,5.035856355825726e-08,-4.513791873834751e-06,5.035856355185704e-08,-4.513718458342989e-06,5.035856355375747e-08,-4.513660016008049e-06,5.035856355825726e-08,-4.513791873834751e-06,5.035856355185704e-08,-4.513718458342989e-06,5.035856355375747e-08,-4.513660016008049e-06
5.039442095177878e-08,-3.508036190700777e-06,5.039442093559153e-08,-3.508002903084436e-06,5.039442096069267e-08,-3.507965981029895e-06,5.039442095177878e-08,-3.508036190700777e-06,5.039442093559153e-08,-3.508002903084436e-06,5.039442096069267e-08,-3.507965981029895e-06,5.039442095177878e-08,-3.508036190700777e-06,5.039442093559153e-08,-3.508002903084436e-06,5.039442096069267e-08,-3.507965981029895e-06,5.039316415918943e-08,-3.445462414141538e-06,5.03931640614423e-08,-3.445436187302734e-06,5.039316408620848e-08,-3.445400894515803e-06,5.039316415918943e-08,-3.445462414141538e-06,5.03931640614423e-08,-3.445436187302734e-06,5.039316408620848e-08,-3.445400894515803e-06,5.039316415918943e-08,-3.445462414141538e-06,5.03931640614423e-08,-3.445436187302734e-06,5.039316408620848e-08,-3.445400894515803e-06,5.039191841265916e-08,-3.364760987811295e-06,5.03919183887892e-08,-3.364729351433766e-06,5.039191840942666e-08,-3.364691259027204e-06,5.039191841265916e-08,-3.364760987811295e-06,5.03919183887892e-08,-3.364729351433766e-06,5.039191840942666e-08,-3.364691259027204e-06,5.039191841265916e-08,-3.364760987811295e-06,5.03919183887892e-08,-3.364729351433766e-06,5.039191840942666e-08,-3.364691259027204e-06,5.041312453103418e-08,-2.936533144271757e-06,5.041312449710293e-08,-2.93650556726951e-06,5.0413124500955e-08,-2.936488239350846e-06,5.041312453103418e-08,-2.936533144271757e-06,5.041312449710293e-08,-2.93650556726951e-06,5.0413124500955e-08,-2.936488239350846e-06,5.041312453103418e-08,-2.936533144271757e-06,5.041312449710293e-08,-2.93650556726951e-06,5.0413124500955e-08,-2.936488239350846e-06,5.041319297306516e-08,-2.820514238078041e-06,5.041319293542478e-08,-2.820563737283221e-06,5.041319293763621e-08,-2.820545785616654e-06,5.041319297306516e-08,-2.820514238078041e-06,5.041319293542478e-08,-2.820563737283221e-06,5.041319293763621e-08,-2.820545785616654e-06,5.041319297306516e-08,-2.820514238078041e-06,5.041319293542478e-08,-2.820563737283221e-06,5.041319293763621e-08,-2.820545785616654e-06,5.039516908731859e-08,-3.352171311999542e-06,5.039516905958693e-08,-3.352139768109492e-06,5.039516907032744e-08,-3.352119066320434e-06,5.039516908731859e-08,-3.352171311999542e-06,5.039516905958693e-08,-3.352139768109492e-06,5.039516907032744e-08,-3.352119066320434e-06,5.039516908731859e-08,-3.352171311999542e-06,5.039516905958693e-08,-3.352139768109492e-06,5.039516907032744e-08,-3.352119066320434e-06,5.041050062523914e-08,-3.093183042261894e-06,5.041050059092877e-08,-3.092872467831144e-06,5.041050059229592e-08,-3.092844390243903e-06,5.041050062523914e-08,-3.093183042261894e-06,5.041050059092877e-08,-3.092872467831144e-06,5.041050059229592e-08,-3.092844390243903e-06,5.041050062523914e-08,-3.093183042261894e-06,5.041050059092877e-08,-3.092872467831144e-06,5.041050059229592e-08,-3.092844390243903e-06,5.041108955005636e-08,-2.945089585339236e-06,5.041108952011057e-08,-2.945004555316663e-06,5.041108952485016e-08,-2.944974486538478e-06,5.041108955005636e-08,-2.945089585339236e-06,5.041108952011057e-08,-2.945004555316663e-06,5.041108952485016e-08,-2.944974486538478e-06,5.041108955005636e-08,-2.945089585339236e-06,5.041108952011057e-08,-2.945004555316663e-06,5.041108952485016e-08,-2.944974486538478e-06,5.041251019038055e-08,-2.77200478636868e-06,5.041251016332221e-08,-2.771922548916739e-06,5.041251017393991e-08,-2.771892900401752e-06,5.041251019038055e-08,-2.77200478636868e-06,5.041251016332221e-08,-2.771922548916739e-06,5.041251017393991e-08,-2.771892900401752e-06,5.041251019038055e-08,-2.77200478636868e-06,5.041251016332221e-08,-2.771922548916739e-06,5.041251017393991e-08,-2.771892900401752e-06
5.045309730052401e-08,-1.553856425418598e-06,5.045309729112749e-08,-1.553846852253161e-06,5.045309731197754e-08,-1.553841626401438e-06,5.045309730052401e-08,-1.553856425418598e-06,5.045309729112749e-08,-1.553846852253161e-06,5.045309731197754e-08,-1.553841626401438e-06,5.045309730052401e-08,-1.553856425418598e-06,5.045309729112749e-08,-1.553846852253161e-06,5.045309731197754e-08,-1.553841626401438e-06,5.045163898724104e-08,-1.497804549282351e-06,5.045163888618585e-08,-1.497796677158295e-06,5.045163889973854e-08,-1.497793480029831e-06,5.045163898724104e-08,-1.497804549282351e-06,5.045163888618585e-08,-1.497796677158295e-06,5.045163889973854e-08,-1.497793480029831e-06,5.045163898724104e-08,-1.497804549282351e-06,5.045163888618585e-08,-1.497796677158295e-06,5.045163889973854e-08,-1.497793480029831e-06,5.045034222119243e-08,-1.429546054093439e-06,5.045034220397478e-08,-1.429530842188668e-06,5.045034221026344e-08,-1.429521755815701e-06,5.045034222119243e-08,-1.429546054093439e-06,5.045034220397478e-08,-1.429530842188668e-06,5.045034221026344e-08,-1.429521755815701e-06,5.045034222119243e-08,-1.429546054093439e-06,5.045034220397478e-08,-1.429530842188668e-06,5.045034221026344e-08,-1.429521755815701e-06,5.047529974825955e-08,-1.12388545231738e-06,5.047529974892963e-08,-1.123850601031612e-06,5.047529976684741e-08,-1.123848381008138e-06,5.047529974825955e-08,-1.12388545231738e-06,5.047529974892963e-08,-1.123850601031612e-06,5.047529976684741e-08,-1.123848381008138e-06,5.047529974825955e-08,-1.12388545231738e-06,5.047529974892963e-08,-1.123850601031612e-06,5.047529976684741e-08,-1.123848381008138e-06,5.047546539639877e-08,-1.085887337083413e-06,5.047546540984498e-08,-1.085799763331697e-06,5.047546542646529e-08,-1.085796851336088e-06,5.047546539639877e-08,-1.085887337083413e-06,5.047546540984498e-08,-1.085799763331697e-06,5.047546542646529e-08,-1.085796851336088e-06,5.047546539639877e-08,-1.085887337083413e-06,5.047546540984498e-08,-1.085799763331697e-06,5.047546542646529e-08,-1.085796851336088e-06,5.045431496081728e-08,-1.36263687464523e-06,5.04543149648198e-08,-1.362603348880658e-06,5.045431499506476e-08,-1.36259284730689e-06,5.045431496081728e-08,-1.36263687464523e-06,5.04543149648198e-08,-1.362603348880658e-06,5.045431499506476e-08,-1.36259284730689e-06,5.045431496081728e-08,-1.36263687464523e-06,5.04543149648198e-08,-1.362603348880658e-06,5.045431499506476e-08,-1.36259284730689e-06,5.047198077652537e-08,-1.185452135692381e-06,5.047198077340011e-08,-1.185279574185878e-06,5.047198079776949e-08,-1.185281549748867e-06,5.047198077652537e-08,-1.185452135692381e-06,5.047198077340011e-08,-1.185279574185878e-06,5.047198079776949e-08,-1.185281549748867e-06,5.047198077652537e-08,-1.185452135692381e-06,5.047198077340011e-08,-1.185279574185878e-06,5.047198079776949e-08,-1.185281549748867e-06,5.047272413148871e-08,-1.126300459552283e-06,5.047272413033548e-08,-1.126247154639393e-06,5.047272415077252e-08,-1.126234892550887e-06,5.047272413148871e-08,-1.126300459552283e-06,5.047272413033548e-08,-1.126247154639393e-06,5.047272415077252e-08,-1.126234892550887e-06,5.047272413148871e-08,-1.126300459552283e-06,5.047272413033548e-08,-1.126247154639393e-06,5.047272415077252e-08,-1.126234892550887e-06,5.047453997692105e-08,-1.031906701416209e-06,5.047453998223805e-08,-1.031874429494222e-06,5.047454000548077e-08,-1.0318650753114e-06,5.047453997692105e-08,-1.031906701416209e-06,5.047453998223805e-08,-1.031874429494222e-06,5.047454000548077e-08,-1.0318650753114e-06,5.047453997692105e-08,-1.031906701416209e-06,5.047453998223805e-08,-1.031874429494222e-06,5.047454000548077e-08,-1.0318650753114e-06
5.052463387598642e-08,-4.734126643942807e-07,5.052463387647603e-08,-4.73417908410124e-07,5.052463391750209e-08,-4.734096749689965e-07,5.052463387598642e-08,-4.734126643942807e-07,5.052463387647603e-08,-4.73417908410124e-07,5.052463391750209e-08,-4.734096749689965e-07,5.052463387598642e-08,-4.734126643942807e-07,5.052463387647603e-08,-4.73417908410124e-07,5.052463391750209e-08,-4.734096749689965e-07,5.052324304360613e-08,-4.520975073037429e-07,5.052324292537908e-08,-4.521075191726509e-07,5.05232429606539e-08,-4.521016909321878e-07,5.052324304360613e-08,-4.520975073037429e-07,5.052324292537908e-08,-4.521075191726509e-07,5.05232429606539e-08,-4.521016909321878e-07,5.052324304360613e-08,-4.520975073037429e-07,5.052324292537908e-08,-4.521075191726509e-07,5.05232429606539e-08,-4.521016909321878e-07,5.052173076158773e-08,-4.394182411887524e-07,5.052173074621619e-08,-4.394230507790032e-07,5.052173077144669e-08,-4.394126751961168e-07,5.052173076158773e-08,-4.394182411887524e-07,5.052173074621619e-08,-4.394230507790032e-07,5.052173077144669e-08,-4.394126751961168e-07,5.052173076158773e-08,-4.394182411887524e-07,5.052173074621619e-08,-4.394230507790032e-07,5.052173077144669e-08,-4.394126751961168e-07,5.055172313630406e-08,-3.430598118985984e-07,5.055172310644894e-08,-3.430489424992304e-07,5.055172309846559e-08,-3.430392153954183e-07,5.055172313630406e-08,-3.430598118985984e-07,5.055172310644894e-08,-3.430489424992304e-07,5.055172309846559e-08,-3.430392153954183e-07,5.055172313630406e-08,-3.430598118985984e-07,5.055172310644894e-08,-3.430489424992304e-07,5.055172309846559e-08,-3.430392153954183e-07,5.055284780138789e-08,-3.049108293670317e-07,5.055284774779846e-08,-3.049329680288298e-07,5.055284773565629e-08,-3.049224264236536e-07,5.055284780138789e-08,-3.049108293670317e-07,5.055284774779846e-08,-3.049329680288298e-07,5.055284773565629e-08,-3.049224264236536e-07,5.055284780138789e-08,-3.049108293670317e-07,5.055284774779846e-08,-3.049329680288298e-07,5.055284773565629e-08,-3.049224264236536e-07,5.052604887126132e-08,-4.182594658997177e-07,5.052604885693154e-08,-4.182515797494163e-07,5.052604887045627e-08,-4.182430998480086e-07,5.052604887126132e-08,-4.182594658997177e-07,5.052604885693154e-08,-4.182515797494163e-07,5.052604887045627e-08,-4.182430998480086e-07,5.052604887126132e-08,-4.182594658997177e-07,5.052604885693154e-08,-4.182515797494163e-07,5.052604887045627e-08,-4.182430998480086e-07,5.054740707616488e-08,-3.468999126178658e-07,5.054740705695615e-08,-3.467145374573788e-07,5.054740705942492e-08,-3.466893320830091e-07,5.054740707616488e-08,-3.468999126178658e-07,5.054740705695615e-08,-3.467145374573788e-07,5.054740705942492e-08,-3.466893320830091e-07,5.054740707616488e-08,-3.468999126178658e-07,5.054740705695615e-08,-3.467145374573788e-07,5.054740705942492e-08,-3.466893320830091e-07,5.054931106294587e-08,-2.930960800722976e-07,5.054931104802633e-08,-2.930610527920382e-07,5.054931104878658e-08,-2.93054663642308e-07,5.054931106294587e-08,-2.930960800722976e-07,5.054931104802633e-08,-2.930610527920382e-07,5.054931104878658e-08,-2.93054663642308e-07,5.054931106294587e-08,-2.930960800722976e-07,5.054931104802633e-08,-2.930610527920382e-07,5.054931104878658e-08,-2.93054663642308e-07,5.05522999105958e-08,-2.59439636629394e-07,5.055229989802293e-08,-2.593793998937459e-07,5.055229990094567e-08,-2.593729327798972e-07,5.05522999105958e-08,-2.59439636629394e-07,5.055229989802293e-08,-2.593793998937459e-07,5.055229990094567e-08,-2.593729327798972e-07,5.05522999105958e-08,-2.59439636629394e-07,5.055229989802293e-08,-2.593793998937459e-07,5.055229990094567e-08,-2.593729327798972e-07
5.061820980694093e-08,-1.061696189761428e-07,5.061820980566657e-08,-1.061795111819673e-07,5.061820980280805e-08,-1.061715517046162e-07,5.061820980694093e-08,-1.061696189761428e-07,5.061820980566657e-08,-1.061795111819673e-07,5.061820980280805e-08,-1.061715517046162e-07,5.061820980694093e-08,-1.061696189761428e-07,5.061820980566657e-08,-1.061795111819673e-07,5.061820980280805e-08,-1.061715517046162e-07,5.061756782943227e-08,-8.927993400939062e-08,5.061756765958245e-08,-8.92888997548313e-08,5.061756764520715e-08,-8.928285966089715e-08,5.061756782943227e-08,-8.927993400939062e-08,5.061756765958245e-08,-8.92888997548313e-08,5.061756764520715e-08,-8.928285966089715e-08,5.061756782943227e-08,-8.927993400939062e-08,5.061756765958245e-08,-8.92888997548313e-08,5.061756764520715e-08,-8.928285966089715e-08,5.06172505230849e-08,-6.38615040115883e-08,5.061725050704807e-08,-6.386470095767524e-08,5.061725048323606e-08,-6.385112768863852e-08,5.06172505230849e-08,-6.38615040115883e-08,5.061725050704807e-08,-6.386470095767524e-08,5.061725048323606e-08,-6.385112768863852e-08,5.06172505230849e-08,-6.38615040115883e-08,5.061725050704807e-08,-6.386470095767524e-08,5.061725048323606e-08,-6.385112768863852e-08,5.065809000552722e-08,-7.670542958890383e-08,5.065808997502348e-08,-7.669280512269525e-08,5.065808992197912e-08,-7.668491342948928e-08,5.065809000552722e-08,-7.670542958890383e-08,5.065808997502348e-08,-7.669280512269525e-08,5.065808992197912e-08,-7.668491342948928e-08,5.065809000552722e-08,-7.670542958890383e-08,5.065808997502348e-08,-7.669280512269525e-08,5.065808992197912e-08,-7.668491342948928e-08,5.06600855418375e-08,-9.261806645828809e-08,5.066008555445243e-08,-9.258164849719605e-08,5.066008549774036e-08,-9.257192424922164e-08,5.06600855418375e-08,-9.261806645828809e-08,5.066008555445243e-08,-9.258164849719605e-08,5.066008549774036e-08,-9.257192424922164e-08,5.06600855418375e-08,-9.261806645828809e-08,5.066008555445243e-08,-9.258164849719605e-08,5.066008549774036e-08,-9.257192424922164e-08,5.062336038459466e-08,-4.088718263144208e-08,5.062336037076822e-08,-4.087495358074124e-08,5.062336035581362e-08,-4.085968978771459e-08,5.062336038459466e-08,-4.088718263144208e-08,5.062336037076822e-08,-4.087495358074124e-08,5.062336035581362e-08,-4.085968978771459e-08,5.062336038459466e-08,-4.088718263144208e-08,5.062336037076822e-08,-4.087495358074124e-08,5.062336035581362e-08,-4.085968978771459e-08,5.065116436747609e-08,-3.770242762226311e-08,5.06511643221266e-08,-3.75374412287722e-08,5.065116428509013e-08,-3.753229705980753e-08,5.065116436747609e-08,-3.770242762226311e-08,5.06511643221266e-08,-3.75374412287722e-08,5.065116428509013e-08,-3.753229705980753e-08,5.065116436747609e-08,-3.770242762226311e-08,5.06511643221266e-08,-3.75374412287722e-08,5.065116428509013e-08,-3.753229705980753e-08,5.065417944741003e-08,-4.298670144330124e-08,5.065417940997729e-08,-4.294880025766492e-08,5.065417937350182e-08,-4.29346486274143e-08,5.065417944741003e-08,-4.298670144330124e-08,5.065417940997729e-08,-4.294880025766492e-08,5.065417937350182e-08,-4.29346486274143e-08,5.065417944741003e-08,-4.298670144330124e-08,5.065417940997729e-08,-4.294880025766492e-08,5.065417937350182e-08,-4.29346486274143e-08,5.066013747436246e-08,-4.278604317665562e-08,5.066013743916336e-08,-4.276212687992745e-08,5.066013740240579e-08,-4.275604866047982e-08,5.066013747436246e-08,-4.278604317665562e-08,5.066013743916336e-08,-4.276212687992745e-08,5.066013740240579e-08,-4.275604866047982e-08,5.066013747436246e-08,-4.278604317665562e-08,5.066013743916336e-08,-4.276212687992745e-08,5.066013740240579e-08,-4.275604866047982e-08
5.076282863511745e-08,-7.176045982900345e-08,5.076282858694853e-08,-7.177259682831607e-08,5.076282860919166e-08,-7.176478292247757e-08,5.076282863511745e-08,-7.176045982900345e-08,5.076282858694853e-08,-7.177259682831607e-08,5.076282860919166e-08,-7.176478292247757e-08,5.076282863511745e-08,-7.176045982900345e-08,5.076282858694853e-08,-7.177259682831607e-08,5.076282860919166e-08,-7.176478292247757e-08,5.076355353189384e-08,-6.638125534580987e-08,5.076355320263697e-08,-6.639593894211043e-08,5.076355323191235e-08,-6.638936040162979e-08,5.076355353189384e-08,-6.638125534580987e-08,5.076355320263697e-08,-6.639593894211043e-08,5.076355323191235e-08,-6.638936040162979e-08,5.076355353189384e-08,-6.638125534580987e-08,5.076355320263697e-08,-6.639593894211043e-08,5.076355323191235e-08,-6.638936040162979e-08,5.076317504139125e-08,-6.806670120293178e-08,5.076317495833521e-08,-6.807647037622315e-08,5.076317495936248e-08,-6.806541728291022e-08,5.076317504139125e-08,-6.806670120293178e-08,5.076317495833521e-08,-6.807647037622315e-08,5.076317495936248e-08,-6.806541728291022e-08,5.076317504139125e-08,-6.806670120293178e-08,5.076317495833521e-08,-6.807647037622315e-08,5.076317495936248e-08,-6.806541728291022e-08,5.082435592083157e-08,-1.01732675228902e-07,5.082435580723003e-08,-1.017174681453251e-07,5.082435577959052e-08,-1.01705299449008e-07,5.082435592083157e-08,-1.01732675228902e-07,5.082435580723003e-08,-1.017174681453251e-07,5.082435577959052e-08,-1.01705299449008e-07,5.082435592083157e-08,-1.01732675228902e-07,5.082435580723003e-08,-1.017174681453251e-07,5.082435577959052e-08,-1.01705299449008e-07,5.08317054213702e-08,-9.620292997143632e-08,5.08317052304452e-08,-9.62073654139718e-08,5.083170520780236e-08,-9.619693014780805e-08,5.08317054213702e-08,-9.620292997143632e-08,5.08317052304452e-08,-9.62073654139718e-08,5.083170520780236e-08,-9.619693014780805e-08,5.08317054213702e-08,-9.620292997143632e-08,5.08317052304452e-08,-9.62073654139718e-08,5.083170520780236e-08,-9.619693014780805e-08,5.077190802704414e-08,-6.127635196371663e-08,5.077190793577556e-08,-6.127121061487129e-08,5.077190790552182e-08,-6.126099340571894e-08,5.077190802704414e-08,-6.127635196371663e-08,5.077190793577556e-08,-6.127121061487129e-08,5.077190790552182e-08,-6.126099340571894e-08,5.077190802704414e-08,-6.127635196371663e-08,5.077190793577556e-08,-6.127121061487129e-08,5.077190790552182e-08,-6.126099340571894e-08,5.081191970317484e-08,-6.621497795242757e-08,5.081191960700797e-08,-6.6036535280574e-08,5.081191956387764e-08,-6.601736278955463e-08,5.081191970317484e-08,-6.621497795242757e-08,5.081191960700797e-08,-6.6036535280574e-08,5.081191956387764e-08,-6.601736278955463e-08,5.081191970317484e-08,-6.621497795242757e-08,5.081191960700797e-08,-6.6036535280574e-08,5.081191956387764e-08,-6.601736278955463e-08,5.082038156421671e-08,-5.431144427356905e-08,5.082038146871512e-08,-5.427693037634586e-08,5.082038143462387e-08,-5.426459238327589e-08,5.082038156421671e-08,-5.431144427356905e-08,5.082038146871512e-08,-5.427693037634586e-08,5.082038143462387e-08,-5.426459238327589e-08,5.082038156421671e-08,-5.431144427356905e-08,5.082038146871512e-08,-5.427693037634586e-08,5.082038143462387e-08,-5.426459238327589e-08,5.083281389689265e-08,-5.451389565758214e-08,5.083281380010222e-08,-5.446848782069859e-08,5.08328137597724e-08,-5.445014091707579e-08,5.083281389689265e-08,-5.451389565758214e-08,5.083281380010222e-08,-5.446848782069859e-08,5.08328137597724e-08,-5.445014091707579e-08,5.083281389689265e-08,-5.451389565758214e-08,5.083281380010222e-08,-5.446848782069859e-08,5.08328137597724e-08,-5.445014091707579e-08
5.10067356623093e-08,-6.388968001295696e-08,5.100673565120301e-08,-6.389929327537799e-08,5.100673589234281e-08,-6.389203235510918e-08,5.10067356623093e-08,-6.388968001295696e-08,5.100673565120301e-08,-6.389929327537799e-08,5.100673589234281e-08,-6.389203235510918e-08,5.10067356623093e-08,-6.388968001295696e-08,5.100673565120301e-08,-6.389929327537799e-08,5.100673589234281e-08,-6.389203235510918e-08,5.10105153915699e-08,-5.176599860848491e-08,5.101051485345297e-08,-5.177362766122993e-08,5.101051504863404e-08,-5.176727670525297e-08,5.10105153915699e-08,-5.176599860848491e-08,5.101051485345297e-08,-5.177362766122993e-08,5.101051504863404e-08,-5.176727670525297e-08,5.10105153915699e-08,-5.176599860848491e-08,5.101051485345297e-08,-5.177362766122993e-08,5.101051504863404e-08,-5.176727670525297e-08,5.101544503327763e-08,-3.579658066985544e-08,5.101544498559075e-08,-3.580014379381332e-08,5.101544517005052e-08,-3.578802450995115e-08,5.101544503327763e-08,-3.579658066985544e-08,5.101544498559075e-08,-3.580014379381332e-08,5.101544517005052e-08,-3.578802450995115e-08,5.101544503327763e-08,-3.579658066985544e-08,5.101544498559075e-08,-3.580014379381332e-08,5.101544517005052e-08,-3.578802450995115e-08,5.112018623392585e-08,-6.695830695304658e-08,5.112018639576858e-08,-6.694401172887063e-08,5.112018676999716e-08,-6.693108934635356e-08,5.112018623392585e-08,-6.695830695304658e-08,5.112018639576858e-08,-6.694401172887063e-08,5.112018676999716e-08,-6.693108934635356e-08,5.112018623392585e-08,-6.695830695304658e-08,5.112018639576858e-08,-6.694401172887063e-08,5.112018676999716e-08,-6.693108934635356e-08,5.113677339778359e-08,-8.251426692556078e-08,5.113677366138498e-08,-8.248258306380762e-08,5.113677405677906e-08,-8.24672015448859e-08,5.113677339778359e-08,-8.251426692556078e-08,5.113677366138498e-08,-8.248258306380762e-08,5.113677405677906e-08,-8.24672015448859e-08,5.113677339778359e-08,-8.251426692556078e-08,5.113677366138498e-08,-8.248258306380762e-08,5.113677405677906e-08,-8.24672015448859e-08,5.10318634708052e-08,-1.833062109602423e-08,5.103186355992843e-08,-1.83163983144315e-08,5.1031863899715e-08,-1.829753969903742e-08,5.10318634708052e-08,-1.833062109602423e-08,5.103186355992843e-08,-1.83163983144315e-08,5.1031863899715e-08,-1.829753969903742e-08,5.10318634708052e-08,-1.833062109602423e-08,5.103186355992843e-08,-1.83163983144315e-08,5.1031863899715e-08,-1.829753969903742e-08,5.1097050586017e-08,-2.427550416754838e-08,5.109705068964004e-08,-2.410548800803928e-08,5.109705107995659e-08,-2.40921094461138e-08,5.1097050586017e-08,-2.427550416754838e-08,5.109705068964004e-08,-2.410548800803928e-08,5.109705107995659e-08,-2.40921094461138e-08,5.1097050586017e-08,-2.427550416754838e-08,5.109705068964004e-08,-2.410548800803928e-08,5.109705107995659e-08,-2.40921094461138e-08,5.111659021818762e-08,-2.989589792664167e-08,5.111659038409894e-08,-2.985553933155705e-08,5.111659081654154e-08,-2.983749639269556e-08,5.111659021818762e-08,-2.989589792664167e-08,5.111659038409894e-08,-2.985553933155705e-08,5.111659081654154e-08,-2.983749639269556e-08,5.111659021818762e-08,-2.989589792664167e-08,5.111659038409894e-08,-2.985553933155705e-08,5.111659081654154e-08,-2.983749639269556e-08,5.114169289460149e-08,-3.385259261196143e-08,5.114169319146312e-08,-3.382085708569701e-08,5.114169409683586e-08,-3.381346726723748e-08,5.114169289460149e-08,-3.385259261196143e-08,5.114169319146312e-08,-3.382085708569701e-08,5.114169409683586e-08,-3.381346726723748e-08,5.114169289460149e-08,-3.385259261196143e-08,5.114169319146312e-08,-3.382085708569701e-08,5.114169409683586e-08,-3.381346726723748e-08
5.149454971669301e-08,-7.170158520857042e-08,5.149454977971196e-08,-7.17093785273374e-08,5.149455045864512e-08,-7.169929242624295e-08,5.149454971669301e-08,-7.170158520857042e-08,5.149454977971196e-08,-7.17093785273374e-08,5.149455045864512e-08,-7.169929242624295e-08,5.149454971669301e-08,-7.170158520857042e-08,5.149454977971196e-08,-7.17093785273374e-08,5.149455045864512e-08,-7.169929242624295e-08,5.150443911092204e-08,-6.594851755889961e-08,5.150443815508498e-08,-6.595750654136522e-08,5.150443868207741e-08,-6.59468622614588e-08,5.150443911092204e-08,-6.594851755889961e-08,5.150443815508498e-08,-6.595750654136522e-08,5.150443868207741e-08,-6.59468622614588e-08,5.150443911092204e-08,-6.594851755889961e-08,5.150443815508498e-08,-6.595750654136522e-08,5.150443868207741e-08,-6.59468622614588e-08,5.15199850170504e-08,-6.539899238812147e-08,5.151998504010182e-08,-6.540322372403371e-08,5.151998559142659e-08,-6.538833950805823e-08,5.15199850170504e-08,-6.539899238812147e-08,5.151998504010182e-08,-6.540322372403371e-08,5.151998559142659e-08,-6.538833950805823e-08,5.15199850170504e-08,-6.539899238812147e-08,5.151998504010182e-08,-6.540322372403371e-08,5.151998559142659e-08,-6.538833950805823e-08,5.171184686011442e-08,-9.961500479754369e-08,5.171184757284569e-08,-9.959645103483236e-08,5.171184875081043e-08,-9.958221610983287e-08,5.171184686011442e-08,-9.961500479754369e-08,5.171184757284569e-08,-9.959645103483236e-08,5.171184875081043e-08,-9.958221610983287e-08,5.171184686011442e-08,-9.961500479754369e-08,5.171184757284569e-08,-9.959645103483236e-08,5.171184875081043e-08,-9.958221610983287e-08,5.172887848784943e-08,-9.536369289166865e-08,5.17288785966613e-08,-9.536132540997418e-08,5.172887901727475e-08,-9.534885744860608e-08,5.172887848784943e-08,-9.536369289166865e-08,5.17288785966613e-08,-9.536132540997418e-08,5.172887901727475e-08,-9.534885744860608e-08,5.172887848784943e-08,-9.536369289166865e-08,5.17288785966613e-08,-9.536132540997418e-08,5.172887901727475e-08,-9.534885744860608e-08,5.155177435832731e-08,-5.828315480407044e-08,5.155177480823415e-08,-5.827372767103117e-08,5.155177588810138e-08,-5.826019579803349e-08,5.155177435832731e-08,-5.828315480407044e-08,5.155177480823415e-08,-5.827372767103117e-08,5.155177588810138e-08,-5.826019579803349e-08,5.155177435832731e-08,-5.828315480407044e-08,5.155177480823415e-08,-5.827372767103117e-08,5.155177588810138e-08,-5.826019579803349e-08,5.166731235170132e-08,-6.412635989873198e-08,5.16673128549042e-08,-6.394686444696009e-08,5.166731411211449e-08,-6.392739360499102e-08,5.166731235170132e-08,-6.412635989873198e-08,5.16673128549042e-08,-6.394686444696009e-08,5.166731411211449e-08,-6.392739360499102e-08,5.166731235170132e-08,-6.412635989873198e-08,5.16673128549042e-08,-6.394686444696009e-08,5.166731411211449e-08,-6.392739360499102e-08,5.169399114551049e-08,-5.364764089381216e-08,5.169399127152897e-08,-5.361108300645604e-08,5.169399174652543e-08,-5.359640313394854e-08,5.169399114551049e-08,-5.364764089381216e-08,5.169399127152897e-08,-5.361108300645604e-08,5.169399174652543e-08,-5.359640313394854e-08,5.169399114551049e-08,-5.364764089381216e-08,5.169399127152897e-08,-5.361108300645604e-08,5.169399174652543e-08,-5.359640313394854e-08,5.17187242238471e-08,-5.357566606810882e-08,5.171872449482492e-08,-5.353127157266584e-08,5.171872551559494e-08,-5.351065850456515e-08,5.17187242238471e-08,-5.357566606810882e-08,5.171872449482492e-08,-5.353127157266584e-08,5.171872551559494e-08,-5.351065850456515e-08,5.17187242238471e-08,-5.357566606810882e-08,5.171872449482492e-08,-5.353127157266584e-08,5.171872551559494e-08,-5.351065850456515e-08
5.222468257928326e-08,-5.673747151337237e-08,5.222468265926477e-08,-5.674569656631895e-08,5.222468357295385e-08,-5.673871179077649e-08,5.222468257928326e-08,-5.673747151337237e-08,5.222468265926477e-08,-5.674569656631895e-08,5.222468357295385e-08,-5.673871179077649e-08,5.222468257928326e-08,-5.673747151337237e-08,5.222468265926477e-08,-5.674569656631895e-08,5.222468357295385e-08,-5.673871179077649e-08,5.224643339143043e-08,-4.484164927364564e-08,5.224643192668301e-08,-4.484591579222264e-08,5.224643263254014e-08,-4.483718385039564e-08,5.224643339143043e-08,-4.484164927364564e-08,5.224643192668301e-08,-4.484591579222264e-08,5.224643263254014e-08,-4.483718385039564e-08,5.224643339143043e-08,-4.484164927364564e-08,5.224643192668301e-08,-4.484591579222264e-08,5.224643263254014e-08,-4.483718385039564e-08,5.227488084938034e-08,-2.999075121685743e-08,5.22748808526831e-08,-2.999200277884019e-08,5.227488156970966e-08,-2.997864007740045e-08,5.227488084938034e-08,-2.999075121685743e-08,5.22748808526831e-08,-2.999200277884019e-08,5.227488156970966e-08,-2.997864007740045e-08,5.227488084938034e-08,-2.999075121685743e-08,5.22748808526831e-08,-2.999200277884019e-08,5.227488156970966e-08,-2.997864007740045e-08,5.253184655520804e-08,-6.356249564140142e-08,5.253184746702205e-08,-6.354529011361175e-08,5.253184899895539e-08,-6.353016712834063e-08,5.253184655520804e-08,-6.356249564140142e-08,5.253184746702205e-08,-6.354529011361175e-08,5.253184899895539e-08,-6.353016712834063e-08,5.253184655520804e-08,-6.356249564140142e-08,5.253184746702205e-08,-6.354529011361175e-08,5.253184899895539e-08,-6.353016712834063e-08,5.25717443052252e-08,-7.802911124092445e-08,5.257174470254875e-08,-7.79961406299414e-08,5.257174538805733e-08,-7.797877351520169e-08,5.25717443052252e-08,-7.802911124092445e-08,5.257174470254875e-08,-7.79961406299414e-08,5.257174538805733e-08,-7.797877351520169e-08,5.25717443052252e-08,-7.802911124092445e-08,5.257174470254875e-08,-7.79961406299414e-08,5.257174538805733e-08,-7.797877351520169e-08,5.232167032288274e-08,-1.635653929208053e-08,5.232167088810056e-08,-1.633989019885923e-08,5.232167229517784e-08,-1.631958450224444e-08,5.232167032288274e-08,-1.635653929208053e-08,5.232167088810056e-08,-1.633989019885923e-08,5.232167229517784e-08,-1.631958450224444e-08,5.232167032288274e-08,-1.635653929208053e-08,5.232167088810056e-08,-1.633989019885923e-08,5.232167229517784e-08,-1.631958450224444e-08,5.246612852620098e-08,-2.396503714017096e-08,5.246612917628812e-08,-2.379387881257868e-08,5.246613084046115e-08,-2.377811232304566e-08,5.246612852620098e-08,-2.396503714017096e-08,5.246612917628812e-08,-2.379387881257868e-08,5.246613084046115e-08,-2.377811232304566e-08,5.246612852620098e-08,-2.396503714017096e-08,5.246612917628812e-08,-2.379387881257868e-08,5.246613084046115e-08,-2.377811232304566e-08,5.254042968489647e-08,-2.853003845596808e-08,5.25404299289353e-08,-2.848909513686289e-08,5.254043066837038e-08,-2.84696490207141e-08,5.254042968489647e-08,-2.853003845596808e-08,5.25404299289353e-08,-2.848909513686289e-08,5.254043066837038e-08,-2.84696490207141e-08,5.254042968489647e-08,-2.853003845596808e-08,5.25404299289353e-08,-2.848909513686289e-08,5.254043066837038e-08,-2.84696490207141e-08,5.259916159621151e-08,-3.194886653455373e-08,5.259916207920664e-08,-3.191527655022688e-08,5.259916365306958e-08,-3.190519286912088e-08,5.259916159621151e-08,-3.194886653455373e-08,5.259916207920664e-08,-3.191527655022688e-08,5.259916365306958e-08,-3.190519286912088e-08,5.259916159621151e-08,-3.194886653455373e-08,5.259916207920664e-08,-3.191527655022688e-08,5.259916365306958e-08,-3.190519286912088e-08
5.334422464486935e-08,-5.606707085032704e-08,5.334422471727476e-08,-5.607630018428797e-08,5.334422598944435e-08,-5.606762663698799e-08,5.334422464486935e-08,-5.606707085032704e-08,5.334422471727476e-08,-5.607630018428797e-08,5.334422598944435e-08,-5.606762663698799e-08,5.334422464486935e-08,-5.606707085032704e-08,5.334422471727476e-08,-5.607630018428797e-08,5.334422598944435e-08,-5.606762663698799e-08,5.336490147516641e-08,-5.029258996135294e-08,5.33648994380097e-08,-5.030049718048907e-08,5.33649003773726e-08,-5.028776359126006e-08,5.336490147516641e-08,-5.029258996135294e-08,5.33648994380097e-08,-5.030049718048907e-08,5.33649003773726e-08,-5.028776359126006e-08,5.336490147516641e-08,-5.029258996135294e-08,5.33648994380097e-08,-5.030049718048907e-08,5.33649003773726e-08,-5.028776359126006e-08,5.338297319864271e-08,-4.947552839966885e-08,5.338297317565761e-08,-4.947943233193844e-08,5.338297414608713e-08,-4.946340478146623e-08,5.338297319864271e-08,-4.947552839966885e-08,5.338297317565761e-08,-4.947943233193844e-08,5.338297414608713e-08,-4.946340478146623e-08,5.338297319864271e-08,-4.947552839966885e-08,5.338297317565761e-08,-4.947943233193844e-08,5.338297414608713e-08,-4.946340478146623e-08,5.37991614590658e-08,-8.752927012572093e-08,5.379916262600439e-08,-8.750739982890676e-08,5.379916465272648e-08,-8.749211532532622e-08,5.37991614590658e-08,-8.752927012572093e-08,5.379916262600439e-08,-8.750739982890676e-08,5.379916465272648e-08,-8.749211532532622e-08,5.37991614590658e-08,-8.752927012572093e-08,5.379916262600439e-08,-8.750739982890676e-08,5.379916465272648e-08,-8.749211532532622e-08,5.383324936531311e-08,-8.376880495465507e-08,5.383324951457686e-08,-8.376130849216461e-08,5.383325024731169e-08,-8.374775681128684e-08,5.383324936531311e-08,-8.376880495465507e-08,5.383324951457686e-08,-8.376130849216461e-08,5.383325024731169e-08,-8.374775681128684e-08,5.383324936531311e-08,-8.376880495465507e-08,5.383324951457686e-08,-8.376130849216461e-08,5.383325024731169e-08,-8.374775681128684e-08,5.344774853340999e-08,-4.809048807388959e-08,5.344774926442303e-08,-4.807750698423824e-08,5.344775115269935e-08,-4.806257630724189e-08,5.344774853340999e-08,-4.809048807388959e-08,5.344774926442303e-08,-4.807750698423824e-08,5.344775115269935e-08,-4.806257630724189e-08,5.344774853340999e-08,-4.809048807388959e-08,5.344774926442303e-08,-4.807750698423824e-08,5.344775115269935e-08,-4.806257630724189e-08,5.370338966327164e-08,-5.738801165811667e-08,5.370339046956715e-08,-5.720977803388348e-08,5.370339267993583e-08,-5.719016942082112e-08,5.370338966327164e-08,-5.738801165811667e-08,5.370339046956715e-08,-5.720977803388348e-08,5.370339267993583e-08,-5.719016942082112e-08,5.370338966327164e-08,-5.738801165811667e-08,5.370339046956715e-08,-5.720977803388348e-08,5.370339267993583e-08,-5.719016942082112e-08,5.375401150137203e-08,-4.723508592248852e-08,5.37540116911691e-08,-4.719948995340956e-08,5.375401256856056e-08,-4.718408822929937e-08,5.375401150137203e-08,-4.723508592248852e-08,5.37540116911691e-08,-4.719948995340956e-08,5.375401256856056e-08,-4.718408822929937e-08,5.375401150137203e-08,-4.723508592248852e-08,5.37540116911691e-08,-4.719948995340956e-08,5.375401256856056e-08,-4.718408822929937e-08,5.38306988220187e-08,-4.67203136206681e-08,5.383069934162492e-08,-4.66781064948573e-08,5.383070135107693e-08,-4.665754780713136e-08,5.38306988220187e-08,-4.67203136206681e-08,5.383069934162492e-08,-4.66781064948573e-08,5.383070135107693e-08,-4.665754780713136e-08,5.38306988220187e-08,-4.67203136206681e-08,5.383069934162492e-08,-4.66781064948573e-08,5.383070135107693e-08,-4.665754780713136e-08
5.493927226044603e-08,-2.949621281016378e-08,5.493927234606343e-08,-2.950870670432827e-08,5.493927408330433e-08,-2.950415304547025e-08,5.493927226044603e-08,-2.949621281016378e-08,5.493927234606343e-08,-2.950870670432827e-08,5.493927408330433e-08,-2.950415304547025e-08,5.493927226044603e-08,-2.949621281016378e-08,5.493927234606343e-08,-2.950870670432827e-08,5.493927408330433e-08,-2.950415304547025e-08,5.496358724363826e-08,-1.781167840547959e-08,5.49635840941955e-08,-1.781717427182295e-08,5.496358547921797e-08,-1.780676605182702e-08,5.496358724363826e-08,-1.781167840547959e-08,5.49635840941955e-08,-1.781717427182295e-08,5.496358547921797e-08,-1.780676605182702e-08,5.496358724363826e-08,-1.781167840547959e-08,5.49635840941955e-08,-1.781717427182295e-08,5.496358547921797e-08,-1.780676605182702e-08,5.502234126079854e-08,-4.028448305858606e-09,5.502234117798804e-08,-4.032067460448788e-09,5.502234257414409e-08,-4.018370688850612e-09,5.502234126079854e-08,-4.028448305858606e-09,5.502234117798804e-08,-4.032067460448788e-09,5.502234257414409e-08,-4.018370688850612e-09,5.502234126079854e-08,-4.028448305858606e-09,5.502234117798804e-08,-4.032067460448788e-09,5.502234257414409e-08,-4.018370688850612e-09,5.563105195374712e-08,-4.344995168339986e-08,5.563105357002728e-08,-4.342532066571235e-08,5.563105647460858e-08,-4.341048639373778e-08,5.563105195374712e-08,-4.344995168339986e-08,5.563105357002728e-08,-4.342532066571235e-08,5.563105647460858e-08,-4.341048639373778e-08,5.563105195374712e-08,-4.344995168339986e-08,5.563105357002728e-08,-4.342532066571235e-08,5.563105647460858e-08,-4.341048639373778e-08,5.570018015015968e-08,-5.763573201459771e-08,5.57001807429969e-08,-5.759538735796866e-08,5.57001821372157e-08,-5.757850501536465e-08,5.570018015015968e-08,-5.763573201459771e-08,5.57001807429969e-08,-5.759538735796866e-08,5.57001821372157e-08,-5.757850501536465e-08,5.570018015015968e-08,-5.763573201459771e-08,5.57001807429969e-08,-5.759538735796866e-08,5.57001821372157e-08,-5.757850501536465e-08,5.509421243692396e-08,4.482166590999153e-10,5.509421346820615e-08,4.70899487067419e-10,5.509421623118327e-08,4.909505412049302e-10,5.509421243692396e-08,4.482166590999153e-10,5.509421346820615e-08,4.70899487067419e-10,5.509421623118327e-08,4.909505412049302e-10,5.509421243692396e-08,4.482166590999153e-10,5.509421346820615e-08,4.70899487067419e-10,5.509421623118327e-08,4.909505412049302e-10,5.548855615564887e-08,-1.213347463678688e-08,5.54885572660305e-08,-1.196661750964643e-08,5.548856037612638e-08,-1.195192529892552e-08,5.548855615564887e-08,-1.213347463678688e-08,5.54885572660305e-08,-1.196661750964643e-08,5.548856037612638e-08,-1.195192529892552e-08,5.548855615564887e-08,-1.213347463678688e-08,5.54885572660305e-08,-1.196661750964643e-08,5.548856037612638e-08,-1.195192529892552e-08,5.559418065513709e-08,-1.629592695025934e-08,5.559418111020193e-08,-1.625953131126554e-08,5.559418269586503e-08,-1.624158655228185e-08,5.559418065513709e-08,-1.629592695025934e-08,5.559418111020193e-08,-1.625953131126554e-08,5.559418269586503e-08,-1.624158655228185e-08,5.559418065513709e-08,-1.629592695025934e-08,5.559418111020193e-08,-1.625953131126554e-08,5.559418269586503e-08,-1.624158655228185e-08,5.566384445520357e-08,-1.932388842218182e-08,5.566384541035933e-08,-1.929439610458363e-08,5.566384875911635e-08,-1.928516068274793e-08,5.566384445520357e-08,-1.932388842218182e-08,5.566384541035933e-08,-1.929439610458363e-08,5.566384875911635e-08,-1.928516068274793e-08,5.566384445520357e-08,-1.932388842218182e-08,5.566384541035933e-08,-1.929439610458363e-08,5.566384875911635e-08,-1.928516068274793e-08
5.74679988548338e-08,-1.751667067091334e-08,5.746799903740929e-08,-1.753184072541971e-08,5.746800203198372e-08,-1.752678381703581e-08,5.74679988548338e-08,-1.751667067091334e-08,5.746799903740929e-08,-1.753184072541971e-08,5.746800203198372e-08,-1.752678381703581e-08,5.74679988548338e-08,-1.751667067091334e-08,5.746799903740929e-08,-1.753184072541971e-08,5.746800203198372e-08,-1.752678381703581e-08,5.747713079872892e-08,-1.177862598692015e-08,5.747712590897225e-08,-1.178917805931339e-08,5.747712819498914e-08,-1.177557791116455e-08,5.747713079872892e-08,-1.177862598692015e-08,5.747712590897225e-08,-1.178917805931339e-08,5.747712819498914e-08,-1.177557791116455e-08,5.747713079872892e-08,-1.177862598692015e-08,5.747712590897225e-08,-1.178917805931339e-08,5.747712819498914e-08,-1.177557791116455e-08,5.75653512296531e-08,-1.166429813363624e-08,5.756535116709942e-08,-1.167194319793638e-08,5.756535342767506e-08,-1.165638337274036e-08,5.75653512296531e-08,-1.166429813363624e-08,5.756535116709942e-08,-1.167194319793638e-08,5.756535342767506e-08,-1.165638337274036e-08,5.75653512296531e-08,-1.166429813363624e-08,5.756535116709942e-08,-1.167194319793638e-08,5.756535342767506e-08,-1.165638337274036e-08,5.85246611752048e-08,-5.699262606414144e-08,5.852466387798299e-08,-5.695074814317418e-08,5.85246685947464e-08,-5.693682985805178e-08,5.85246611752048e-08,-5.699262606414144e-08,5.852466387798299e-08,-5.695074814317418e-08,5.85246685947464e-08,-5.693682985805178e-08,5.85246611752048e-08,-5.699262606414144e-08,5.852466387798299e-08,-5.695074814317418e-08,5.85246685947464e-08,-5.693682985805178e-08,5.861133117800413e-08,-5.376336511810087e-08,5.861133185679757e-08,-5.373425007535683e-08,5.861133383779929e-08,-5.372210948838573e-08,5.861133117800413e-08,-5.376336511810087e-08,5.861133185679757e-08,-5.373425007535683e-08,5.861133383779929e-08,-5.372210948838573e-08,5.861133117800413e-08,-5.376336511810087e-08,5.861133185679757e-08,-5.373425007535683e-08,5.861133383779929e-08,-5.372210948838573e-08,5.76855888056245e-08,-2.107614677285456e-08,5.768559054673011e-08,-2.104642297248261e-08,5.768559503810887e-08,-2.103258425141437e-08,5.76855888056245e-08,-2.107614677285456e-08,5.768559054673011e-08,-2.104642297248261e-08,5.768559503810887e-08,-2.103258425141437e-08,5.76855888056245e-08,-2.107614677285456e-08,5.768559054673011e-08,-2.104642297248261e-08,5.768559503810887e-08,-2.103258425141437e-08,5.83063901549737e-08,-3.709677296593963e-08,5.830639202246539e-08,-3.692640646325129e-08,5.830639707581374e-08,-3.690998876396036e-08,5.83063901549737e-08,-3.709677296593963e-08,5.830639202246539e-08,-3.692640646325129e-08,5.830639707581374e-08,-3.690998876396036e-08,5.83063901549737e-08,-3.709677296593963e-08,5.830639202246539e-08,-3.692640646325129e-08,5.830639707581374e-08,-3.690998876396036e-08,5.844243313347268e-08,-2.7166819280123e-08,5.844243374625783e-08,-2.713893354777665e-08,5.844243603068935e-08,-2.712643644232067e-08,5.844243313347268e-08,-2.7166819280123e-08,5.844243374625783e-08,-2.713893354777665e-08,5.844243603068935e-08,-2.712643644232067e-08,5.844243313347268e-08,-2.7166819280123e-08,5.844243374625783e-08,-2.713893354777665e-08,5.844243603068935e-08,-2.712643644232067e-08,5.867047128770957e-08,-2.587067777644882e-08,5.867047275062513e-08,-2.583692596434963e-08,5.86704780932013e-08,-2.581939217442114e-08,5.867047128770957e-08,-2.587067777644882e-08,5.867047275062513e-08,-2.583692596434963e-08,5.86704780932013e-08,-2.581939217442114e-08,5.867047128770957e-08,-2.587067777644882e-08,5.867047275062513e-08,-2.583692596434963e-08,5.86704780932013e-08,-2.581939217442114e-08
6.127587127166924e-08,2.038571050364589e-08,6.127587156483959e-08,2.036731775521235e-08,6.127587606092773e-08,2.03677735088783e-08,6.127587127166924e-08,2.038571050364589e-08,6.127587156483959e-08,2.036731775521235e-08,6.127587606092773e-08,2.03677735088783e-08,6.127587127166924e-08,2.038571050364589e-08,6.127587156483959e-08,2.036731775521235e-08,6.127587606092773e-08,2.03677735088783e-08,6.150004401440862e-08,3.358162072575102e-08,6.150003643946043e-08,3.357334414829908e-08,6.15000399585138e-08,3.358398098464609e-08,6.150004401440862e-08,3.358162072575102e-08,6.150003643946043e-08,3.357334414829908e-08,6.15000399585138e-08,3.358398098464609e-08,6.150004401440862e-08,3.358162072575102e-08,6.150003643946043e-08,3.357334414829908e-08,6.15000399585138e-08,3.358398098464609e-08,6.144846827884056e-08,4.416081387919931e-08,6.144846817506317e-08,4.41530847494765e-08,6.14484717527939e-08,4.416533401761636e-08,6.144846827884056e-08,4.416081387919931e-08,6.144846817506317e-08,4.41530847494765e-08,6.14484717527939e-08,4.416533401761636e-08,6.144846827884056e-08,4.416081387919931e-08,6.144846817506317e-08,4.41530847494765e-08,6.14484717527939e-08,4.416533401761636e-08,6.288560571160876e-08,-3.836089677270194e-09,6.288560996479473e-08,-3.767441352958942e-09,6.288561741348854e-08,-3.755205162851625e-09,6.288560571160876e-08,-3.836089677270194e-09,6.288560996479473e-08,-3.767441352958942e-09,6.288561741348854e-08,-3.755205162851625e-09,6.288560571160876e-08,-3.836089677270194e-09,6.288560996479473e-08,-3.767441352958942e-09,6.288561741348854e-08,-3.755205162851625e-09,6.322056373975911e-08,-1.771459791145224e-08,6.322056512014246e-08,-1.762807713391763e-08,6.322056844869069e-08,-1.761403447808938e-08,6.322056373975911e-08,-1.771459791145224e-08,6.322056512014246e-08,-1.762807713391763e-08,6.322056844869069e-08,-1.761403447808938e-08,6.322056373975911e-08,-1.771459791145224e-08,6.322056512014246e-08,-1.762807713391763e-08,6.322056844869069e-08,-1.761403447808938e-08,6.162748174858606e-08,3.623407554800879e-08,6.162748451156932e-08,3.629452186303311e-08,6.162749163034358e-08,3.631203801260061e-08,6.162748174858606e-08,3.623407554800879e-08,6.162748451156932e-08,3.629452186303311e-08,6.162749163034358e-08,3.631203801260061e-08,6.162748174858606e-08,3.623407554800879e-08,6.162748451156932e-08,3.629452186303311e-08,6.162749163034358e-08,3.631203801260061e-08,6.254341668114232e-08,1.561500625499205e-08,6.254341964515163e-08,1.577039120446145e-08,6.254342759809421e-08,1.578039272931947e-08,6.254341668114232e-08,1.561500625499205e-08,6.254341964515163e-08,1.577039120446145e-08,6.254342759809421e-08,1.578039272931947e-08,6.254341668114232e-08,1.561500625499205e-08,6.254341964515163e-08,1.577039120446145e-08,6.254342759809421e-08,1.578039272931947e-08,6.298365183667875e-08,1.202387990696918e-08,6.298365291099415e-08,1.204856246802417e-08,6.298365665280239e-08,1.206158991616527e-08,6.298365183667875e-08,1.202387990696918e-08,6.298365291099415e-08,1.204856246802417e-08,6.298365665280239e-08,1.206158991616527e-08,6.298365183667875e-08,1.202387990696918e-08,6.298365291099415e-08,1.204856246802417e-08,6.298365665280239e-08,1.206158991616527e-08,6.310429146554198e-08,9.299718724421507e-09,6.310429372772851e-08,9.317665271056181e-09,6.310430176134044e-08,9.322638569494099e-09,6.310429146554198e-08,9.299718724421507e-09,6.310429372772851e-08,9.317665271056181e-09,6.310430176134044e-08,9.322638569494099e-09,6.310429146554198e-08,9.299718724421507e-09,6.310429372772851e-08,9.317665271056181e-09,6.310430176134044e-08,9.322638569494099e-09
6.741405750361762e-08,4.062597686749245e-08,6.741405794898108e-08,4.06064199490319e-08,6.741406512713645e-08,4.060663524968401e-08,6.741405750361762e-08,4.062597686749245e-08,6.741405794898108e-08,4.06064199490319e-08,6.741406512713645e-08,4.060663524968401e-08,6.741405750361762e-08,4.062597686749245e-08,6.741405794898108e-08,4.06064199490319e-08,6.741406512713645e-08,4.060663524968401e-08,6.740634519976512e-08,4.67016218777779e-08,6.740633382595861e-08,4.66892164740725e-08,6.740633915838444e-08,4.670148725934808e-08,6.740634519976512e-08,4.67016218777779e-08,6.740633382595861e-08,4.66892164740725e-08,6.740633915838444e-08,4.670148725934808e-08,6.740634519976512e-08,4.67016218777779e-08,6.740633382595861e-08,4.66892164740725e-08,6.740633915838444e-08,4.670148725934808e-08,6.787206703323189e-08,4.545499560325481e-08,6.787206691114469e-08,4.544399176855576e-08,6.787207288062729e-08,4.545651933676268e-08,6.787206703323189e-08,4.545499560325481e-08,6.787206691114469e-08,4.544399176855576e-08,6.787207288062729e-08,4.545651933676268e-08,6.787206703323189e-08,4.545499560325481e-08,6.787206691114469e-08,4.544399176855576e-08,6.787207288062729e-08,4.545651933676268e-08,6.997684831703605e-08,-9.480002101626745e-09,6.997685529338479e-08,-9.360965469345131e-09,6.997686733519397e-08,-9.351082519992622e-09,6.997684831703605e-08,-9.480002101626745e-09,6.997685529338479e-08,-9.360965469345131e-09,6.997686733519397e-08,-9.351082519992622e-09,6.997684831703605e-08,-9.480002101626745e-09,6.997685529338479e-08,-9.360965469345131e-09,6.997686733519397e-08,-9.351082519992622e-09,7.010586762501281e-08,-7.519174802989357e-09,7.010586957993431e-08,-7.412441161965589e-09,7.010587468840629e-08,-7.404420103227726e-09,7.010586762501281e-08,-7.519174802989357e-09,7.010586957993431e-08,-7.412441161965589e-09,7.010587468840629e-08,-7.404420103227726e-09,7.010586762501281e-08,-7.519174802989357e-09,7.010586957993431e-08,-7.412441161965589e-09,7.010587468840629e-08,-7.404420103227726e-09,6.819468704872508e-08,2.38593539584004e-08,6.819469171517079e-08,2.396056859908868e-08,6.819470362070779e-08,2.397039200489086e-08,6.819468704872508e-08,2.38593539584004e-08,6.819469171517079e-08,2.396056859908868e-08,6.819470362070779e-08,2.397039200489086e-08,6.819468704872508e-08,2.38593539584004e-08,6.819469171517079e-08,2.396056859908868e-08,6.819470362070779e-08,2.397039200489086e-08,6.942223953139359e-08,-1.538388521934133e-09,6.942224436589359e-08,-1.38280405503186e-09,6.942225728454521e-08,-1.372750357878238e-09,6.942223953139359e-08,-1.538388521934133e-09,6.942224436589359e-08,-1.38280405503186e-09,6.942225728454521e-08,-1.372750357878238e-09,6.942223953139359e-08,-1.538388521934133e-09,6.942224436589359e-08,-1.38280405503186e-09,6.942225728454521e-08,-1.372750357878238e-09,6.970705343671199e-08,7.693067640293056e-09,6.970705505414338e-08,7.706544466291139e-09,6.970706087210018e-08,7.712922147617771e-09,6.970705343671199e-08,7.693067640293056e-09,6.970705505414338e-08,7.706544466291139e-09,6.970706087210018e-08,7.712922147617771e-09,6.970705343671199e-08,7.693067640293056e-09,6.970705505414338e-08,7.706544466291139e-09,6.970706087210018e-08,7.712922147617771e-09,7.068662559375572e-08,1.045216217147959e-08,7.068662946991863e-08,1.04709345764441e-08,7.068664355200109e-08,1.048277073632881e-08,7.068662559375572e-08,1.045216217147959e-08,7.068662946991863e-08,1.04709345764441e-08,7.068664355200109e-08,1.048277073632881e-08,7.068662559375572e-08,1.045216217147959e-08,7.068662946991863e-08,1.04709345764441e-08,7.068664355200109e-08,1.048277073632881e-08
7.685942651844539e-08,7.915784472838552e-08,7.685942722331121e-08,7.913877419950149e-08,7.685943888894008e-08,7.91343642740129e-08,7.685942651844539e-08,7.915784472838552e-08,7.685942722331121e-08,7.913877419950149e-08,7.685943888894008e-08,7.91343642740129e-08,7.685942651844539e-08,7.915784472838552e-08,7.685942722331121e-08,7.913877419950149e-08,7.685943888894008e-08,7.91343642740129e-08,7.762740636533552e-08,9.29186691757278e-08,7.762738885491898e-08,9.291137297084198e-08,7.762739631463009e-08,9.291915616961497e-08,7.762740636533552e-08,9.29186691757278e-08,7.762738885491898e-08,9.291137297084198e-08,7.762739631463009e-08,9.291915616961497e-08,7.762740636533552e-08,9.29186691757278e-08,7.762738885491898e-08,9.291137297084198e-08,7.762739631463009e-08,9.291915616961497e-08,7.7303609180313e-08,1.001117378729038e-07,7.730360939042239e-08,1.001033496306084e-07,7.730361846936287e-08,1.001112496162393e-07,7.7303609180313e-08,1.001117378729038e-07,7.730360939042239e-08,1.001033496306084e-07,7.730361846936287e-08,1.001112496162393e-07,7.7303609180313e-08,1.001117378729038e-07,7.730360939042239e-08,1.001033496306084e-07,7.730361846936287e-08,1.001112496162393e-07,8.05895800514745e-08,4.458065197876984e-08,8.058959091591323e-08,4.466231377203787e-08,8.058961010797831e-08,4.466939751104757e-08,8.05895800514745e-08,4.458065197876984e-08,8.058959091591323e-08,4.466231377203787e-08,8.058961010797831e-08,4.466939751104757e-08,8.05895800514745e-08,4.458065197876984e-08,8.058959091591323e-08,4.466231377203787e-08,8.058961010797831e-08,4.466939751104757e-08,8.070052708575e-08,2.848481481495128e-08,8.07005304277222e-08,2.858121758882998e-08,8.070053869181851e-08,2.858997944905487e-08,8.070052708575e-08,2.848481481495128e-08,8.07005304277222e-08,2.858121758882998e-08,8.070053869181851e-08,2.858997944905487e-08,8.070052708575e-08,2.848481481495128e-08,8.07005304277222e-08,2.858121758882998e-08,8.070053869181851e-08,2.858997944905487e-08,7.7811238119762e-08,8.339970846760759e-08,7.781124517284717e-08,8.34811116257969e-08,7.781126452698937e-08,8.34932010649472e-08,7.7811238119762e-08,8.339970846760759e-08,7.781124517284717e-08,8.34811116257969e-08,7.781126452698937e-08,8.34932010649472e-08,7.7811238119762e-08,8.339970846760759e-08,7.781124517284717e-08,8.34811116257969e-08,7.781126452698937e-08,8.34932010649472e-08,7.98097876421952e-08,5.477020204371731e-08,7.98097947814665e-08,5.490964935011696e-08,7.980981489897466e-08,5.491276256088212e-08,7.98097876421952e-08,5.477020204371731e-08,7.98097947814665e-08,5.490964935011696e-08,7.980981489897466e-08,5.491276256088212e-08,7.98097876421952e-08,5.477020204371731e-08,7.98097947814665e-08,5.490964935011696e-08,7.980981489897466e-08,5.491276256088212e-08,8.009991042513432e-08,4.931862491612202e-08,8.009991290453203e-08,4.932818624909826e-08,8.009992128741342e-08,4.933461973082477e-08,8.009991042513432e-08,4.931862491612202e-08,8.009991290453203e-08,4.932818624909826e-08,8.009992128741342e-08,4.933461973082477e-08,8.009991042513432e-08,4.931862491612202e-08,8.009991290453203e-08,4.932818624909826e-08,8.009992128741342e-08,4.933461973082477e-08,8.145152864736538e-08,4.827119996029908e-08,8.145153456219627e-08,4.827375137585845e-08,8.145155563964443e-08,4.82728918625509e-08,8.145152864736538e-08,4.827119996029908e-08,8.145153456219627e-08,4.827375137585845e-08,8.145155563964443e-08,4.82728918625509e-08,8.145152864736538e-08,4.827119996029908e-08,8.145153456219627e-08,4.827375137585845e-08,8.145155563964443e-08,4.82728918625509e-08
8.842971325922269e-08,8.409948680844256e-08,8.84297136116556e-08,8.408243962438175e-08,8.842971944447004e-08,8.407842038330637e-08,8.842971325922269e-08,8.409948680844256e-08,8.84297136116556e-08,8.408243962438175e-08,8.842971944447004e-08,8.407842038330637e-08,8.842971325922269e-08,8.409948680844256e-08,8.84297136116556e-08,8.408243962438175e-08,8.842971944447004e-08,8.407842038330637e-08,8.881370318266776e-08,9.076466111779742e-08,8.881369442745948e-08,9.075520906998587e-08,8.881369815731504e-08,9.076394892843094e-08,8.881370318266776e-08,9.076466111779742e-08,8.881369442745948e-08,9.075520906998587e-08,8.881369815731504e-08,9.076394892843094e-08,8.881370318266776e-08,9.076466111779742e-08,8.881369442745948e-08,9.075520906998587e-08,8.881369815731504e-08,9.076394892843094e-08,8.865180459015649e-08,8.497806731147919e-08,8.865180469521119e-08,8.496882222994032e-08,8.865180923468142e-08,8.497692140824936e-08,8.865180459015649e-08,8.497806731147919e-08,8.865180469521119e-08,8.496882222994032e-08,8.865180923468142e-08,8.497692140824936e-08,8.865180459015649e-08,8.497806731147919e-08,8.865180469521119e-08,8.496882222994032e-08,8.865180923468142e-08,8.497692140824936e-08,9.029479002573725e-08,2.430974625497465e-08,9.029479545795662e-08,2.431358413785858e-08,9.029480505398915e-08,2.431913683911881e-08,9.029479002573725e-08,2.430974625497465e-08,9.029479545795662e-08,2.431358413785858e-08,9.029480505398915e-08,2.431913683911881e-08,9.029479002573725e-08,2.430974625497465e-08,9.029479545795662e-08,2.431358413785858e-08,9.029480505398915e-08,2.431913683911881e-08,9.0350263542875e-08,2.520630692386635e-08,9.03502652138611e-08,2.519615040703109e-08,9.035026934590926e-08,2.519972998060134e-08,9.0350263542875e-08,2.520630692386635e-08,9.03502652138611e-08,2.519615040703109e-08,9.035026934590926e-08,2.519972998060134e-08,9.0350263542875e-08,2.520630692386635e-08,9.03502652138611e-08,2.519615040703109e-08,9.035026934590926e-08,2.519972998060134e-08,8.8905619059881e-08,6.017847671327898e-08,8.890562258642359e-08,6.017423841089762e-08,8.890563226349468e-08,6.017892459527849e-08,8.8905619059881e-08,6.017847671327898e-08,8.890562258642359e-08,6.017423841089762e-08,8.890563226349468e-08,6.017892459527849e-08,8.8905619059881e-08,6.017847671327898e-08,8.890562258642359e-08,6.017423841089762e-08,8.890563226349468e-08,6.017892459527849e-08,8.99048938210976e-08,2.922729901789311e-08,8.990489739073325e-08,2.937245689949697e-08,8.990490744948733e-08,2.93789096756465e-08,8.99048938210976e-08,2.922729901789311e-08,8.990489739073325e-08,2.937245689949697e-08,8.990490744948733e-08,2.93789096756465e-08,8.99048938210976e-08,2.922729901789311e-08,8.990489739073325e-08,2.937245689949697e-08,8.990490744948733e-08,2.93789096756465e-08,9.004995521256716e-08,3.708085036224621e-08,9.0049956452266e-08,3.708335438786506e-08,9.004996064370671e-08,3.708494158407078e-08,9.004995521256716e-08,3.708085036224621e-08,9.0049956452266e-08,3.708335438786506e-08,9.004996064370671e-08,3.708494158407078e-08,9.004995521256716e-08,3.708085036224621e-08,9.0049956452266e-08,3.708335438786506e-08,9.004996064370671e-08,3.708494158407078e-08,9.072576432368269e-08,3.840548028279093e-08,9.072576728109813e-08,3.841392925515108e-08,9.072577781982221e-08,3.842170390429167e-08,9.072576432368269e-08,3.840548028279093e-08,9.072576728109813e-08,3.841392925515108e-08,9.072577781982221e-08,3.842170390429167e-08,9.072576432368269e-08,3.840548028279093e-08,9.072576728109813e-08,3.841392925515108e-08,9.072577781982221e-08,3.842170390429167e-08
1e-07,1.009809375265386e-07,1e-07,1.009646624232029e-07,1e-07,1.00957571137648e-07,1e-07,1.009809375265386e-07,1e-07,1.009646624232029e-07,1e-07,1.00957571137648e-07,1e-07,1.009809375265386e-07,1e-07,1.009646624232029e-07,1e-07,1.00957571137648e-07,1e-07,1.129780514208178e-07,1e-07,1.129734511807373e-07,1e-07,1.129787820470923e-07,1e-07,1.129780514208178e-07,1e-07,1.129734511807373e-07,1e-07,1.129787820470923e-07,1e-07,1.129780514208178e-07,1e-07,1.129734511807373e-07,1e-07,1.129787820470923e-07,1e-07,1.194035942390802e-07,1e-07,1.193971685563481e-07,1e-07,1.194019263542842e-07,1e-07,1.194035942390802e-07,1e-07,1.193971685563481e-07,1e-07,1.194019263542842e-07,1e-07,1.194035942390802e-07,1e-07,1.193971685563481e-07,1e-07,1.194019263542842e-07,1e-07,6.053716663581065e-08,1e-07,6.050916708267525e-08,1e-07,6.051361144552527e-08,1e-07,6.053716663581065e-08,1e-07,6.050916708267525e-08,1e-07,6.051361144552527e-08,1e-07,6.053716663581065e-08,1e-07,6.050916708267525e-08,1e-07,6.051361144552527e-08,1e-07,4.405361829438521e-08,1e-07,4.403910606539769e-08,1e-07,4.404516396684414e-08,1e-07,4.405361829438521e-08,1e-07,4.403910606539769e-08,1e-07,4.404516396684414e-08,1e-07,4.405361829438521e-08,1e-07,4.403910606539769e-08,1e-07,4.404516396684414e-08,1e-07,1.032051788047978e-07,1e-07,1.031822491989184e-07,1e-07,1.031907675839531e-07,1e-07,1.032051788047978e-07,1e-07,1.031822491989184e-07,1e-07,1.031907675839531e-07,1e-07,1.032051788047978e-07,1e-07,1.031822491989184e-07,1e-07,1.031907675839531e-07,1e-07,7.191061113421058e-08,1e-07,7.204699623702769e-08,1e-07,7.205102141775223e-08,1e-07,7.191061113421058e-08,1e-07,7.204699623702769e-08,1e-07,7.205102141775223e-08,1e-07,7.191061113421058e-08,1e-07,7.204699623702769e-08,1e-07,7.205102141775223e-08,1e-07,6.561433732982781e-08,1e-07,6.56197422370807e-08,1e-07,6.562534614217713e-08,1e-07,6.561433732982781e-08,1e-07,6.56197422370807e-08,1e-07,6.562534614217713e-08,1e-07,6.561433732982781e-08,1e-07,6.56197422370807e-08,1e-07,6.562534614217713e-08,1e-07,6.286354689604755e-08,1e-07,6.286264918821019e-08,1e-07,6.286159927461777e-08,1e-07,6.286354689604755e-08,1e-07,6.286264918821019e-08,1e-07,6.286159927461777e-08,1e-07,6.286354689604755e-08,1e-07,6.286264918821019e-08,1e-07,6.286159927461777e-08
1.00025e-07,9.493640355073401e-08,1.00025e-07,9.491984619123304e-08,1.00025e-07,9.491236384364563e-08,1.00025e-07,9.493640355073401e-08,1.00025e-07,9.491984619123304e-08,1.00025e-07,9.491236384364563e-08,1.00025e-07,9.493640355073401e-08,1.00025e-07,9.491984619123304e-08,1.00025e-07,9.491236384364563e-08,1.00025e-07,1.043652710883102e-07,1.00025e-07,1.043582641370924e-07,1.00025e-07,1.043633824820555e-07,1.00025e-07,1.043652710883102e-07,1.00025e-07,1.043582641370924e-07,1.00025e-07,1.043633824820555e-07,1.00025e-07,1.043652710883102e-07,1.00025e-07,1.043582641370924e-07,1.00025e-07,1.043633824820555e-07,1.00025e-07,1.061901271257343e-07,1.00025e-07,1.061825232451046e-07,1.00025e-07,1.061875874622639e-07,1.00025e-07,1.061901271257343e-07,1.00025e-07,1.061825232451046e-07,1.00025e-07,1.061875874622639e-07,1.00025e-07,1.061901271257343e-07,1.00025e-07,1.061825232451046e-07,1.00025e-07,1.061875874622639e-07,1.00025e-07,4.654965534040475e-08,1.00025e-07,4.652281538956513e-08,1.00025e-07,4.652756094621003e-08,1.00025e-07,4.654965534040475e-08,1.00025e-07,4.652281538956513e-08,1.00025e-07,4.652756094621003e-08,1.00025e-07,4.654965534040475e-08,1.00025e-07,4.652281538956513e-08,1.00025e-07,4.652756094621003e-08,1.00025e-07,3.674027385369596e-08,1.00025e-07,3.671744326993364e-08,1.00025e-07,3.672270049070163e-08,1.00025e-07,3.674027385369596e-08,1.00025e-07,3.671744326993364e-08,1.00025e-07,3.672270049070163e-08,1.00025e-07,3.674027385369596e-08,1.00025e-07,3.671744326993364e-08,1.00025e-07,3.672270049070163e-08,1.00025e-07,8.742216361759788e-08,1.00025e-07,8.739761355994585e-08,1.00025e-07,8.740416362892281e-08,1.00025e-07,8.742216361759788e-08,1.00025e-07,8.739761355994585e-08,1.00025e-07,8.740416362892281e-08,1.00025e-07,8.742216361759788e-08,1.00025e-07,8.739761355994585e-08,1.00025e-07,8.740416362892281e-08,1.00025e-07,5.598765976704912e-08,1.00025e-07,5.612818822538465e-08,1.00025e-07,5.613358872425086e-08,1.00025e-07,5.598765976704912e-08,1.00025e-07,5.612818822538465e-08,1.00025e-07,5.613358872425086e-08,1.00025e-07,5.598765976704912e-08,1.00025e-07,5.612818822538465e-08,1.00025e-07,5.613358872425086e-08,1.00025e-07,5.502901710583759e-08,1.00025e-07,5.503363305151849e-08,1.00025e-07,5.503846792694051e-08,1.00025e-07,5.502901710583759e-08,1.00025e-07,5.503363305151849e-08,1.00025e-07,5.503846792694051e-08,1.00025e-07,5.502901710583759e-08,1.00025e-07,5.503363305151849e-08,1.00025e-07,5.503846792694051e-08,1.00025e-07,5.357990280678394e-08,1.00025e-07,5.358211240582757e-08,1.00025e-07,5.358443907350302e-08,1.00025e-07,5.357990280678394e-08,1.00025e-07,5.358211240582757e-08,1.00025e-07,5.358443907350302e-08,1.00025e-07,5.357990280678394e-08,1.00025e-07,5.358211240582757e-08,1.00025e-07,5.358443907350302e-08
1.000648507926714e-07,1.225835196959379e-07,1.000648507926717e-07,1.225672144802761e-07,1.000648507926707e-07,1.225614416115984e-07,1.000648507926714e-07,1.225835196959379e-07,1.000648507926717e-07,1.225672144802761e-07,1.000648507926707e-07,1.225614416115984e-07,1.000648507926714e-07,1.225835196959379e-07,1.000648507926717e-07,1.225672144802761e-07,1.000648507926707e-07,1.225614416115984e-07,1.000648397362443e-07,1.340046683380354e-07,1.000648397362446e-07,1.339980158884441e-07,1.000648397362437e-07,1.340049575934784e-07,1.000648397362443e-07,1.340046683380354e-07,1.000648397362446e-07,1.339980158884441e-07,1.000648397362437e-07,1.340049575934784e-07,1.000648397362443e-07,1.340046683380354e-07,1.000648397362446e-07,1.339980158884441e-07,1.000648397362437e-07,1.340049575934784e-07,1.000648288762533e-07,1.363667001944635e-07,1.000648288762536e-07,1.363590457806982e-07,1.000648288762526e-07,1.363656045189756e-07,1.000648288762533e-07,1.363667001944635e-07,1.000648288762536e-07,1.363590457806982e-07,1.000648288762526e-07,1.363656045189756e-07,1.000648288762533e-07,1.363667001944635e-07,1.000648288762536e-07,1.363590457806982e-07,1.000648288762526e-07,1.363656045189756e-07,1.000648470419493e-07,6.378456171336234e-08,1.000648470419495e-07,6.375800475438395e-08,1.000648470419486e-07,6.376302884895527e-08,1.000648470419493e-07,6.378456171336234e-08,1.000648470419495e-07,6.375800475438395e-08,1.000648470419486e-07,6.376302884895527e-08,1.000648470419493e-07,6.378456171336234e-08,1.000648470419495e-07,6.375800475438395e-08,1.000648470419486e-07,6.376302884895527e-08,1.000648360088907e-07,5.937897375205791e-08,1.00064836008891e-07,5.935003362290803e-08,1.000648360088901e-07,5.93547452427164e-08,1.000648360088907e-07,5.937897375205791e-08,1.00064836008891e-07,5.935003362290803e-08,1.000648360088901e-07,5.93547452427164e-08,1.000648360088907e-07,5.937897375205791e-08,1.00064836008891e-07,5.935003362290803e-08,1.000648360088901e-07,5.93547452427164e-08,1.00064825156917e-07,1.079461278779188e-07,1.000648251569172e-07,1.07920571232758e-07,1.000648251569163e-07,1.079267547877544e-07,1.00064825156917e-07,1.079461278779188e-07,1.000648251569172e-07,1.07920571232758e-07,1.000648251569163e-07,1.079267547877544e-07,1.00064825156917e-07,1.079461278779188e-07,1.000648251569172e-07,1.07920571232758e-07,1.000648251569163e-07,1.079267547877544e-07,1.000648434184324e-07,6.459832552166339e-08,1.000648434184873e-07,6.473950422877659e-08,1.000648434184864e-07,6.474583100088015e-08,1.000648434184324e-07,6.459832552166339e-08,1.000648434184873e-07,6.473950422877659e-08,1.000648434184864e-07,6.474583100088015e-08,1.000648434184324e-07,6.459832552166339e-08,1.000648434184873e-07,6.473950422877659e-08,1.000648434184864e-07,6.474583100088015e-08,1.000648323940042e-07,6.852915821684302e-08,1.000648323940043e-07,6.853262781545084e-08,1.000648323940034e-07,6.853685359528776e-08,1.000648323940042e-07,6.852915821684302e-08,1.000648323940043e-07,6.853262781545084e-08,1.000648323940034e-07,6.853685359528776e-08,1.000648323940042e-07,6.852915821684302e-08,1.000648323940043e-07,6.853262781545084e-08,1.000648323940034e-07,6.853685359528776e-08,1.000648215343781e-07,7.038675280032106e-08,1.000648215343781e-07,7.039012153187267e-08,1.000648215343771e-07,7.039463220784729e-08,1.000648215343781e-07,7.038675280032106e-08,1.000648215343781e-07,7.039012153187267e-08,1.000648215343771e-07,7.039463220784729e-08,1.000648215343781e-07,7.038675280032106e-08,1.000648215343781e-07,7.039012153187267e-08,1.000648215343771e-07,7.039463220784729e-08
1.000736380945035e-07,5.939629087207728e-07,1.000736380945037e-07,5.939729541564513e-07,1.00073638094503e-07,5.939574546685381e-07,1.000736380945035e-07,5.939629087207728e-07,1.000736380945037e-07,5.939729541564513e-07,1.00073638094503e-07,5.939574546685381e-07,1.000736380945035e-07,5.939629087207728e-07,1.000736380945037e-07,5.939729541564513e-07,1.00073638094503e-07,5.939574546685381e-07,1.000736298021832e-07,6.053358925030679e-07,1.000736298021834e-07,6.053552554668991e-07,1.000736298021827e-07,6.053526362318216e-07,1.000736298021832e-07,6.053358925030679e-07,1.000736298021834e-07,6.053552554668991e-07,1.000736298021827e-07,6.053526362318216e-07,1.000736298021832e-07,6.053358925030679e-07,1.000736298021834e-07,6.053552554668991e-07,1.000736298021827e-07,6.053526362318216e-07,1.0007362165719e-07,6.092342770697027e-07,1.000736216571902e-07,6.092535482180232e-07,1.000736216571895e-07,6.092496352010498e-07,1.0007362165719e-07,6.092342770697027e-07,1.000736216571902e-07,6.092535482180232e-07,1.000736216571895e-07,6.092496352010498e-07,1.0007362165719e-07,6.092342770697027e-07,1.000736216571902e-07,6.092535482180232e-07,1.000736216571895e-07,6.092496352010498e-07,1.000736352814619e-07,4.863716631727315e-07,1.000736352814621e-07,4.86341606993685e-07,1.000736352814615e-07,4.863488787647594e-07,1.000736352814619e-07,4.863716631727315e-07,1.000736352814621e-07,4.86341606993685e-07,1.000736352814615e-07,4.863488787647594e-07,1.000736352814619e-07,4.863716631727315e-07,1.000736352814621e-07,4.86341606993685e-07,1.000736352814615e-07,4.863488787647594e-07,1.000736270066681e-07,4.836594726181229e-07,1.000736270066682e-07,4.836268886558083e-07,1.000736270066676e-07,4.836349029495983e-07,1.000736270066681e-07,4.836594726181229e-07,1.000736270066682e-07,4.836268886558083e-07,1.000736270066676e-07,4.836349029495983e-07,1.000736270066681e-07,4.836594726181229e-07,1.000736270066682e-07,4.836268886558083e-07,1.000736270066676e-07,4.836349029495983e-07,1.000736188676877e-07,5.34688136556527e-07,1.000736188676879e-07,5.346597586273079e-07,1.000736188676873e-07,5.346458828598573e-07,1.000736188676877e-07,5.34688136556527e-07,1.000736188676879e-07,5.346597586273079e-07,1.000736188676873e-07,5.346458828598573e-07,1.000736188676877e-07,5.34688136556527e-07,1.000736188676879e-07,5.346597586273079e-07,1.000736188676873e-07,5.346458828598573e-07,1.000736325638243e-07,4.48824426033798e-07,1.000736325638655e-07,4.48971983610026e-07,1.000736325638648e-07,4.489799876829398e-07,1.000736325638243e-07,4.48824426033798e-07,1.000736325638655e-07,4.48971983610026e-07,1.000736325638648e-07,4.489799876829398e-07,1.000736325638243e-07,4.48824426033798e-07,1.000736325638655e-07,4.48971983610026e-07,1.000736325638648e-07,4.489799876829398e-07,1.000736242955032e-07,4.530275378307282e-07,1.000736242955032e-07,4.530277652021803e-07,1.000736242955026e-07,4.530341908563921e-07,1.000736242955032e-07,4.530275378307282e-07,1.000736242955032e-07,4.530277652021803e-07,1.000736242955026e-07,4.530341908563921e-07,1.000736242955032e-07,4.530275378307282e-07,1.000736242955032e-07,4.530277652021803e-07,1.000736242955026e-07,4.530341908563921e-07,1.000736161507836e-07,4.532973543578324e-07,1.000736161507836e-07,4.532964426868669e-07,1.000736161507828e-07,4.533039476687984e-07,1.000736161507836e-07,4.532973543578324e-07,1.000736161507836e-07,4.532964426868669e-07,1.000736161507828e-07,4.533039476687984e-07,1.000736161507836e-07,4.532973543578324e-07,1.000736161507836e-07,4.532964426868669e-07,1.000736161507828e-07,4.533039476687984e-07
1.000865206087287e-07,-6.424219122434616e-07,1.00086520608729e-07,-6.424196100831793e-07,1.000865206087278e-07,-6.424290166840456e-07,1.000865206087287e-07,-6.424219122434616e-07,1.00086520608729e-07,-6.424196100831793e-07,1.000865206087278e-07,-6.424290166840456e-07,1.000865206087287e-07,-6.424219122434616e-07,1.00086520608729e-07,-6.424196100831793e-07,1.000865206087278e-07,-6.424290166840456e-07,1.000865639937249e-07,-7.654665742335909e-07,1.000865639937254e-07,-7.654547714762462e-07,1.000865639937242e-07,-7.654521591952608e-07,1.000865639937249e-07,-7.654665742335909e-07,1.000865639937254e-07,-7.654547714762462e-07,1.000865639937242e-07,-7.654521591952608e-07,1.000865639937249e-07,-7.654665742335909e-07,1.000865639937254e-07,-7.654547714762462e-07,1.000865639937242e-07,-7.654521591952608e-07,1.000866222416133e-07,-9.19199161183221e-07,1.000866222416135e-07,-9.191889393469491e-07,1.000866222416126e-07,-9.19188480683587e-07,1.000866222416133e-07,-9.19199161183221e-07,1.000866222416135e-07,-9.191889393469491e-07,1.000866222416126e-07,-9.19188480683587e-07,1.000866222416133e-07,-9.19199161183221e-07,1.000866222416135e-07,-9.191889393469491e-07,1.000866222416126e-07,-9.19188480683587e-07,1.00076857413184e-07,9.162494995448682e-07,1.000768574131842e-07,9.162152957331759e-07,1.000768574131834e-07,9.162272143274253e-07,1.00076857413184e-07,9.162494995448682e-07,1.000768574131842e-07,9.162152957331759e-07,1.000768574131834e-07,9.162272143274253e-07,1.00076857413184e-07,9.162494995448682e-07,1.000768574131842e-07,9.162152957331759e-07,1.000768574131834e-07,9.162272143274253e-07,1.00086558847036e-07,-1.436190411593147e-07,1.000865588470361e-07,-1.436444233779858e-07,1.000865588470352e-07,-1.436369709733988e-07,1.00086558847036e-07,-1.436190411593147e-07,1.000865588470361e-07,-1.436444233779858e-07,1.000865588470352e-07,-1.436369709733988e-07,1.00086558847036e-07,-1.436190411593147e-07,1.000865588470361e-07,-1.436444233779858e-07,1.000865588470352e-07,-1.436369709733988e-07,1.00086617237712e-07,-2.277518959682415e-07,1.000866172377123e-07,-2.277740386580839e-07,1.000866172377113e-07,-2.277715298124108e-07,1.00086617237712e-07,-2.277518959682415e-07,1.000866172377123e-07,-2.277740386580839e-07,1.000866172377113e-07,-2.277715298124108e-07,1.00086617237712e-07,-2.277518959682415e-07,1.000866172377123e-07,-2.277740386580839e-07,1.000866172377113e-07,-2.277715298124108e-07,1.000865107694619e-07,5.439368818411395e-07,1.000865107695292e-07,5.440723515000153e-07,1.00086510769528e-07,5.440858124992861e-07,1.000865107694619e-07,5.439368818411395e-07,1.000865107695292e-07,5.440723515000153e-07,1.00086510769528e-07,5.440858124992861e-07,1.000865107694619e-07,5.439368818411395e-07,1.000865107695292e-07,5.440723515000153e-07,1.00086510769528e-07,5.440858124992861e-07,1.000865541725233e-07,4.50022178951417e-07,1.000865541725236e-07,4.500188627141265e-07,1.000865541725224e-07,4.500294623391843e-07,1.000865541725233e-07,4.50022178951417e-07,1.000865541725236e-07,4.500188627141265e-07,1.000865541725224e-07,4.500294623391843e-07,1.000865541725233e-07,4.50022178951417e-07,1.000865541725236e-07,4.500188627141265e-07,1.000865541725224e-07,4.500294623391843e-07,1.000866136205654e-07,3.399415763735562e-07,1.000866136205654e-07,3.399396552350327e-07,1.000866136205643e-07,3.399493647766623e-07,1.000866136205654e-07,3.399415763735562e-07,1.000866136205654e-07,3.399396552350327e-07,1.000866136205643e-07,3.399493647766623e-07,1.000866136205654e-07,3.399415763735562e-07,1.000866136205654e-07,3.399396552350327e-07,1.000866136205643e-07,3.399493647766623e-07
1.000932603043644e-07,-8.275571750029091e-06,1.000932603043645e-07,-8.27552912648086e-06,1.000932603043639e-07,-8.275613721202921e-06,1.000932603043644e-07,-8.275571750029091e-06,1.000932603043645e-07,-8.27552912648086e-06,1.000932603043639e-07,-8.275613721202921e-06,1.000932603043644e-07,-8.275571750029091e-06,1.000932603043645e-07,-8.27552912648086e-06,1.000932603043639e-07,-8.275613721202921e-06,1.000932819968625e-07,-8.537335126040325e-06,1.000932819968627e-07,-8.537277621042123e-06,1.000932819968621e-07,-8.537353437352723e-06,1.000932819968625e-07,-8.537335126040325e-06,1.000932819968627e-07,-8.537277621042123e-06,1.000932819968621e-07,-8.537353437352723e-06,1.000932819968625e-07,-8.537335126040325e-06,1.000932819968627e-07,-8.537277621042123e-06,1.000932819968621e-07,-8.537353437352723e-06,1.000933111208067e-07,-8.833803402231037e-06,1.000933111208068e-07,-8.833742595402203e-06,1.000933111208063e-07,-8.833822746589055e-06,1.000933111208067e-07,-8.833803402231037e-06,1.000933111208068e-07,-8.833742595402203e-06,1.000933111208063e-07,-8.833822746589055e-06,1.000933111208067e-07,-8.833803402231037e-06,1.000933111208068e-07,-8.833742595402203e-06,1.000933111208063e-07,-8.833822746589055e-06,1.000833016766282e-07,1.486553672430818e-06,1.000833016766284e-07,1.486515267883001e-06,1.000833016766274e-07,1.486535376263974e-06,1.000833016766282e-07,1.486553672430818e-06,1.000833016766284e-07,1.486515267883001e-06,1.000833016766274e-07,1.486535376263974e-06,1.000833016766282e-07,1.486553672430818e-06,1.000833016766284e-07,1.486515267883001e-06,1.000833016766274e-07,1.486535376263974e-06,1.00093279423518e-07,-7.012488595124818e-06,1.00093279423518e-07,-7.012441425565569e-06,1.000932794235176e-07,-7.01249448694774e-06,1.00093279423518e-07,-7.012488595124818e-06,1.00093279423518e-07,-7.012441425565569e-06,1.000932794235176e-07,-7.01249448694774e-06,1.00093279423518e-07,-7.012488595124818e-06,1.00093279423518e-07,-7.012441425565569e-06,1.000932794235176e-07,-7.01249448694774e-06,1.00093308618856e-07,-7.260580091320904e-06,1.000933086188561e-07,-7.260528127099494e-06,1.000933086188556e-07,-7.260588708722535e-06,1.00093308618856e-07,-7.260580091320904e-06,1.000933086188561e-07,-7.260528127099494e-06,1.000933086188556e-07,-7.260588708722535e-06,1.00093308618856e-07,-7.260580091320904e-06,1.000933086188561e-07,-7.260528127099494e-06,1.000933086188556e-07,-7.260588708722535e-06,1.000932553847309e-07,-5.304490038386188e-06,1.000932553847646e-07,-5.304296624558159e-06,1.00093255384764e-07,-5.304334090986088e-06,1.000932553847309e-07,-5.304490038386188e-06,1.000932553847646e-07,-5.304296624558159e-06,1.00093255384764e-07,-5.304334090986088e-06,1.000932553847309e-07,-5.304490038386188e-06,1.000932553847646e-07,-5.304296624558159e-06,1.00093255384764e-07,-5.304334090986088e-06,1.000932770862616e-07,-5.56587361921906e-06,1.000932770862618e-07,-5.565820710009749e-06,1.000932770862612e-07,-5.565865246594142e-06,1.000932770862616e-07,-5.56587361921906e-06,1.000932770862618e-07,-5.565820710009749e-06,1.000932770862612e-07,-5.565865246594142e-06,1.000932770862616e-07,-5.56587361921906e-06,1.000932770862618e-07,-5.565820710009749e-06,1.000932770862612e-07,-5.565865246594142e-06,1.000933068102827e-07,-5.833815038921376e-06,1.000933068102827e-07,-5.833767262793987e-06,1.000933068102822e-07,-5.833828623521523e-06,1.000933068102827e-07,-5.833815038921376e-06,1.000933068102827e-07,-5.833767262793987e-06,1.000933068102822e-07,-5.833828623521523e-06,1.000933068102827e-07,-5.833815038921376e-06,1.000933068102827e-07,-5.833767262793987e-06,1.000933068102822e-07,-5.833828623521523e-06
1.000966301521822e-07,-1.573809842498555e-05,1.000966301521822e-07,-1.573798821948257e-05,1.000966301521819e-07,-1.573817327481645e-05,1.000966301521822e-07,-1.573809842498555e-05,1.000966301521822e-07,-1.573798821948257e-05,1.000966301521819e-07,-1.573817327481645e-05,1.000966301521822e-07,-1.573809842498555e-05,1.000966301521822e-07,-1.573798821948257e-05,1.000966301521819e-07,-1.573817327481645e-05,1.000966409984312e-07,-1.605237000486564e-05,1.000966409984313e-07,-1.605224464724558e-05,1.00096640998431e-07,-1.60524215397211e-05,1.000966409984312e-07,-1.605237000486564e-05,1.000966409984313e-07,-1.605224464724558e-05,1.00096640998431e-07,-1.60524215397211e-05,1.000966409984312e-07,-1.605237000486564e-05,1.000966409984313e-07,-1.605224464724558e-05,1.00096640998431e-07,-1.60524215397211e-05,1.000966555604033e-07,-1.64045618231576e-05,1.000966555604034e-07,-1.640443288848804e-05,1.000966555604031e-07,-1.640461551358989e-05,1.000966555604033e-07,-1.64045618231576e-05,1.000966555604034e-07,-1.640443288848804e-05,1.000966555604031e-07,-1.640461551358989e-05,1.000966555604033e-07,-1.64045618231576e-05,1.000966555604034e-07,-1.640443288848804e-05,1.000966555604031e-07,-1.640461551358989e-05,1.00087881002565e-07,-4.123908243198525e-07,1.000878810025658e-07,-4.124207147072455e-07,1.000878810025648e-07,-4.124054136181086e-07,1.00087881002565e-07,-4.123908243198525e-07,1.000878810025658e-07,-4.124207147072455e-07,1.000878810025648e-07,-4.124054136181086e-07,1.00087881002565e-07,-4.123908243198525e-07,1.000878810025658e-07,-4.124207147072455e-07,1.000878810025648e-07,-4.124054136181086e-07,1.00096639711759e-07,-1.421532747927488e-05,1.00096639711759e-07,-1.421523739048071e-05,1.000966397117588e-07,-1.42154040034907e-05,1.00096639711759e-07,-1.421532747927488e-05,1.00096639711759e-07,-1.421523739048071e-05,1.000966397117588e-07,-1.42154040034907e-05,1.00096639711759e-07,-1.421532747927488e-05,1.00096639711759e-07,-1.421523739048071e-05,1.000966397117588e-07,-1.42154040034907e-05,1.00096654309428e-07,-1.453471944733592e-05,1.000966543094281e-07,-1.453462282571362e-05,1.000966543094278e-07,-1.453479503713282e-05,1.00096654309428e-07,-1.453471944733592e-05,1.000966543094281e-07,-1.453462282571362e-05,1.000966543094278e-07,-1.453479503713282e-05,1.00096654309428e-07,-1.453471944733592e-05,1.000966543094281e-07,-1.453462282571362e-05,1.000966543094278e-07,-1.453479503713282e-05,1.000966276923655e-07,-1.200588861436189e-05,1.000966276923823e-07,-1.200566246808753e-05,1.00096627692382e-07,-1.200580996567511e-05,1.000966276923655e-07,-1.200588861436189e-05,1.000966276923823e-07,-1.200566246808753e-05,1.00096627692382e-07,-1.200580996567511e-05,1.000966276923655e-07,-1.200588861436189e-05,1.000966276923823e-07,-1.200566246808753e-05,1.00096627692382e-07,-1.200580996567511e-05,1.000966385431308e-07,-1.236715356021108e-05,1.000966385431309e-07,-1.236706051835066e-05,1.000966385431306e-07,-1.236721383389713e-05,1.000966385431308e-07,-1.236715356021108e-05,1.000966385431309e-07,-1.236706051835066e-05,1.000966385431306e-07,-1.236721383389713e-05,1.000966385431308e-07,-1.236715356021108e-05,1.000966385431309e-07,-1.236706051835066e-05,1.000966385431306e-07,-1.236721383389713e-05,1.000966534051413e-07,-1.272952640014703e-05,1.000966534051413e-07,-1.27294262791008e-05,1.000966534051411e-07,-1.272957981723771e-05,1.000966534051413e-07,-1.272952640014703e-05,1.000966534051413e-07,-1.27294262791008e-05,1.000966534051411e-07,-1.272957981723771e-05,1.000966534051413e-07,-1.272952640014703e-05,1.000966534051413e-07,-1.27294262791008e-05,1.000966534051411e-07,-1.272957981723771e-05
1.001e-07,-2.372447501675203e-05,1.001e-07,-2.372426099259982e-05,1.001e-07,-2.372452337024716e-05,1.001e-07,-2.372447501675203e-05,1.001e-07,-2.372426099259982e-05,1.001e-07,-2.372452337024716e-05,1.001e-07,-2.372447501675203e-05,1.001e-07,-2.372426099259982e-05,1.001e-07,-2.372452337024716e-05,1.001e-07,-2.404376545369026e-05,1.001e-07,-2.404353651138146e-05,1.001e-07,-2.404379146018439e-05,1.001e-07,-2.404376545369026e-05,1.001e-07,-2.404353651138146e-05,1.001e-07,-2.404379146018439e-05,1.001e-07,-2.404376545369026e-05,1.001e-07,-2.404353651138146e-05,1.001e-07,-2.404379146018439e-05,1.001e-07,-2.438717829403413e-05,1.001e-07,-2.438694547913374e-05,1.001e-07,-2.438720646474582e-05,1.001e-07,-2.438717829403413e-05,1.001e-07,-2.438694547913374e-05,1.001e-07,-2.438720646474582e-05,1.001e-07,-2.438717829403413e-05,1.001e-07,-2.438694547913374e-05,1.001e-07,-2.438720646474582e-05,1.000924686608303e-07,-6.678731785583252e-06,1.000924686608314e-07,-6.678691494535863e-06,1.000924686608305e-07,-6.678726181662825e-06,1.000924686608303e-07,-6.678731785583252e-06,1.000924686608314e-07,-6.678691494535863e-06,1.000924686608305e-07,-6.678726181662825e-06,1.000924686608303e-07,-6.678731785583252e-06,1.000924686608314e-07,-6.678691494535863e-06,1.000924686608305e-07,-6.678726181662825e-06,1.001e-07,-2.221579002216496e-05,1.001e-07,-2.221559932220391e-05,1.001e-07,-2.221584023546721e-05,1.001e-07,-2.221579002216496e-05,1.001e-07,-2.221559932220391e-05,1.001e-07,-2.221584023546721e-05,1.001e-07,-2.221579002216496e-05,1.001e-07,-2.221559932220391e-05,1.001e-07,-2.221584023546721e-05,1.001e-07,-2.254008533207883e-05,1.001e-07,-2.25398875149425e-05,1.001e-07,-2.254013235611365e-05,1.001e-07,-2.254008533207883e-05,1.001e-07,-2.25398875149425e-05,1.001e-07,-2.254013235611365e-05,1.001e-07,-2.254008533207883e-05,1.001e-07,-2.25398875149425e-05,1.001e-07,-2.254013235611365e-05,1.001e-07,-1.990399957838203e-05,1.001e-07,-1.990367316035611e-05,1.001e-07,-1.990388727098551e-05,1.001e-07,-1.990399957838203e-05,1.001e-07,-1.990367316035611e-05,1.001e-07,-1.990388727098551e-05,1.001e-07,-1.990399957838203e-05,1.001e-07,-1.990367316035611e-05,1.001e-07,-1.990388727098551e-05,1.001e-07,-2.030277026836364e-05,1.001e-07,-2.030257456464062e-05,1.001e-07,-2.030279487608521e-05,1.001e-07,-2.030277026836364e-05,1.001e-07,-2.030257456464062e-05,1.001e-07,-2.030279487608521e-05,1.001e-07,-2.030277026836364e-05,1.001e-07,-2.030257456464062e-05,1.001e-07,-2.030279487608521e-05,1.001e-07,-2.068821765138188e-05,1.001e-07,-2.068801374248346e-05,1.001e-07,-2.068823448723114e-05,1.001e-07,-2.068821765138188e-05,1.001e-07,-2.068801374248346e-05,1.001e-07,-2.068823448723114e-05,1.001e-07,-2.068821765138188e-05,1.001e-07,-2.068801374248346e-05,1.001e-07,-2.068823448723114e-05
1.001033492028446e-07,-3.030267679462328e-05,1.001033492028315e-07,-3.03023582906581e-05,1.001033492028744e-07,-3.030270568380252e-05,1.001033492028446e-07,-3.030267679462328e-05,1.001033492028315e-07,-3.03023582906581e-05,1.001033492028744e-07,-3.030270568380252e-05,1.001033492028446e-07,-3.030267679462328e-05,1.001033492028315e-07,-3.03023582906581e-05,1.001033492028744e-07,-3.030270568380252e-05,1.001033387893869e-07,-3.05784639752651e-05,1.001033387893752e-07,-3.057813074957513e-05,1.001033387894188e-07,-3.057847107516466e-05,1.001033387893869e-07,-3.05784639752651e-05,1.001033387893752e-07,-3.057813074957513e-05,1.001033387894188e-07,-3.057847107516466e-05,1.001033387893869e-07,-3.05784639752651e-05,1.001033387893752e-07,-3.057813074957513e-05,1.001033387894188e-07,-3.057847107516466e-05,1.001033345629912e-07,-3.087739639753142e-05,1.001033345629672e-07,-3.087705881285183e-05,1.001033345629945e-07,-3.087740519424239e-05,1.001033345629912e-07,-3.087739639753142e-05,1.001033345629672e-07,-3.087705881285183e-05,1.001033345629945e-07,-3.087740519424239e-05,1.001033345629912e-07,-3.087739639753142e-05,1.001033345629672e-07,-3.087705881285183e-05,1.001033345629945e-07,-3.087740519424239e-05,1.000962343304151e-07,-1.480848059422908e-05,1.000962343304157e-07,-1.480838903195062e-05,1.000962343304152e-07,-1.48085501813825e-05,1.000962343304151e-07,-1.480848059422908e-05,1.000962343304157e-07,-1.480838903195062e-05,1.000962343304152e-07,-1.48085501813825e-05,1.000962343304151e-07,-1.480848059422908e-05,1.000962343304157e-07,-1.480838903195062e-05,1.000962343304152e-07,-1.48085501813825e-05,1.001032789253736e-07,-2.888401338398479e-05,1.001032789253713e-07,-2.888372061473776e-05,1.001032789254028e-07,-2.888404130569716e-05,1.001032789253736e-07,-2.888401338398479e-05,1.001032789253713e-07,-2.888372061473776e-05,1.001032789254028e-07,-2.888404130569716e-05,1.001032789253736e-07,-2.888401338398479e-05,1.001032789253713e-07,-2.888372061473776e-05,1.001032789254028e-07,-2.888404130569716e-05,1.001032740205585e-07,-2.916373407466166e-05,1.001032740205393e-07,-2.916343400532821e-05,1.001032740205652e-07,-2.916375839212564e-05,1.001032740205585e-07,-2.916373407466166e-05,1.001032740205393e-07,-2.916343400532821e-05,1.001032740205652e-07,-2.916375839212564e-05,1.001032740205585e-07,-2.916373407466166e-05,1.001032740205393e-07,-2.916343400532821e-05,1.001032740205652e-07,-2.916375839212564e-05,1.00103253790898e-07,-2.676049557213916e-05,1.001032537908889e-07,-2.676006795223913e-05,1.001032537909103e-07,-2.676035800262602e-05,1.00103253790898e-07,-2.676049557213916e-05,1.001032537908889e-07,-2.676006795223913e-05,1.001032537909103e-07,-2.676035800262602e-05,1.00103253790898e-07,-2.676049557213916e-05,1.001032537908889e-07,-2.676006795223913e-05,1.001032537909103e-07,-2.676035800262602e-05,1.001032289155285e-07,-2.709041928851909e-05,1.00103228915509e-07,-2.709012300493397e-05,1.001032289155292e-07,-2.709041940713069e-05,1.001032289155285e-07,-2.709041928851909e-05,1.00103228915509e-07,-2.709012300493397e-05,1.001032289155292e-07,-2.709041940713069e-05,1.001032289155285e-07,-2.709041928851909e-05,1.00103228915509e-07,-2.709012300493397e-05,1.001032289155292e-07,-2.709041940713069e-05,1.001032124142653e-07,-2.741632924135297e-05,1.001032124142519e-07,-2.741602578793738e-05,1.001032124142647e-07,-2.741632417603983e-05,1.001032124142653e-07,-2.741632924135297e-05,1.001032124142519e-07,-2.741602578793738e-05,1.001032124142647e-07,-2.741632417603983e-05,1.001032124142653e-07,-2.741632924135297e-05,1.001032124142519e-07,-2.741602578793738e-05,1.001032124142647e-07,-2.741632417603983e-05
1.001074424832671e-07,-3.753509397500119e-05,1.001074424832496e-07,-3.753465934029031e-05,1.001074424833067e-07,-3.75351188120644e-05,1.001074424832671e-07,-3.753509397500119e-05,1.001074424832496e-07,-3.753465934029031e-05,1.001074424833067e-07,-3.75351188120644e-05,1.001074424832671e-07,-3.753509397500119e-05,1.001074424832496e-07,-3.753465934029031e-05,1.001074424833067e-07,-3.75351188120644e-05,1.001074219297412e-07,-3.775253190192088e-05,1.001074219297256e-07,-3.775208239794077e-05,1.001074219297836e-07,-3.775253460098766e-05,1.001074219297412e-07,-3.775253190192088e-05,1.001074219297256e-07,-3.775208239794077e-05,1.001074219297836e-07,-3.775253460098766e-05,1.001074219297412e-07,-3.775253190192088e-05,1.001074219297256e-07,-3.775208239794077e-05,1.001074219297836e-07,-3.775253460098766e-05,1.001074078736094e-07,-3.798006461584958e-05,1.001074078735773e-07,-3.797961009044404e-05,1.001074078736137e-07,-3.798006781753461e-05,1.001074078736094e-07,-3.798006461584958e-05,1.001074078735773e-07,-3.797961009044404e-05,1.001074078736137e-07,-3.798006781753461e-05,1.001074078736094e-07,-3.798006461584958e-05,1.001074078735773e-07,-3.797961009044404e-05,1.001074078736137e-07,-3.798006781753461e-05,1.001e-07,-2.368753928534586e-05,1.001e-07,-2.368733379448022e-05,1.001e-07,-2.368757799919633e-05,1.001e-07,-2.368753928534586e-05,1.001e-07,-2.368733379448022e-05,1.001e-07,-2.368757799919633e-05,1.001e-07,-2.368753928534586e-05,1.001e-07,-2.368733379448022e-05,1.001e-07,-2.368757799919633e-05,1.001073423781787e-07,-3.632993609164508e-05,1.001073423781757e-07,-3.632952597784447e-05,1.001073423782178e-07,-3.632995257646776e-05,1.001073423781787e-07,-3.632993609164508e-05,1.001073423781757e-07,-3.632952597784447e-05,1.001073423782178e-07,-3.632995257646776e-05,1.001073423781787e-07,-3.632993609164508e-05,1.001073423781757e-07,-3.632952597784447e-05,1.001073423782178e-07,-3.632995257646776e-05,1.00107327385051e-07,-3.653941366145852e-05,1.001073273850255e-07,-3.653899531152354e-05,1.0010732738506e-07,-3.653942415411757e-05,1.00107327385051e-07,-3.653941366145852e-05,1.001073273850255e-07,-3.653899531152354e-05,1.0010732738506e-07,-3.653942415411757e-05,1.00107327385051e-07,-3.653941366145852e-05,1.001073273850255e-07,-3.653899531152354e-05,1.0010732738506e-07,-3.653942415411757e-05,1.001073159670234e-07,-3.451980688677255e-05,1.001073159670088e-07,-3.451925794296171e-05,1.001073159670374e-07,-3.45196471793174e-05,1.001073159670234e-07,-3.451980688677255e-05,1.001073159670088e-07,-3.451925794296171e-05,1.001073159670374e-07,-3.45196471793174e-05,1.001073159670234e-07,-3.451980688677255e-05,1.001073159670088e-07,-3.451925794296171e-05,1.001073159670374e-07,-3.45196471793174e-05,1.001072760749202e-07,-3.47839267600961e-05,1.001072760748941e-07,-3.478350908334596e-05,1.001072760749212e-07,-3.47839048955143e-05,1.001072760749202e-07,-3.47839267600961e-05,1.001072760748941e-07,-3.478350908334596e-05,1.001072760749212e-07,-3.47839048955143e-05,1.001072760749202e-07,-3.47839267600961e-05,1.001072760748941e-07,-3.478350908334596e-05,1.001072760749212e-07,-3.47839048955143e-05,1.00107245446208e-07,-3.503994917424194e-05,1.001072454461901e-07,-3.503952634025391e-05,1.001072454462073e-07,-3.503992663426786e-05,1.00107245446208e-07,-3.503994917424194e-05,1.001072454461901e-07,-3.503952634025391e-05,1.001072454462073e-07,-3.503992663426786e-05,1.00107245446208e-07,-3.503994917424194e-05,1.001072454461901e-07,-3.503952634025391e-05,1.001072454462073e-07,-3.503992663426786e-05
1.001116325359746e-07,-4.294129698915778e-05,1.001116325359521e-07,-4.294082720992163e-05,1.001116325360255e-07,-4.294130205852315e-05,1.001116325359746e-07,-4.294129698915778e-05,1.001116325359521e-07,-4.294082720992163e-05,1.001116325360255e-07,-4.294130205852315e-05,1.001116325359746e-07,-4.294129698915778e-05,1.001116325359521e-07,-4.294082720992163e-05,1.001116325360255e-07,-4.294130205852315e-05,1.001116023426654e-07,-4.305662467310528e-05,1.001116023426453e-07,-4.305615162644279e-05,1.001116023427199e-07,-4.305660851840306e-05,1.001116023426654e-07,-4.305662467310528e-05,1.001116023426453e-07,-4.305615162644279e-05,1.001116023427199e-07,-4.305660851840306e-05,1.001116023426654e-07,-4.305662467310528e-05,1.001116023426453e-07,-4.305615162644279e-05,1.001116023427199e-07,-4.305660851840306e-05,1.001115795376939e-07,-4.317022191626288e-05,1.001115795376527e-07,-4.316975416241821e-05,1.001115795376994e-07,-4.31702031702826e-05,1.001115795376939e-07,-4.317022191626288e-05,1.001115795376527e-07,-4.316975416241821e-05,1.001115795376994e-07,-4.31702031702826e-05,1.001115795376939e-07,-4.317022191626288e-05,1.001115795376527e-07,-4.316975416241821e-05,1.001115795376994e-07,-4.31702031702826e-05,1.001034244234639e-07,-3.034277390848832e-05,1.001034244234517e-07,-3.034246346671461e-05,1.001034244234901e-07,-3.034279344787323e-05,1.001034244234639e-07,-3.034277390848832e-05,1.001034244234517e-07,-3.034246346671461e-05,1.001034244234901e-07,-3.034279344787323e-05,1.001034244234639e-07,-3.034277390848832e-05,1.001034244234517e-07,-3.034246346671461e-05,1.001034244234901e-07,-3.034279344787323e-05,1.001115000685005e-07,-4.204610569283457e-05,1.001115000684967e-07,-4.204566423306792e-05,1.001115000685508e-07,-4.204611034555659e-05,1.001115000685005e-07,-4.204610569283457e-05,1.001115000684967e-07,-4.204566423306792e-05,1.001115000685508e-07,-4.204611034555659e-05,1.001115000685005e-07,-4.204610569283457e-05,1.001115000684967e-07,-4.204566423306792e-05,1.001115000685508e-07,-4.204611034555659e-05,1.001114760383678e-07,-4.215186156213862e-05,1.00111476038335e-07,-4.215142454976847e-05,1.001114760383793e-07,-4.215186162044171e-05,1.001114760383678e-07,-4.215186156213862e-05,1.00111476038335e-07,-4.215142454976847e-05,1.001114760383793e-07,-4.215186162044171e-05,1.001114760383678e-07,-4.215186156213862e-05,1.00111476038335e-07,-4.215142454976847e-05,1.001114760383793e-07,-4.215186162044171e-05,1.001114698271315e-07,-4.069229911557271e-05,1.00111469827113e-07,-4.06917130618451e-05,1.001114698271499e-07,-4.069214212467144e-05,1.001114698271315e-07,-4.069229911557271e-05,1.00111469827113e-07,-4.06917130618451e-05,1.001114698271499e-07,-4.069214212467144e-05,1.001114698271315e-07,-4.069229911557271e-05,1.00111469827113e-07,-4.06917130618451e-05,1.001114698271499e-07,-4.069214212467144e-05,1.00111414738524e-07,-4.086314945567345e-05,1.001114147384904e-07,-4.086270324055292e-05,1.001114147385252e-07,-4.086312811760933e-05,1.00111414738524e-07,-4.086314945567345e-05,1.001114147384904e-07,-4.086270324055292e-05,1.001114147385252e-07,-4.086312811760933e-05,1.00111414738524e-07,-4.086314945567345e-05,1.001114147384904e-07,-4.086270324055292e-05,1.001114147385252e-07,-4.086312811760933e-05,1.001113705105824e-07,-4.102392649480486e-05,1.001113705105595e-07,-4.1023484524954e-05,1.001113705105815e-07,-4.102390262905806e-05,1.001113705105824e-07,-4.102392649480486e-05,1.001113705105595e-07,-4.1023484524954e-05,1.001113705105815e-07,-4.102390262905806e-05,1.001113705105824e-07,-4.102392649480486e-05,1.001113705105595e-07,-4.1023484524954e-05,1.001113705105815e-07,-4.102390262905806e-05
1.001181406208446e-07,-4.595317434055473e-05,1.001181406201405e-07,-4.595285923177041e-05,1.001181406210211e-07,-4.595314110476107e-05,1.001181406208446e-07,-4.595317434055473e-05,1.001181406201405e-07,-4.595285923177041e-05,1.001181406210211e-07,-4.595314110476107e-05,1.001181406208446e-07,-4.595317434055473e-05,1.001181406201405e-07,-4.595285923177041e-05,1.001181406210211e-07,-4.595314110476107e-05,1.00118214761975e-07,-4.569679292344107e-05,1.001182147611679e-07,-4.569647389371775e-05,1.001182147621483e-07,-4.569673868722749e-05,1.00118214761975e-07,-4.569679292344107e-05,1.001182147611679e-07,-4.569647389371775e-05,1.001182147621483e-07,-4.569673868722749e-05,1.00118214761975e-07,-4.569679292344107e-05,1.001182147611679e-07,-4.569647389371775e-05,1.001182147621483e-07,-4.569673868722749e-05,1.001183124805911e-07,-4.53918560473134e-05,1.001183124796034e-07,-4.539154581971022e-05,1.001183124807157e-07,-4.539180792622228e-05,1.001183124805911e-07,-4.53918560473134e-05,1.001183124796034e-07,-4.539154581971022e-05,1.001183124807157e-07,-4.539180792622228e-05,1.001183124805911e-07,-4.53918560473134e-05,1.001183124796034e-07,-4.539154581971022e-05,1.001183124807157e-07,-4.539180792622228e-05,1.001077286503174e-07,-3.776266058849059e-05,1.001077286503009e-07,-3.776222921275046e-05,1.001077286503522e-07,-3.776267310453025e-05,1.001077286503174e-07,-3.776266058849059e-05,1.001077286503009e-07,-3.776222921275046e-05,1.001077286503522e-07,-3.776267310453025e-05,1.001077286503174e-07,-3.776266058849059e-05,1.001077286503009e-07,-3.776222921275046e-05,1.001077286503522e-07,-3.776267310453025e-05,1.001175232790347e-07,-4.590791998738023e-05,1.001175232784715e-07,-4.590761078791134e-05,1.001175232791585e-07,-4.590786954500185e-05,1.001175232790347e-07,-4.590791998738023e-05,1.001175232784715e-07,-4.590761078791134e-05,1.001175232791585e-07,-4.590786954500185e-05,1.001175232790347e-07,-4.590791998738023e-05,1.001175232784715e-07,-4.590761078791134e-05,1.001175232791585e-07,-4.590786954500185e-05,1.001175721266632e-07,-4.572066483488871e-05,1.001175721259761e-07,-4.572035936623807e-05,1.001175721267154e-07,-4.572061050303373e-05,1.001175721266632e-07,-4.572066483488871e-05,1.001175721259761e-07,-4.572035936623807e-05,1.001175721267154e-07,-4.572061050303373e-05,1.001175721266632e-07,-4.572066483488871e-05,1.001175721259761e-07,-4.572035936623807e-05,1.001175721267154e-07,-4.572061050303373e-05,1.001171184570121e-07,-4.557220737034028e-05,1.001171184565615e-07,-4.557173330508803e-05,1.001171184570032e-07,-4.557197596158371e-05,1.001171184570121e-07,-4.557220737034028e-05,1.001171184565615e-07,-4.557173330508803e-05,1.001171184570032e-07,-4.557197596158371e-05,1.001171184570121e-07,-4.557220737034028e-05,1.001171184565615e-07,-4.557173330508803e-05,1.001171184570032e-07,-4.557197596158371e-05,1.001170837490033e-07,-4.555582546495894e-05,1.001170837484914e-07,-4.555549166584913e-05,1.001170837489635e-07,-4.555573457982798e-05,1.001170837490033e-07,-4.555582546495894e-05,1.001170837484914e-07,-4.555549166584913e-05,1.001170837489635e-07,-4.555573457982798e-05,1.001170837490033e-07,-4.555582546495894e-05,1.001170837484914e-07,-4.555549166584913e-05,1.001170837489635e-07,-4.555573457982798e-05,1.001170668098786e-07,-4.551331799790175e-05,1.001170668093633e-07,-4.551298798518651e-05,1.00117066809858e-07,-4.551322683298993e-05,1.001170668098786e-07,-4.551331799790175e-05,1.001170668093633e-07,-4.551298798518651e-05,1.00117066809858e-07,-4.551322683298993e-05,1.001170668098786e-07,-4.551331799790175e-05,1.001170668093633e-07,-4.551298798518651e-05,1.00117066809858e-07,-4.551322683298993e-05
1.001252059856412e-07,-3.972745160230984e-05,1.001252059843979e-07,-3.972727867750887e-05,1.001252059858599e-07,-3.972746135511396e-05,1.001252059856412e-07,-3.972745160230984e-05,1.001252059843979e-07,-3.972727867750887e-05,1.001252059858599e-07,-3.972746135511396e-05,1.001252059856412e-07,-3.972745160230984e-05,1.001252059843979e-07,-3.972727867750887e-05,1.001252059858599e-07,-3.972746135511396e-05,1.001251918392697e-07,-3.892922829195859e-05,1.00125191837854e-07,-3.892904990114473e-05,1.001251918394677e-07,-3.892921704167149e-05,1.001251918392697e-07,-3.892922829195859e-05,1.00125191837854e-07,-3.892904990114473e-05,1.001251918394677e-07,-3.892921704167149e-05,1.001251918392697e-07,-3.892922829195859e-05,1.00125191837854e-07,-3.892904990114473e-05,1.001251918394677e-07,-3.892921704167149e-05,1.001252073939217e-07,-3.805261288759812e-05,1.001252073922706e-07,-3.805243983866893e-05,1.001252073941338e-07,-3.805260391069156e-05,1.001252073939217e-07,-3.805261288759812e-05,1.001252073922706e-07,-3.805243983866893e-05,1.001252073941338e-07,-3.805260391069156e-05,1.001252073939217e-07,-3.805261288759812e-05,1.001252073922706e-07,-3.805243983866893e-05,1.001252073941338e-07,-3.805260391069156e-05,1.001121022811727e-07,-4.323301290659342e-05,1.001121022811516e-07,-4.323258218879893e-05,1.001121022812172e-07,-4.323300124983439e-05,1.001121022811727e-07,-4.323301290659342e-05,1.001121022811516e-07,-4.323258218879893e-05,1.001121022812172e-07,-4.323300124983439e-05,1.001121022811727e-07,-4.323301290659342e-05,1.001121022811516e-07,-4.323258218879893e-05,1.001121022812172e-07,-4.323300124983439e-05,1.001248103902604e-07,-4.119771916319416e-05,1.001248103890828e-07,-4.119756586703173e-05,1.001248103903586e-07,-4.119772572486668e-05,1.001248103902604e-07,-4.119771916319416e-05,1.001248103890828e-07,-4.119756586703173e-05,1.001248103903586e-07,-4.119772572486668e-05,1.001248103902604e-07,-4.119771916319416e-05,1.001248103890828e-07,-4.119756586703173e-05,1.001248103903586e-07,-4.119772572486668e-05,1.001247276184622e-07,-4.054331924780047e-05,1.00124727617069e-07,-4.054316686474026e-05,1.0012472761847e-07,-4.054331973637501e-05,1.001247276184622e-07,-4.054331924780047e-05,1.00124727617069e-07,-4.054316686474026e-05,1.0012472761847e-07,-4.054331973637501e-05,1.001247276184622e-07,-4.054331924780047e-05,1.00124727617069e-07,-4.054316686474026e-05,1.0012472761847e-07,-4.054331973637501e-05,1.001251049736905e-07,-4.279554826887481e-05,1.001251049725859e-07,-4.279524095475875e-05,1.001251049734517e-07,-4.279537559953875e-05,1.001251049736905e-07,-4.279554826887481e-05,1.001251049725859e-07,-4.279524095475875e-05,1.001251049734517e-07,-4.279537559953875e-05,1.001251049736905e-07,-4.279554826887481e-05,1.001251049725859e-07,-4.279524095475875e-05,1.001251049734517e-07,-4.279537559953875e-05,1.001249813102478e-07,-4.232839014812185e-05,1.001249813088312e-07,-4.232822190220986e-05,1.001249813098906e-07,-4.232835723873252e-05,1.001249813102478e-07,-4.232839014812185e-05,1.001249813088312e-07,-4.232822190220986e-05,1.001249813098906e-07,-4.232835723873252e-05,1.001249813102478e-07,-4.232839014812185e-05,1.001249813088312e-07,-4.232822190220986e-05,1.001249813098906e-07,-4.232835723873252e-05,1.001247479035108e-07,-4.197178999352216e-05,1.00124747902076e-07,-4.197162263823411e-05,1.001247479032575e-07,-4.197175730011848e-05,1.001247479035108e-07,-4.197178999352216e-05,1.00124747902076e-07,-4.197162263823411e-05,1.001247479032575e-07,-4.197175730011848e-05,1.001247479035108e-07,-4.197178999352216e-05,1.00124747902076e-07,-4.197162263823411e-05,1.001247479032575e-07,-4.197175730011848e-05
1.001319540971065e-07,-2.603946369912892e-05,1.001319540957586e-07,-2.603938706759056e-05,1.001319540973624e-07,-2.60395180602819e-05,1.001319540971065e-07,-2.603946369912892e-05,1.001319540957586e-07,-2.603938706759056e-05,1.001319540973624e-07,-2.60395180602819e-05,1.001319540971065e-07,-2.603946369912892e-05,1.001319540957586e-07,-2.603938706759056e-05,1.001319540973624e-07,-2.60395180602819e-05,1.001318646720868e-07,-2.508975306712624e-05,1.001318646706068e-07,-2.508966763425431e-05,1.001318646723287e-07,-2.508978495490928e-05,1.001318646720868e-07,-2.508975306712624e-05,1.001318646706068e-07,-2.508966763425431e-05,1.001318646723287e-07,-2.508978495490928e-05,1.001318646720868e-07,-2.508975306712624e-05,1.001318646706068e-07,-2.508966763425431e-05,1.001318646723287e-07,-2.508978495490928e-05,1.001318214396252e-07,-2.403428037795246e-05,1.001318214379462e-07,-2.403419813417331e-05,1.001318214398408e-07,-2.403431599438036e-05,1.001318214396252e-07,-2.403428037795246e-05,1.001318214379462e-07,-2.403419813417331e-05,1.001318214398408e-07,-2.403431599438036e-05,1.001318214396252e-07,-2.403428037795246e-05,1.001318214379462e-07,-2.403419813417331e-05,1.001318214398408e-07,-2.403431599438036e-05,1.001182290160272e-07,-4.643393370933446e-05,1.001182290153969e-07,-4.64336446046124e-05,1.001182290161814e-07,-4.643389493266471e-05,1.001182290160272e-07,-4.643393370933446e-05,1.001182290153969e-07,-4.64336446046124e-05,1.001182290161814e-07,-4.643389493266471e-05,1.001182290160272e-07,-4.643393370933446e-05,1.001182290153969e-07,-4.64336446046124e-05,1.001182290161814e-07,-4.643389493266471e-05,1.001317175410222e-07,-2.791475164402409e-05,1.001317175397014e-07,-2.791469740838147e-05,1.001317175412407e-07,-2.791480272226902e-05,1.001317175410222e-07,-2.791475164402409e-05,1.001317175397014e-07,-2.791469740838147e-05,1.001317175412407e-07,-2.791480272226902e-05,1.001317175410222e-07,-2.791475164402409e-05,1.001317175397014e-07,-2.791469740838147e-05,1.001317175412407e-07,-2.791480272226902e-05,1.001315985743781e-07,-2.698278735600362e-05,1.001315985729194e-07,-2.698273184196244e-05,1.0013159857452e-07,-2.698283163783164e-05,1.001315985743781e-07,-2.698278735600362e-05,1.001315985729194e-07,-2.698273184196244e-05,1.0013159857452e-07,-2.698283163783164e-05,1.001315985743781e-07,-2.698278735600362e-05,1.001315985729194e-07,-2.698273184196244e-05,1.0013159857452e-07,-2.698283163783164e-05,1.001321221064627e-07,-3.06014537866688e-05,1.001321221051652e-07,-3.060124052993721e-05,1.001321221064862e-07,-3.060131409842822e-05,1.001321221064627e-07,-3.06014537866688e-05,1.001321221051652e-07,-3.060124052993721e-05,1.001321221064862e-07,-3.060131409842822e-05,1.001321221064627e-07,-3.06014537866688e-05,1.001321221051652e-07,-3.060124052993721e-05,1.001321221064862e-07,-3.060131409842822e-05,1.001319583991739e-07,-2.983700955350671e-05,1.001319583976269e-07,-2.983693294007336e-05,1.00131958399074e-07,-2.983700803108535e-05,1.001319583991739e-07,-2.983700955350671e-05,1.001319583976269e-07,-2.983693294007336e-05,1.00131958399074e-07,-2.983700803108535e-05,1.001319583991739e-07,-2.983700955350671e-05,1.001319583976269e-07,-2.983693294007336e-05,1.00131958399074e-07,-2.983700803108535e-05,1.001317088576046e-07,-2.925203612671785e-05,1.001317088560724e-07,-2.925195979377274e-05,1.001317088575954e-07,-2.92520350953674e-05,1.001317088576046e-07,-2.925203612671785e-05,1.001317088560724e-07,-2.925195979377274e-05,1.001317088575954e-07,-2.92520350953674e-05,1.001317088576046e-07,-2.925203612671785e-05,1.001317088560724e-07,-2.925195979377274e-05,1.001317088575954e-07,-2.92520350953674e-05
1.001380328480565e-07,-1.317433658811603e-05,1.00138032846526e-07,-1.317429944350699e-05,1.001380328482945e-07,-1.317439701970915e-05,1.001380328480565e-07,-1.317433658811603e-05,1.00138032846526e-07,-1.317429944350699e-05,1.001380328482945e-07,-1.317439701970915e-05,1.001380328480565e-07,-1.317433658811603e-05,1.00138032846526e-07,-1.317429944350699e-05,1.001380328482945e-07,-1.317439701970915e-05,1.001379466129441e-07,-1.225099356311727e-05,1.001379466112531e-07,-1.225094728812108e-05,1.001379466131628e-07,-1.225103224919586e-05,1.001379466129441e-07,-1.225099356311727e-05,1.001379466112531e-07,-1.225094728812108e-05,1.001379466131628e-07,-1.225103224919586e-05,1.001379466129441e-07,-1.225099356311727e-05,1.001379466112531e-07,-1.225094728812108e-05,1.001379466131628e-07,-1.225103224919586e-05,1.001378982205293e-07,-1.128720178548453e-05,1.001378982186065e-07,-1.128715766358387e-05,1.001378982207375e-07,-1.128724392483188e-05,1.001378982205293e-07,-1.128720178548453e-05,1.001378982186065e-07,-1.128715766358387e-05,1.001378982207375e-07,-1.128724392483188e-05,1.001378982205293e-07,-1.128720178548453e-05,1.001378982186065e-07,-1.128715766358387e-05,1.001378982207375e-07,-1.128724392483188e-05,1.001255547166356e-07,-4.101510407315634e-05,1.001255547152277e-07,-4.101496530456824e-05,1.001255547169601e-07,-4.101511278692515e-05,1.001255547166356e-07,-4.101510407315634e-05,1.001255547152277e-07,-4.101496530456824e-05,1.001255547169601e-07,-4.101511278692515e-05,1.001255547166356e-07,-4.101510407315634e-05,1.001255547152277e-07,-4.101496530456824e-05,1.001255547169601e-07,-4.101511278692515e-05,1.00137863750235e-07,-1.443889934863683e-05,1.001378637487994e-07,-1.443888593382308e-05,1.001378637503831e-07,-1.443895763544688e-05,1.00137863750235e-07,-1.443889934863683e-05,1.001378637487994e-07,-1.443888593382308e-05,1.001378637503831e-07,-1.443895763544688e-05,1.00137863750235e-07,-1.443889934863683e-05,1.001378637487994e-07,-1.443888593382308e-05,1.001378637503831e-07,-1.443895763544688e-05,1.001377113526881e-07,-1.358798044654853e-05,1.001377113510924e-07,-1.358796639159262e-05,1.001377113527559e-07,-1.358803475165698e-05,1.001377113526881e-07,-1.358798044654853e-05,1.001377113510924e-07,-1.358796639159262e-05,1.001377113527559e-07,-1.358803475165698e-05,1.001377113526881e-07,-1.358798044654853e-05,1.001377113510924e-07,-1.358796639159262e-05,1.001377113527559e-07,-1.358803475165698e-05,1.001385420425145e-07,-1.644256131012719e-05,1.001385420411961e-07,-1.644240330815942e-05,1.001385420424308e-07,-1.644245771527931e-05,1.001385420425145e-07,-1.644256131012719e-05,1.001385420411961e-07,-1.644240330815942e-05,1.001385420424308e-07,-1.644245771527931e-05,1.001385420425145e-07,-1.644256131012719e-05,1.001385420411961e-07,-1.644240330815942e-05,1.001385420424308e-07,-1.644245771527931e-05,1.00138334992888e-07,-1.568168513367263e-05,1.001383349912898e-07,-1.56816633241239e-05,1.001383349926765e-07,-1.568172149553411e-05,1.00138334992888e-07,-1.568168513367263e-05,1.001383349912898e-07,-1.56816633241239e-05,1.001383349926765e-07,-1.568172149553411e-05,1.00138334992888e-07,-1.568168513367263e-05,1.001383349912898e-07,-1.56816633241239e-05,1.001383349926765e-07,-1.568172149553411e-05,1.00138030258462e-07,-1.513765512008762e-05,1.00138030256887e-07,-1.513763304918671e-05,1.001380302583488e-07,-1.513769207867361e-05,1.00138030258462e-07,-1.513765512008762e-05,1.00138030256887e-07,-1.513763304918671e-05,1.001380302583488e-07,-1.513769207867361e-05,1.00138030258462e-07,-1.513765512008762e-05,1.00138030256887e-07,-1.513763304918671e-05,1.001380302583488e-07,-1.513769207867361e-05
1.001453053895257e-07,-2.256603349589294e-06,1.001453053879767e-07,-2.256584897985777e-06,1.001453053897689e-07,-2.256668807353582e-06,1.001453053895257e-07,-2.256603349589294e-06,1.001453053879767e-07,-2.256584897985777e-06,1.001453053897689e-07,-2.256668807353582e-06,1.001453053895257e-07,-2.256603349589294e-06,1.001453053879767e-07,-2.256584897985777e-06,1.001453053897689e-07,-2.256668807353582e-06,1.001451418058148e-07,-1.591550444460551e-06,1.001451418040943e-07,-1.591519755036054e-06,1.001451418060451e-07,-1.591589702134497e-06,1.001451418058148e-07,-1.591550444460551e-06,1.001451418040943e-07,-1.591519755036054e-06,1.001451418060451e-07,-1.591589702134497e-06,1.001451418058148e-07,-1.591550444460551e-06,1.001451418040943e-07,-1.591519755036054e-06,1.001451418060451e-07,-1.591589702134497e-06,1.001449997235197e-07,-9.313739210603257e-07,1.001449997214931e-07,-9.313426592868284e-07,1.001449997237532e-07,-9.31413167217527e-07,1.001449997235197e-07,-9.313739210603257e-07,1.001449997214931e-07,-9.313426592868284e-07,1.001449997237532e-07,-9.31413167217527e-07,1.001449997235197e-07,-9.313739210603257e-07,1.001449997214931e-07,-9.313426592868284e-07,1.001449997237532e-07,-9.31413167217527e-07,1.001324537216007e-07,-2.744008844933892e-05,1.001324537201399e-07,-2.744004461619713e-05,1.001324537218864e-07,-2.744014521220714e-05,1.001324537216007e-07,-2.744008844933892e-05,1.001324537201399e-07,-2.744004461619713e-05,1.001324537218864e-07,-2.744014521220714e-05,1.001324537216007e-07,-2.744008844933892e-05,1.001324537201399e-07,-2.744004461619713e-05,1.001324537218864e-07,-2.744014521220714e-05,1.001456175871604e-07,-2.169852822724545e-06,1.001456175850926e-07,-2.16986021985264e-06,1.00145617587548e-07,-2.169919946900591e-06,1.001456175871604e-07,-2.169852822724545e-06,1.001456175850926e-07,-2.16986021985264e-06,1.00145617587548e-07,-2.169919946900591e-06,1.001456175871604e-07,-2.169852822724545e-06,1.001456175850926e-07,-2.16986021985264e-06,1.00145617587548e-07,-2.169919946900591e-06,1.001454146340742e-07,-1.509224837990683e-06,1.001454146327915e-07,-1.509227327274341e-06,1.001454146341755e-07,-1.509283562129183e-06,1.001454146340742e-07,-1.509224837990683e-06,1.001454146327915e-07,-1.509227327274341e-06,1.001454146341755e-07,-1.509283562129183e-06,1.001454146340742e-07,-1.509224837990683e-06,1.001454146327915e-07,-1.509227327274341e-06,1.001454146341755e-07,-1.509283562129183e-06,1.001456060295006e-07,-4.396353636472106e-06,1.001456060277578e-07,-4.396207754447025e-06,1.001456060293995e-07,-4.396245355926617e-06,1.001456060295006e-07,-4.396353636472106e-06,1.001456060277578e-07,-4.396207754447025e-06,1.001456060293995e-07,-4.396245355926617e-06,1.001456060295006e-07,-4.396353636472106e-06,1.001456060277578e-07,-4.396207754447025e-06,1.001456060293995e-07,-4.396245355926617e-06,1.00145462808443e-07,-3.622898569277878e-06,1.001454628063247e-07,-3.622885871752015e-06,1.001454628081729e-07,-3.62292718229556e-06,1.00145462808443e-07,-3.622898569277878e-06,1.001454628063247e-07,-3.622885871752015e-06,1.001454628081729e-07,-3.62292718229556e-06,1.00145462808443e-07,-3.622898569277878e-06,1.001454628063247e-07,-3.622885871752015e-06,1.001454628081729e-07,-3.62292718229556e-06,1.001452001776023e-07,-3.037436281497597e-06,1.001452001754365e-07,-3.037422975517655e-06,1.001452001774546e-07,-3.037464967813364e-06,1.001452001776023e-07,-3.037436281497597e-06,1.001452001754365e-07,-3.037422975517655e-06,1.001452001774546e-07,-3.037464967813364e-06,1.001452001776023e-07,-3.037436281497597e-06,1.001452001754365e-07,-3.037422975517655e-06,1.001452001774546e-07,-3.037464967813364e-06
1.001530449861497e-07,4.893303172208337e-06,1.00153044984626e-07,4.893316297217945e-06,1.001530449863549e-07,4.893241916726517e-06,1.001530449861497e-07,4.893303172208337e-06,1.00153044984626e-07,4.893316297217945e-06,1.001530449863549e-07,4.893241916726517e-06,1.001530449861497e-07,4.893303172208337e-06,1.00153044984626e-07,4.893316297217945e-06,1.001530449863549e-07,4.893241916726517e-06,1.001528435392001e-07,5.393633482137767e-06,1.001528435375116e-07,5.393656663165169e-06,1.001528435394061e-07,5.393592807214485e-06,1.001528435392001e-07,5.393633482137767e-06,1.001528435375116e-07,5.393656663165169e-06,1.001528435394061e-07,5.393592807214485e-06,1.001528435392001e-07,5.393633482137767e-06,1.001528435375116e-07,5.393656663165169e-06,1.001528435394061e-07,5.393592807214485e-06,1.001526681384941e-07,5.90152469146798e-06,1.001526681364698e-07,5.901549355686898e-06,1.001526681387139e-07,5.90148528563498e-06,1.001526681384941e-07,5.90152469146798e-06,1.001526681364698e-07,5.901549355686898e-06,1.001526681387139e-07,5.90148528563498e-06,1.001526681384941e-07,5.90152469146798e-06,1.001526681364698e-07,5.901549355686898e-06,1.001526681387139e-07,5.90148528563498e-06,1.001386265406976e-07,-1.39975357194041e-05,1.001386265391038e-07,-1.399753013764086e-05,1.001386265409701e-07,-1.399759815632943e-05,1.001386265406976e-07,-1.39975357194041e-05,1.001386265391038e-07,-1.399753013764086e-05,1.001386265409701e-07,-1.399759815632943e-05,1.001386265406976e-07,-1.39975357194041e-05,1.001386265391038e-07,-1.399753013764086e-05,1.001386265409701e-07,-1.399759815632943e-05,1.001537400912418e-07,5.436226750253949e-06,1.001537400894856e-07,5.436212966762716e-06,1.001537400916637e-07,5.436156371344556e-06,1.001537400912418e-07,5.436226750253949e-06,1.001537400894856e-07,5.436212966762716e-06,1.001537400916637e-07,5.436156371344556e-06,1.001537400912418e-07,5.436226750253949e-06,1.001537400894856e-07,5.436212966762716e-06,1.001537400916637e-07,5.436156371344556e-06,1.001534597459837e-07,5.932128009604869e-06,1.001534597450041e-07,5.932120514517922e-06,1.001534597461374e-07,5.932068551078033e-06,1.001534597459837e-07,5.932128009604869e-06,1.001534597450041e-07,5.932120514517922e-06,1.001534597461374e-07,5.932068551078033e-06,1.001534597459837e-07,5.932128009604869e-06,1.001534597450041e-07,5.932120514517922e-06,1.001534597461374e-07,5.932068551078033e-06,1.00153383748823e-07,3.815527001952523e-06,1.001533837465871e-07,3.815716352023292e-06,1.001533837487454e-07,3.815633729134523e-06,1.00153383748823e-07,3.815527001952523e-06,1.001533837465871e-07,3.815716352023292e-06,1.001533837487454e-07,3.815633729134523e-06,1.00153383748823e-07,3.815527001952523e-06,1.001533837465871e-07,3.815716352023292e-06,1.001533837487454e-07,3.815633729134523e-06,1.001532965082478e-07,4.470360081201163e-06,1.001532965054778e-07,4.470368733185233e-06,1.001532965079352e-07,4.470331585847929e-06,1.001532965082478e-07,4.470360081201163e-06,1.001532965054778e-07,4.470368733185233e-06,1.001532965079352e-07,4.470331585847929e-06,1.001532965082478e-07,4.470360081201163e-06,1.001532965054778e-07,4.470368733185233e-06,1.001532965079352e-07,4.470331585847929e-06,1.00153043918522e-07,4.986057819739224e-06,1.001530439155622e-07,4.986069057868228e-06,1.001530439183696e-07,4.986032135164329e-06,1.00153043918522e-07,4.986057819739224e-06,1.001530439155622e-07,4.986069057868228e-06,1.001530439183696e-07,4.986032135164329e-06,1.00153043918522e-07,4.986057819739224e-06,1.001530439155622e-07,4.986069057868228e-06,1.001530439183696e-07,4.986032135164329e-06
1.00161840106609e-07,1.010754921271768e-05,1.001618401048265e-07,1.010757290552964e-05,1.001618401069739e-07,1.01075028422183e-05,1.00161840106609e-07,1.010754921271768e-05,1.001618401048265e-07,1.010757290552964e-05,1.001618401069739e-07,1.01075028422183e-05,1.00161840106609e-07,1.010754921271768e-05,1.001618401048265e-07,1.010757290552964e-05,1.001618401069739e-07,1.01075028422183e-05,1.001616610558074e-07,1.049240844181571e-05,1.001616610538161e-07,1.049244273676676e-05,1.001616610561635e-07,1.049238311662174e-05,1.001616610558074e-07,1.049240844181571e-05,1.001616610538161e-07,1.049244273676676e-05,1.001616610561635e-07,1.049238311662174e-05,1.001616610558074e-07,1.049240844181571e-05,1.001616610538161e-07,1.049244273676676e-05,1.001616610561635e-07,1.049238311662174e-05,1.001615128946931e-07,1.08847914457196e-05,1.0016151289227e-07,1.088482506412078e-05,1.001615128950559e-07,1.08847615776167e-05,1.001615128946931e-07,1.08847914457196e-05,1.0016151289227e-07,1.088482506412078e-05,1.001615128950559e-07,1.08847615776167e-05,1.001615128946931e-07,1.08847914457196e-05,1.0016151289227e-07,1.088482506412078e-05,1.001615128950559e-07,1.08847615776167e-05,1.001463755080145e-07,-1.900183101143904e-06,1.001463755067114e-07,-1.90019594307782e-06,1.001463755082396e-07,-1.900256987157688e-06,1.001463755080145e-07,-1.900183101143904e-06,1.001463755067114e-07,-1.90019594307782e-06,1.001463755082396e-07,-1.900256987157688e-06,1.001463755080145e-07,-1.900183101143904e-06,1.001463755067114e-07,-1.90019594307782e-06,1.001463755082396e-07,-1.900256987157688e-06,1.00162449384613e-07,1.040559203974072e-05,1.001624493824548e-07,1.040559269091936e-05,1.001624493851176e-07,1.040553933416958e-05,1.00162449384613e-07,1.040559203974072e-05,1.001624493824548e-07,1.040559269091936e-05,1.001624493851176e-07,1.040553933416958e-05,1.00162449384613e-07,1.040559203974072e-05,1.001624493824548e-07,1.040559269091936e-05,1.001624493851176e-07,1.040553933416958e-05,1.001621803778066e-07,1.080420123221591e-05,1.001621803766288e-07,1.080420476119515e-05,1.001621803780172e-07,1.08041529108223e-05,1.001621803778066e-07,1.080420123221591e-05,1.001621803766288e-07,1.080420476119515e-05,1.001621803780172e-07,1.08041529108223e-05,1.001621803778066e-07,1.080420123221591e-05,1.001621803766288e-07,1.080420476119515e-05,1.001621803780172e-07,1.08041529108223e-05,1.001617314202632e-07,9.132084696148756e-06,1.001617314178193e-07,9.132313206674431e-06,1.001617314204074e-07,9.132193915388736e-06,1.001617314202632e-07,9.132084696148756e-06,1.001617314178193e-07,9.132313206674431e-06,1.001617314204074e-07,9.132193915388736e-06,1.001617314202632e-07,9.132084696148756e-06,1.001617314178193e-07,9.132313206674431e-06,1.001617314204074e-07,9.132193915388736e-06,1.001616837578291e-07,9.642580811050832e-06,1.001616837547514e-07,9.642596176148112e-06,1.001616837576975e-07,9.642550678785009e-06,1.001616837578291e-07,9.642580811050832e-06,1.001616837547514e-07,9.642596176148112e-06,1.001616837576975e-07,9.642550678785009e-06,1.001616837578291e-07,9.642580811050832e-06,1.001616837547514e-07,9.642596176148112e-06,1.001616837576975e-07,9.642550678785009e-06,1.001614444291634e-07,1.005742691027021e-05,1.001614444258989e-07,1.005744592142425e-05,1.001614444292174e-07,1.005740151927686e-05,1.001614444291634e-07,1.005742691027021e-05,1.001614444258989e-07,1.005744592142425e-05,1.001614444292174e-07,1.005740151927686e-05,1.001614444291634e-07,1.005742691027021e-05,1.001614444258989e-07,1.005744592142425e-05,1.001614444292174e-07,1.005740151927686e-05
1.001730595802583e-07,1.483996817086032e-05,1.00173059577711e-07,1.484001361779487e-05,1.001730595805046e-07,1.483995098599345e-05,1.001730595802583e-07,1.483996817086032e-05,1.00173059577711e-07,1.484001361779487e-05,1.001730595805046e-07,1.483995098599345e-05,1.001730595802583e-07,1.483996817086032e-05,1.00173059577711e-07,1.484001361779487e-05,1.001730595805046e-07,1.483995098599345e-05,1.001729662685437e-07,1.509957459125463e-05,1.001729662657066e-07,1.509963418589242e-05,1.001729662688035e-07,1.509958511011665e-05,1.001729662685437e-07,1.509957459125463e-05,1.001729662657066e-07,1.509963418589242e-05,1.001729662688035e-07,1.509958511011665e-05,1.001729662685437e-07,1.509957459125463e-05,1.001729662657066e-07,1.509963418589242e-05,1.001729662688035e-07,1.509958511011665e-05,1.001729187397802e-07,1.536826086736241e-05,1.001729187363871e-07,1.536832117279288e-05,1.001729187400739e-07,1.536826908806792e-05,1.001729187397802e-07,1.536826086736241e-05,1.001729187363871e-07,1.536832117279288e-05,1.001729187400739e-07,1.536826908806792e-05,1.001729187397802e-07,1.536826086736241e-05,1.001729187363871e-07,1.536832117279288e-05,1.001729187400739e-07,1.536826908806792e-05,1.00154419582875e-07,5.606239284597824e-06,1.00154419581873e-07,5.606224537955852e-06,1.00154419583054e-07,5.606170115047658e-06,1.00154419582875e-07,5.606239284597824e-06,1.00154419581873e-07,5.606224537955852e-06,1.00154419583054e-07,5.606170115047658e-06,1.00154419582875e-07,5.606239284597824e-06,1.00154419581873e-07,5.606224537955852e-06,1.00154419583054e-07,5.606170115047658e-06,1.001733684487834e-07,1.471751264720465e-05,1.001733684460793e-07,1.471753741132799e-05,1.001733684493255e-07,1.471749303138398e-05,1.001733684487834e-07,1.471751264720465e-05,1.001733684460793e-07,1.471753741132799e-05,1.001733684493255e-07,1.471749303138398e-05,1.001733684487834e-07,1.471751264720465e-05,1.001733684460793e-07,1.471753741132799e-05,1.001733684493255e-07,1.471749303138398e-05,1.00173133472942e-07,1.499045678326934e-05,1.001731334712241e-07,1.499048447017908e-05,1.001731334730847e-07,1.49904403695774e-05,1.00173133472942e-07,1.499045678326934e-05,1.001731334712241e-07,1.499048447017908e-05,1.001731334730847e-07,1.49904403695774e-05,1.00173133472942e-07,1.499045678326934e-05,1.001731334712241e-07,1.499048447017908e-05,1.001731334730847e-07,1.49904403695774e-05,1.00172138753086e-07,1.356639772546146e-05,1.001721387498352e-07,1.356654951590459e-05,1.001721387529113e-07,1.356653466116143e-05,1.00172138753086e-07,1.356639772546146e-05,1.001721387498352e-07,1.356654951590459e-05,1.001721387529113e-07,1.356653466116143e-05,1.00172138753086e-07,1.356639772546146e-05,1.001721387498352e-07,1.356654951590459e-05,1.001721387529113e-07,1.356653466116143e-05,1.001721724739718e-07,1.393018137753752e-05,1.001721724699864e-07,1.393021989639307e-05,1.001721724734493e-07,1.393018295147023e-05,1.001721724739718e-07,1.393018137753752e-05,1.001721724699864e-07,1.393021989639307e-05,1.001721724734493e-07,1.393018295147023e-05,1.001721724739718e-07,1.393018137753752e-05,1.001721724699864e-07,1.393021989639307e-05,1.001721724734493e-07,1.393018295147023e-05,1.001719354516899e-07,1.420140769412098e-05,1.001719354474755e-07,1.420145078168642e-05,1.001719354513886e-07,1.420141540442255e-05,1.001719354516899e-07,1.420140769412098e-05,1.001719354474755e-07,1.420145078168642e-05,1.001719354513886e-07,1.420141540442255e-05,1.001719354516899e-07,1.420140769412098e-05,1.001719354474755e-07,1.420145078168642e-05,1.001719354513886e-07,1.420141540442255e-05
1.001901973993994e-07,1.967509888256581e-05,1.001901973958391e-07,1.967521737964419e-05,1.001901974003501e-07,1.967517371179078e-05,1.001901973993994e-07,1.967509888256581e-05,1.001901973958391e-07,1.967521737964419e-05,1.001901974003501e-07,1.967517371179078e-05,1.001901973993994e-07,1.967509888256581e-05,1.001901973958391e-07,1.967521737964419e-05,1.001901974003501e-07,1.967517371179078e-05,1.001901986903611e-07,1.972302189262651e-05,1.001901986863189e-07,1.972315299127594e-05,1.001901986912702e-07,1.972311827031164e-05,1.001901986903611e-07,1.972302189262651e-05,1.001901986863189e-07,1.972315299127594e-05,1.001901986912702e-07,1.972311827031164e-05,1.001901986903611e-07,1.972302189262651e-05,1.001901986863189e-07,1.972315299127594e-05,1.001901986912702e-07,1.972311827031164e-05,1.001902242054204e-07,1.979044976256973e-05,1.00190224200273e-07,1.979058445771656e-05,1.001902242059805e-07,1.979054693916749e-05,1.001902242054204e-07,1.979044976256973e-05,1.00190224200273e-07,1.979058445771656e-05,1.001902242059805e-07,1.979054693916749e-05,1.001902242054204e-07,1.979044976256973e-05,1.00190224200273e-07,1.979058445771656e-05,1.001902242059805e-07,1.979054693916749e-05,1.001631966827112e-07,1.069374949888876e-05,1.001631966815257e-07,1.06937483497053e-05,1.001631966829762e-07,1.069369590980491e-05,1.001631966827112e-07,1.069374949888876e-05,1.001631966815257e-07,1.06937483497053e-05,1.001631966829762e-07,1.069369590980491e-05,1.001631966827112e-07,1.069374949888876e-05,1.001631966815257e-07,1.06937483497053e-05,1.001631966829762e-07,1.069369590980491e-05,1.001898356854827e-07,1.913398341526928e-05,1.001898356812636e-07,1.913407701116757e-05,1.001898356868887e-07,1.913405020416712e-05,1.001898356854827e-07,1.913398341526928e-05,1.001898356812636e-07,1.913407701116757e-05,1.001898356868887e-07,1.913405020416712e-05,1.001898356854827e-07,1.913398341526928e-05,1.001898356812636e-07,1.913407701116757e-05,1.001898356868887e-07,1.913405020416712e-05,1.001896365059044e-07,1.920934087086092e-05,1.001896365036983e-07,1.920943983442737e-05,1.001896365066843e-07,1.920941324176787e-05,1.001896365059044e-07,1.920934087086092e-05,1.001896365036983e-07,1.920943983442737e-05,1.001896365066843e-07,1.920941324176787e-05,1.001896365059044e-07,1.920934087086092e-05,1.001896365036983e-07,1.920943983442737e-05,1.001896365066843e-07,1.920941324176787e-05,1.001870213049076e-07,1.792218824553747e-05,1.001870213002744e-07,1.792238677001528e-05,1.001870213050515e-07,1.79224033462404e-05,1.001870213049076e-07,1.792218824553747e-05,1.001870213002744e-07,1.792238677001528e-05,1.001870213050515e-07,1.79224033462404e-05,1.001870213049076e-07,1.792218824553747e-05,1.001870213002744e-07,1.792238677001528e-05,1.001870213050515e-07,1.79224033462404e-05,1.001870206507412e-07,1.805419497480245e-05,1.00187020645153e-07,1.805428829958001e-05,1.001870206503744e-07,1.805426351080682e-05,1.001870206507412e-07,1.805419497480245e-05,1.00187020645153e-07,1.805428829958001e-05,1.001870206503744e-07,1.805426351080682e-05,1.001870206507412e-07,1.805419497480245e-05,1.00187020645153e-07,1.805428829958001e-05,1.001870206503744e-07,1.805426351080682e-05,1.001868391372536e-07,1.814379141566664e-05,1.001868391314284e-07,1.814386070586192e-05,1.001868391372533e-07,1.814383953770351e-05,1.001868391372536e-07,1.814379141566664e-05,1.001868391314284e-07,1.814386070586192e-05,1.001868391372533e-07,1.814383953770351e-05,1.001868391372536e-07,1.814379141566664e-05,1.001868391314284e-07,1.814386070586192e-05,1.001868391372533e-07,1.814383953770351e-05
1.002158008682341e-07,2.151036746291183e-05,1.002158008635016e-07,2.151056682035278e-05,1.002158008695144e-07,2.151049851090343e-05,1.002158008682341e-07,2.151036746291183e-05,1.002158008635016e-07,2.151056682035278e-05,1.002158008695144e-07,2.151049851090343e-05,1.002158008682341e-07,2.151036746291183e-05,1.002158008635016e-07,2.151056682035278e-05,1.002158008695144e-07,2.151049851090343e-05,1.002159610834463e-07,2.129513275193757e-05,1.002159610780365e-07,2.129534361092691e-05,1.00215961084679e-07,2.129528916361493e-05,1.002159610834463e-07,2.129513275193757e-05,1.002159610780365e-07,2.129534361092691e-05,1.00215961084679e-07,2.129528916361493e-05,1.002159610834463e-07,2.129513275193757e-05,1.002159610780365e-07,2.129534361092691e-05,1.00215961084679e-07,2.129528916361493e-05,1.002150171759524e-07,2.112158239613165e-05,1.002150171687861e-07,2.11217900282713e-05,1.002150171766453e-07,2.112173418695878e-05,1.002150171759524e-07,2.112158239613165e-05,1.002150171687861e-07,2.11217900282713e-05,1.002150171766453e-07,2.112173418695878e-05,1.002150171759524e-07,2.112158239613165e-05,1.002150171687861e-07,2.11217900282713e-05,1.002150171766453e-07,2.112173418695878e-05,1.001742306455846e-07,1.51596542309399e-05,1.001742306438246e-07,1.515967589706772e-05,1.001742306457811e-07,1.51596290274653e-05,1.001742306455846e-07,1.51596542309399e-05,1.001742306438246e-07,1.515967589706772e-05,1.001742306457811e-07,1.51596290274653e-05,1.001742306455846e-07,1.51596542309399e-05,1.001742306438246e-07,1.515967589706772e-05,1.001742306457811e-07,1.51596290274653e-05,1.002152132771109e-07,2.112929439536538e-05,1.002152132718189e-07,2.112947253989685e-05,1.002152132792712e-07,2.112942763471467e-05,1.002152132771109e-07,2.112929439536538e-05,1.002152132718189e-07,2.112947253989685e-05,1.002152132792712e-07,2.112942763471467e-05,1.002152132771109e-07,2.112929439536538e-05,1.002152132718189e-07,2.112947253989685e-05,1.002152132792712e-07,2.112942763471467e-05,1.002150825848862e-07,2.098285522425697e-05,1.002150825820507e-07,2.098303616499188e-05,1.002150825861969e-07,2.098299513077318e-05,1.002150825848862e-07,2.098285522425697e-05,1.002150825820507e-07,2.098303616499188e-05,1.002150825861969e-07,2.098299513077318e-05,1.002150825848862e-07,2.098285522425697e-05,1.002150825820507e-07,2.098303616499188e-05,1.002150825861969e-07,2.098299513077318e-05,1.002105407433467e-07,2.114634941677422e-05,1.002105407363589e-07,2.114665805850896e-05,1.002105407431641e-07,2.114665094360004e-05,1.002105407433467e-07,2.114634941677422e-05,1.002105407363589e-07,2.114665805850896e-05,1.002105407431641e-07,2.114665094360004e-05,1.002105407433467e-07,2.114634941677422e-05,1.002105407363589e-07,2.114665805850896e-05,1.002105407431641e-07,2.114665094360004e-05,1.002104434313563e-07,2.101470016484996e-05,1.002104434237899e-07,2.101488840789389e-05,1.002104434305227e-07,2.101486097294775e-05,1.002104434313563e-07,2.101470016484996e-05,1.002104434237899e-07,2.101488840789389e-05,1.002104434305227e-07,2.101486097294775e-05,1.002104434313563e-07,2.101470016484996e-05,1.002104434237899e-07,2.101488840789389e-05,1.002104434305227e-07,2.101486097294775e-05,1.002104926008251e-07,2.088389354613509e-05,1.002104925929308e-07,2.088409014010518e-05,1.00210492600496e-07,2.088406519682211e-05,1.002104926008251e-07,2.088389354613509e-05,1.002104925929308e-07,2.088409014010518e-05,1.00210492600496e-07,2.088406519682211e-05,1.002104926008251e-07,2.088389354613509e-05,1.002104925929308e-07,2.088409014010518e-05,1.00210492600496e-07,2.088406519682211e-05
1.002509647427699e-07,1.454436372997882e-05,1.002509647357637e-07,1.454456010613734e-05,1.002509647358821e-07,1.454447058785732e-05,1.002509647427699e-07,1.454436372997882e-05,1.002509647357637e-07,1.454456010613734e-05,1.002509647358821e-07,1.454447058785732e-05,1.002509647427699e-07,1.454436372997882e-05,1.002509647357637e-07,1.454456010613734e-05,1.002509647358821e-07,1.454447058785732e-05,1.002511241938695e-07,1.406850456559283e-05,1.002511241876098e-07,1.406871114029608e-05,1.00251124188509e-07,1.406863235218299e-05,1.002511241938695e-07,1.406850456559283e-05,1.002511241876098e-07,1.406871114029608e-05,1.00251124188509e-07,1.406863235218299e-05,1.002511241938695e-07,1.406850456559283e-05,1.002511241876098e-07,1.406871114029608e-05,1.00251124188509e-07,1.406863235218299e-05,1.002502977265376e-07,1.385737198866376e-05,1.002502977189107e-07,1.385757888614898e-05,1.002502977195667e-07,1.385749737610321e-05,1.002502977265376e-07,1.385737198866376e-05,1.002502977189107e-07,1.385757888614898e-05,1.002502977195667e-07,1.385749737610321e-05,1.002502977265376e-07,1.385737198866376e-05,1.002502977189107e-07,1.385757888614898e-05,1.002502977195667e-07,1.385749737610321e-05,1.001912347631313e-07,1.967472252796577e-05,1.001912347608544e-07,1.967481793914585e-05,1.001912347640361e-07,1.967478936269386e-05,1.001912347631313e-07,1.967472252796577e-05,1.001912347608544e-07,1.967481793914585e-05,1.001912347640361e-07,1.967478936269386e-05,1.001912347631313e-07,1.967472252796577e-05,1.001912347608544e-07,1.967481793914585e-05,1.001912347640361e-07,1.967478936269386e-05,1.002505320508248e-07,1.462018932367289e-05,1.002505320426421e-07,1.462036195772764e-05,1.002505320528565e-07,1.462028787875856e-05,1.002505320508248e-07,1.462018932367289e-05,1.002505320426421e-07,1.462036195772764e-05,1.002505320528565e-07,1.462028787875856e-05,1.002505320508248e-07,1.462018932367289e-05,1.002505320426421e-07,1.462036195772764e-05,1.002505320528565e-07,1.462028787875856e-05,1.002505680490872e-07,1.42294361807761e-05,1.002505680447815e-07,1.422961065921916e-05,1.002505680501131e-07,1.422953812940103e-05,1.002505680490872e-07,1.42294361807761e-05,1.002505680447815e-07,1.422961065921916e-05,1.002505680501131e-07,1.422953812940103e-05,1.002505680490872e-07,1.42294361807761e-05,1.002505680447815e-07,1.422961065921916e-05,1.002505680501131e-07,1.422953812940103e-05,1.002445171367705e-07,1.700152605493415e-05,1.00244517128178e-07,1.700185583607786e-05,1.002445171367926e-07,1.700180266997529e-05,1.002445171367705e-07,1.700152605493415e-05,1.00244517128178e-07,1.700185583607786e-05,1.002445171367926e-07,1.700180266997529e-05,1.002445171367705e-07,1.700152605493415e-05,1.00244517128178e-07,1.700185583607786e-05,1.002445171367926e-07,1.700180266997529e-05,1.002448784353248e-07,1.653627514914684e-05,1.00244878424779e-07,1.653646879412331e-05,1.002448784345778e-07,1.65364073124412e-05,1.002448784353248e-07,1.653627514914684e-05,1.00244878424779e-07,1.653646879412331e-05,1.002448784345778e-07,1.65364073124412e-05,1.002448784353248e-07,1.653627514914684e-05,1.00244878424779e-07,1.653646879412331e-05,1.002448784345778e-07,1.65364073124412e-05,1.002448426998906e-07,1.610264438367015e-05,1.002448426888141e-07,1.610284096762188e-05,1.002448426997307e-07,1.610279275892809e-05,1.002448426998906e-07,1.610264438367015e-05,1.002448426888141e-07,1.610284096762188e-05,1.002448426997307e-07,1.610279275892809e-05,1.002448426998906e-07,1.610264438367015e-05,1.002448426888141e-07,1.610284096762188e-05,1.002448426997307e-07,1.610279275892809e-05
1.002834623548134e-07,5.028690431027414e-06,1.002834623464169e-07,5.028871182699546e-06,1.002834623500402e-07,5.028812680007217e-06,1.002834623548134e-07,5.028690431027414e-06,1.002834623464169e-07,5.028871182699546e-06,1.002834623500402e-07,5.028812680007217e-06,1.002834623548134e-07,5.028690431027414e-06,1.002834623464169e-07,5.028871182699546e-06,1.002834623500402e-07,5.028812680007217e-06,1.002836346491616e-07,4.607694936429337e-06,1.002836346410494e-07,4.607865990276361e-06,1.002836346457869e-07,4.607834957269338e-06,1.002836346491616e-07,4.607694936429337e-06,1.002836346410494e-07,4.607865990276361e-06,1.002836346457869e-07,4.607834957269338e-06,1.002836346491616e-07,4.607694936429337e-06,1.002836346410494e-07,4.607865990276361e-06,1.002836346457869e-07,4.607834957269338e-06,1.002826590968236e-07,4.462966045822348e-06,1.002826590870948e-07,4.463123937705416e-06,1.002826590918399e-07,4.463100948850699e-06,1.002826590968236e-07,4.462966045822348e-06,1.002826590870948e-07,4.463123937705416e-06,1.002826590918399e-07,4.463100948850699e-06,1.002826590968236e-07,4.462966045822348e-06,1.002826590870948e-07,4.463123937705416e-06,1.002826590918399e-07,4.463100948850699e-06,1.002169642592653e-07,2.136906300025811e-05,1.002169642562813e-07,2.136924210416813e-05,1.002169642605702e-07,2.136919715242318e-05,1.002169642592653e-07,2.136906300025811e-05,1.002169642562813e-07,2.136924210416813e-05,1.002169642605702e-07,2.136919715242318e-05,1.002169642592653e-07,2.136906300025811e-05,1.002169642562813e-07,2.136924210416813e-05,1.002169642605702e-07,2.136919715242318e-05,1.0028341738331e-07,5.088915411235363e-06,1.002834173741468e-07,5.089095151974288e-06,1.002834173882269e-07,5.089034832308986e-06,1.0028341738331e-07,5.088915411235363e-06,1.002834173741468e-07,5.089095151974288e-06,1.002834173882269e-07,5.089034832308986e-06,1.0028341738331e-07,5.088915411235363e-06,1.002834173741468e-07,5.089095151974288e-06,1.002834173882269e-07,5.089034832308986e-06,1.002834647620066e-07,4.725646896220306e-06,1.00283464756421e-07,4.725809824565477e-06,1.002834647656929e-07,4.725769215380961e-06,1.002834647620066e-07,4.725646896220306e-06,1.00283464756421e-07,4.725809824565477e-06,1.002834647656929e-07,4.725769215380961e-06,1.002834647620066e-07,4.725646896220306e-06,1.00283464756421e-07,4.725809824565477e-06,1.002834647656929e-07,4.725769215380961e-06,1.002777065696009e-07,7.484198121717249e-06,1.002777065530315e-07,7.484554409603202e-06,1.002777065574494e-07,7.484480453412361e-06,1.002777065696009e-07,7.484198121717249e-06,1.002777065530315e-07,7.484554409603202e-06,1.002777065574494e-07,7.484480453412361e-06,1.002777065696009e-07,7.484198121717249e-06,1.002777065530315e-07,7.484554409603202e-06,1.002777065574494e-07,7.484480453412361e-06,1.00278043803219e-07,6.964176021411586e-06,1.002780437853315e-07,6.964389593081283e-06,1.002780437902528e-07,6.964316402075678e-06,1.00278043803219e-07,6.964176021411586e-06,1.002780437853315e-07,6.964389593081283e-06,1.002780437902528e-07,6.964316402075678e-06,1.00278043803219e-07,6.964176021411586e-06,1.002780437853315e-07,6.964389593081283e-06,1.002780437902528e-07,6.964316402075678e-06,1.002780398384004e-07,6.537959361034366e-06,1.002780398247316e-07,6.53817581640646e-06,1.00278039830902e-07,6.538097167901687e-06,1.002780398384004e-07,6.537959361034366e-06,1.002780398247316e-07,6.53817581640646e-06,1.00278039830902e-07,6.538097167901687e-06,1.002780398384004e-07,6.537959361034366e-06,1.002780398247316e-07,6.53817581640646e-06,1.00278039830902e-07,6.538097167901687e-06
1.003208857658898e-07,-1.058959793684831e-06,1.003208857582386e-07,-1.058940854435223e-06,1.003208857587374e-07,-1.058823491956498e-06,1.003208857658898e-07,-1.058959793684831e-06,1.003208857582386e-07,-1.058940854435223e-06,1.003208857587374e-07,-1.058823491956498e-06,1.003208857658898e-07,-1.058959793684831e-06,1.003208857582386e-07,-1.058940854435223e-06,1.003208857587374e-07,-1.058823491956498e-06,1.00321125077736e-07,-1.177844804351218e-06,1.003211250714554e-07,-1.177813233903557e-06,1.003211250717445e-07,-1.177684697457794e-06,1.00321125077736e-07,-1.177844804351218e-06,1.003211250714554e-07,-1.177813233903557e-06,1.003211250717445e-07,-1.177684697457794e-06,1.00321125077736e-07,-1.177844804351218e-06,1.003211250714554e-07,-1.177813233903557e-06,1.003211250717445e-07,-1.177684697457794e-06,1.003201756112599e-07,-1.219809492641452e-06,1.003201756036567e-07,-1.219777649167856e-06,1.003201756032177e-07,-1.219650542785936e-06,1.003201756112599e-07,-1.219809492641452e-06,1.003201756036567e-07,-1.219777649167856e-06,1.003201756032177e-07,-1.219650542785936e-06,1.003201756112599e-07,-1.219809492641452e-06,1.003201756036567e-07,-1.219777649167856e-06,1.003201756032177e-07,-1.219650542785936e-06,1.002525335054911e-07,1.445406065198841e-05,1.002525335011321e-07,1.445423329633756e-05,1.002525335066357e-07,1.445415975403177e-05,1.002525335054911e-07,1.445406065198841e-05,1.002525335011321e-07,1.445423329633756e-05,1.002525335066357e-07,1.445415975403177e-05,1.002525335054911e-07,1.445406065198841e-05,1.002525335011321e-07,1.445423329633756e-05,1.002525335066357e-07,1.445415975403177e-05,1.00320596265198e-07,-1.014373252424867e-06,1.003205962559429e-07,-1.014371294344459e-06,1.003205962694523e-07,-1.014242852791209e-06,1.00320596265198e-07,-1.014373252424867e-06,1.003205962559429e-07,-1.014371294344459e-06,1.003205962694523e-07,-1.014242852791209e-06,1.00320596265198e-07,-1.014373252424867e-06,1.003205962559429e-07,-1.014371294344459e-06,1.003205962694523e-07,-1.014242852791209e-06,1.003206893994442e-07,-1.098405308129504e-06,1.003206893953852e-07,-1.098399841130389e-06,1.003206894022166e-07,-1.098271457945388e-06,1.003206893994442e-07,-1.098405308129504e-06,1.003206893953852e-07,-1.098399841130389e-06,1.003206894022166e-07,-1.098271457945388e-06,1.003206893994442e-07,-1.098405308129504e-06,1.003206893953852e-07,-1.098399841130389e-06,1.003206894022166e-07,-1.098271457945388e-06,1.003136929024906e-07,1.085081171884096e-07,1.003136928843218e-07,1.087265073758607e-07,1.00313692895098e-07,1.088004279852516e-07,1.003136929024906e-07,1.085081171884096e-07,1.003136928843218e-07,1.087265073758607e-07,1.00313692895098e-07,1.088004279852516e-07,1.003136929024906e-07,1.085081171884096e-07,1.003136928843218e-07,1.087265073758607e-07,1.00313692895098e-07,1.088004279852516e-07,1.003141659036234e-07,-1.520300192113242e-07,1.003141658845628e-07,-1.519648873976226e-07,1.003141658948417e-07,-1.518765696558271e-07,1.003141659036234e-07,-1.520300192113242e-07,1.003141658845628e-07,-1.519648873976226e-07,1.003141658948417e-07,-1.518765696558271e-07,1.003141659036234e-07,-1.520300192113242e-07,1.003141658845628e-07,-1.519648873976226e-07,1.003141658948417e-07,-1.518765696558271e-07,1.003141681312844e-07,-3.241846701862765e-07,1.003141681177242e-07,-3.24129276301505e-07,1.003141681275004e-07,-3.24022502295274e-07,1.003141681312844e-07,-3.241846701862765e-07,1.003141681177242e-07,-3.24129276301505e-07,1.003141681275004e-07,-3.24022502295274e-07,1.003141681312844e-07,-3.241846701862765e-07,1.003141681177242e-07,-3.24129276301505e-07,1.003141681275004e-07,-3.24022502295274e-07
1.003697162476125e-07,-2.454701840492475e-06,1.003697162359482e-07,-2.45457232303505e-06,1.003697162442034e-07,-2.454466245672565e-06,1.003697162476125e-07,-2.454701840492475e-06,1.003697162359482e-07,-2.45457232303505e-06,1.003697162442034e-07,-2.454466245672565e-06,1.003697162476125e-07,-2.454701840492475e-06,1.003697162359482e-07,-2.45457232303505e-06,1.003697162442034e-07,-2.454466245672565e-06,1.003702025388331e-07,-2.404712118656905e-06,1.003702025262718e-07,-2.404663416762726e-06,1.003702025390006e-07,-2.404546151234306e-06,1.003702025388331e-07,-2.404712118656905e-06,1.003702025262718e-07,-2.404663416762726e-06,1.003702025390006e-07,-2.404546151234306e-06,1.003702025388331e-07,-2.404712118656905e-06,1.003702025262718e-07,-2.404663416762726e-06,1.003702025390006e-07,-2.404546151234306e-06,1.003687188413211e-07,-2.358390474304925e-06,1.003687188258958e-07,-2.358341859305889e-06,1.003687188388117e-07,-2.358227220375175e-06,1.003687188413211e-07,-2.358390474304925e-06,1.003687188258958e-07,-2.358341859305889e-06,1.003687188388117e-07,-2.358227220375175e-06,1.003687188413211e-07,-2.358390474304925e-06,1.003687188258958e-07,-2.358341859305889e-06,1.003687188388117e-07,-2.358227220375175e-06,1.002854930276337e-07,4.901356864918931e-06,1.002854930224858e-07,4.90153897893657e-06,1.002854930320061e-07,4.901473705971175e-06,1.002854930276337e-07,4.901356864918931e-06,1.002854930224858e-07,4.90153897893657e-06,1.002854930320061e-07,4.901473705971175e-06,1.002854930276337e-07,4.901356864918931e-06,1.002854930224858e-07,4.90153897893657e-06,1.002854930320061e-07,4.901473705971175e-06,1.003682447504842e-07,-2.487480709526176e-06,1.003682447394315e-07,-2.487347730714501e-06,1.003682447625923e-07,-2.487222577109899e-06,1.003682447504842e-07,-2.487480709526176e-06,1.003682447394315e-07,-2.487347730714501e-06,1.003682447625923e-07,-2.487222577109899e-06,1.003682447504842e-07,-2.487480709526176e-06,1.003682447394315e-07,-2.487347730714501e-06,1.003682447625923e-07,-2.487222577109899e-06,1.003684082111198e-07,-2.391799114934479e-06,1.003684082057173e-07,-2.391664330575002e-06,1.00368408222722e-07,-2.391539834605818e-06,1.003684082111198e-07,-2.391799114934479e-06,1.003684082057173e-07,-2.391664330575002e-06,1.00368408222722e-07,-2.391539834605818e-06,1.003684082111198e-07,-2.391799114934479e-06,1.003684082057173e-07,-2.391664330575002e-06,1.00368408222722e-07,-2.391539834605818e-06,1.003578477285234e-07,-2.432344446673928e-06,1.003578477143268e-07,-2.432080643301456e-06,1.003578477157672e-07,-2.431929661164096e-06,1.003578477285234e-07,-2.432344446673928e-06,1.003578477143268e-07,-2.432080643301456e-06,1.003578477157672e-07,-2.431929661164096e-06,1.003578477285234e-07,-2.432344446673928e-06,1.003578477143268e-07,-2.432080643301456e-06,1.003578477157672e-07,-2.431929661164096e-06,1.00358419290231e-07,-2.428105137547234e-06,1.003584192737327e-07,-2.42808715591454e-06,1.00358419275952e-07,-2.427940197691496e-06,1.00358419290231e-07,-2.428105137547234e-06,1.003584192737327e-07,-2.42808715591454e-06,1.00358419275952e-07,-2.427940197691496e-06,1.00358419290231e-07,-2.428105137547234e-06,1.003584192737327e-07,-2.42808715591454e-06,1.00358419275952e-07,-2.427940197691496e-06,1.003585388694765e-07,-2.392962247968028e-06,1.003585388563143e-07,-2.392824373013786e-06,1.003585388620803e-07,-2.392682192977007e-06,1.003585388694765e-07,-2.392962247968028e-06,1.003585388563143e-07,-2.392824373013786e-06,1.003585388620803e-07,-2.392682192977007e-06,1.003585388694765e-07,-2.392962247968028e-06,1.003585388563143e-07,-2.392824373013786e-06,1.003585388620803e-07,-2.392682192977007e-06
1.004223663862803e-07,-1.477876611872746e-06,1.004223663629574e-07,-1.477778253119877e-06,1.004223663643158e-07,-1.477707586562311e-06,1.004223663862803e-07,-1.477876611872746e-06,1.004223663629574e-07,-1.477778253119877e-06,1.004223663643158e-07,-1.477707586562311e-06,1.004223663862803e-07,-1.477876611872746e-06,1.004223663629574e-07,-1.477778253119877e-06,1.004223663643158e-07,-1.477707586562311e-06,1.004225079152173e-07,-1.393587785970243e-06,1.00422507893902e-07,-1.393505235023297e-06,1.004225079028533e-07,-1.39342455288443e-06,1.004225079152173e-07,-1.393587785970243e-06,1.00422507893902e-07,-1.393505235023297e-06,1.004225079028533e-07,-1.39342455288443e-06,1.004225079152173e-07,-1.393587785970243e-06,1.00422507893902e-07,-1.393505235023297e-06,1.004225079028533e-07,-1.39342455288443e-06,1.004206126957783e-07,-1.35370682731748e-06,1.004206126702842e-07,-1.353625187434538e-06,1.004206126786095e-07,-1.353544650874259e-06,1.004206126957783e-07,-1.35370682731748e-06,1.004206126702842e-07,-1.353625187434538e-06,1.004206126786095e-07,-1.353544650874259e-06,1.004206126957783e-07,-1.35370682731748e-06,1.004206126702842e-07,-1.353625187434538e-06,1.004206126786095e-07,-1.353544650874259e-06,1.003231916719127e-07,-1.15371374098635e-06,1.00323191667341e-07,-1.153712193291821e-06,1.003231916748266e-07,-1.153581077363494e-06,1.003231916719127e-07,-1.15371374098635e-06,1.00323191667341e-07,-1.153712193291821e-06,1.003231916748266e-07,-1.153581077363494e-06,1.003231916719127e-07,-1.15371374098635e-06,1.00323191667341e-07,-1.153712193291821e-06,1.003231916748266e-07,-1.153581077363494e-06,1.004203902776965e-07,-1.520102467650607e-06,1.004203902524245e-07,-1.520012583182394e-06,1.004203902676536e-07,-1.519927909103914e-06,1.004203902776965e-07,-1.520102467650607e-06,1.004203902524245e-07,-1.520012583182394e-06,1.004203902676536e-07,-1.519927909103914e-06,1.004203902776965e-07,-1.520102467650607e-06,1.004203902524245e-07,-1.520012583182394e-06,1.004203902676536e-07,-1.519927909103914e-06,1.004201907546335e-07,-1.40118976084212e-06,1.004201907346825e-07,-1.401098124071862e-06,1.004201907432634e-07,-1.401011809350607e-06,1.004201907546335e-07,-1.40118976084212e-06,1.004201907346825e-07,-1.401098124071862e-06,1.004201907432634e-07,-1.401011809350607e-06,1.004201907546335e-07,-1.40118976084212e-06,1.004201907346825e-07,-1.401098124071862e-06,1.004201907432634e-07,-1.401011809350607e-06,1.004100832261944e-07,-1.894052256662973e-06,1.004100832170381e-07,-1.89378544610871e-06,1.004100831995206e-07,-1.893696874131758e-06,1.004100832261944e-07,-1.894052256662973e-06,1.004100832170381e-07,-1.89378544610871e-06,1.004100831995206e-07,-1.893696874131758e-06,1.004100832261944e-07,-1.894052256662973e-06,1.004100832170381e-07,-1.89378544610871e-06,1.004100831995206e-07,-1.893696874131758e-06,1.004099600343045e-07,-1.820201378322823e-06,1.004099600585929e-07,-1.81987390575734e-06,1.004099600429916e-07,-1.819788121900694e-06,1.004099600343045e-07,-1.820201378322823e-06,1.004099600585929e-07,-1.81987390575734e-06,1.004099600429916e-07,-1.819788121900694e-06,1.004099600343045e-07,-1.820201378322823e-06,1.004099600585929e-07,-1.81987390575734e-06,1.004099600429916e-07,-1.819788121900694e-06,1.00409623438094e-07,-1.727848575956863e-06,1.004096234218065e-07,-1.727722979675945e-06,1.004096234134922e-07,-1.72762997990716e-06,1.00409623438094e-07,-1.727848575956863e-06,1.004096234218065e-07,-1.727722979675945e-06,1.004096234134922e-07,-1.72762997990716e-06,1.00409623438094e-07,-1.727848575956863e-06,1.004096234218065e-07,-1.727722979675945e-06,1.004096234134922e-07,-1.72762997990716e-06
1.004840025210885e-07,-4.86143368476451e-07,1.004840025153675e-07,-4.860464860353339e-07,1.004840025357978e-07,-4.859946225996398e-07,1.004840025210885e-07,-4.86143368476451e-07,1.004840025153675e-07,-4.860464860353339e-07,1.004840025357978e-07,-4.859946225996398e-07,1.004840025210885e-07,-4.86143368476451e-07,1.004840025153675e-07,-4.860464860353339e-07,1.004840025357978e-07,-4.859946225996398e-07,1.004845007536902e-07,-4.302856148546545e-07,1.004845007427803e-07,-4.302255324073748e-07,1.004845007717168e-07,-4.301619863319518e-07,1.004845007536902e-07,-4.302856148546545e-07,1.004845007427803e-07,-4.302255324073748e-07,1.004845007717168e-07,-4.301619863319518e-07,1.004845007536902e-07,-4.302856148546545e-07,1.004845007427803e-07,-4.302255324073748e-07,1.004845007717168e-07,-4.301619863319518e-07,1.004823213879012e-07,-4.130871477700727e-07,1.004823213733726e-07,-4.130304872767416e-07,1.004823214018413e-07,-4.129723702725783e-07,1.004823213879012e-07,-4.130871477700727e-07,1.004823213733726e-07,-4.130304872767416e-07,1.004823214018413e-07,-4.129723702725783e-07,1.004823213879012e-07,-4.130871477700727e-07,1.004823213733726e-07,-4.130304872767416e-07,1.004823214018413e-07,-4.129723702725783e-07,1.003720511063183e-07,-2.515139601902424e-06,1.003720511022736e-07,-2.515027669659465e-06,1.003720511191355e-07,-2.51490438481058e-06,1.003720511063183e-07,-2.515139601902424e-06,1.003720511022736e-07,-2.515027669659465e-06,1.003720511191355e-07,-2.51490438481058e-06,1.003720511063183e-07,-2.515139601902424e-06,1.003720511022736e-07,-2.515027669659465e-06,1.003720511191355e-07,-2.51490438481058e-06,1.004814289541185e-07,-5.265311073968721e-07,1.004814289560711e-07,-5.264396310344332e-07,1.004814290006199e-07,-5.263704126673355e-07,1.004814289541185e-07,-5.265311073968721e-07,1.004814289560711e-07,-5.264396310344332e-07,1.004814290006199e-07,-5.263704126673355e-07,1.004814289541185e-07,-5.265311073968721e-07,1.004814289560711e-07,-5.264396310344332e-07,1.004814290006199e-07,-5.263704126673355e-07,1.0048151484466e-07,-4.396975799228848e-07,1.004815148551908e-07,-4.3960553457552e-07,1.004815148921916e-07,-4.395369070120598e-07,1.0048151484466e-07,-4.396975799228848e-07,1.004815148551908e-07,-4.3960553457552e-07,1.004815148921916e-07,-4.395369070120598e-07,1.0048151484466e-07,-4.396975799228848e-07,1.004815148551908e-07,-4.3960553457552e-07,1.004815148921916e-07,-4.395369070120598e-07,1.004684750659257e-07,-6.891910923128282e-07,1.004684750685259e-07,-6.889348147485732e-07,1.004684750780885e-07,-6.88861313729165e-07,1.004684750659257e-07,-6.891910923128282e-07,1.004684750685259e-07,-6.889348147485732e-07,1.004684750780885e-07,-6.88861313729165e-07,1.004684750659257e-07,-6.891910923128282e-07,1.004684750685259e-07,-6.889348147485732e-07,1.004684750780885e-07,-6.88861313729165e-07,1.004685630908413e-07,-6.278707444972779e-07,1.004685629889972e-07,-6.27913253291149e-07,1.004685630007923e-07,-6.278451634656899e-07,1.004685630908413e-07,-6.278707444972779e-07,1.004685629889972e-07,-6.27913253291149e-07,1.004685630007923e-07,-6.278451634656899e-07,1.004685630908413e-07,-6.278707444972779e-07,1.004685629889972e-07,-6.27913253291149e-07,1.004685630007923e-07,-6.278451634656899e-07,1.004682656350117e-07,-6.131575537826114e-07,1.004682656362261e-07,-6.130426564104303e-07,1.004682656557251e-07,-6.129729932829633e-07,1.004682656350117e-07,-6.131575537826114e-07,1.004682656362261e-07,-6.130426564104303e-07,1.004682656557251e-07,-6.129729932829633e-07,1.004682656350117e-07,-6.131575537826114e-07,1.004682656362261e-07,-6.130426564104303e-07,1.004682656557251e-07,-6.129729932829633e-07
1.005626989139708e-07,-8.816168469093863e-08,1.005626988877386e-07,-8.809319559786215e-08,1.00562698868226e-07,-8.804441349948739e-08,1.005626989139708e-07,-8.816168469093863e-08,1.005626988877386e-07,-8.809319559786215e-08,1.00562698868226e-07,-8.804441349948739e-08,1.005626989139708e-07,-8.816168469093863e-08,1.005626988877386e-07,-8.809319559786215e-08,1.00562698868226e-07,-8.804441349948739e-08,1.005639451376737e-07,-6.388672974023402e-08,1.005639451195902e-07,-6.384986041732101e-08,1.005639451124198e-07,-6.378969614945295e-08,1.005639451376737e-07,-6.388672974023402e-08,1.005639451195902e-07,-6.384986041732101e-08,1.005639451124198e-07,-6.378969614945295e-08,1.005639451376737e-07,-6.388672974023402e-08,1.005639451195902e-07,-6.384986041732101e-08,1.005639451124198e-07,-6.378969614945295e-08,1.005619726427385e-07,-5.105394004722709e-08,1.005619726179052e-07,-5.101662395970725e-08,1.005619726089747e-07,-5.095474853045521e-08,1.005619726427385e-07,-5.105394004722709e-08,1.005619726179052e-07,-5.101662395970725e-08,1.005619726089747e-07,-5.095474853045521e-08,1.005619726427385e-07,-5.105394004722709e-08,1.005619726179052e-07,-5.101662395970725e-08,1.005619726089747e-07,-5.095474853045521e-08,1.004247979391837e-07,-1.499323807743635e-06,1.004247979236903e-07,-1.499230254655597e-06,1.004247979323761e-07,-1.49914458473966e-06,1.004247979391837e-07,-1.499323807743635e-06,1.004247979236903e-07,-1.499230254655597e-06,1.004247979323761e-07,-1.49914458473966e-06,1.004247979391837e-07,-1.499323807743635e-06,1.004247979236903e-07,-1.499230254655597e-06,1.004247979323761e-07,-1.49914458473966e-06,1.005599133669411e-07,-1.172812865283993e-07,1.005599133365912e-07,-1.172233778903512e-07,1.005599133437073e-07,-1.171662496097067e-07,1.005599133669411e-07,-1.172812865283993e-07,1.005599133365912e-07,-1.172233778903512e-07,1.005599133437073e-07,-1.171662496097067e-07,1.005599133669411e-07,-1.172812865283993e-07,1.005599133365912e-07,-1.172233778903512e-07,1.005599133437073e-07,-1.171662496097067e-07,1.005606681904233e-07,-5.671963752012037e-08,1.005606681698364e-07,-5.665841630424974e-08,1.005606681658822e-07,-5.659599727981162e-08,1.005606681904233e-07,-5.671963752012037e-08,1.005606681698364e-07,-5.665841630424974e-08,1.005606681658822e-07,-5.659599727981162e-08,1.005606681904233e-07,-5.671963752012037e-08,1.005606681698364e-07,-5.665841630424974e-08,1.005606681658822e-07,-5.659599727981162e-08,1.005415261347276e-07,-1.89280785738807e-07,1.0054152611992e-07,-1.890428276327353e-07,1.005415260900456e-07,-1.889758510662039e-07,1.005415261347276e-07,-1.89280785738807e-07,1.0054152611992e-07,-1.890428276327353e-07,1.005415260900456e-07,-1.889758510662039e-07,1.005415261347276e-07,-1.89280785738807e-07,1.0054152611992e-07,-1.890428276327353e-07,1.005415260900456e-07,-1.889758510662039e-07,1.005421432825584e-07,-1.724723050501802e-07,1.005421434149484e-07,-1.722615609799004e-07,1.005421433838077e-07,-1.721997208714197e-07,1.005421432825584e-07,-1.724723050501802e-07,1.005421434149484e-07,-1.722615609799004e-07,1.005421433838077e-07,-1.721997208714197e-07,1.005421432825584e-07,-1.724723050501802e-07,1.005421434149484e-07,-1.722615609799004e-07,1.005421433838077e-07,-1.721997208714197e-07,1.005427476843028e-07,-1.305171849325594e-07,1.00542747659457e-07,-1.304243681796735e-07,1.005427476361944e-07,-1.303569723117217e-07,1.005427476843028e-07,-1.305171849325594e-07,1.00542747659457e-07,-1.304243681796735e-07,1.005427476361944e-07,-1.303569723117217e-07,1.005427476843028e-07,-1.305171849325594e-07,1.00542747659457e-07,-1.304243681796735e-07,1.005427476361944e-07,-1.303569723117217e-07
1.006787004437907e-07,-8.618101277625134e-09,1.006787004079792e-07,-8.538267902586671e-09,1.006787003709037e-07,-8.479854881404466e-09,1.006787004437907e-07,-8.618101277625134e-09,1.006787004079792e-07,-8.538267902586671e-09,1.006787003709037e-07,-8.479854881404466e-09,1.006787004437907e-07,-8.618101277625134e-09,1.006787004079792e-07,-8.538267902586671e-09,1.006787003709037e-07,-8.479854881404466e-09,1.006826201488167e-07,4.602901050880068e-09,1.006826201084108e-07,4.649388328539975e-09,1.006826200937073e-07,4.717766848487198e-09,1.006826201488167e-07,4.602901050880068e-09,1.006826201084108e-07,4.649388328539975e-09,1.006826200937073e-07,4.717766848487198e-09,1.006826201488167e-07,4.602901050880068e-09,1.006826201084108e-07,4.649388328539975e-09,1.006826200937073e-07,4.717766848487198e-09,1.006811014108416e-07,1.135880200859565e-08,1.006811013626989e-07,1.140341773657256e-08,1.006811013469276e-07,1.146798126416132e-08,1.006811014108416e-07,1.135880200859565e-08,1.006811013626989e-07,1.140341773657256e-08,1.006811013469276e-07,1.146798126416132e-08,1.006811014108416e-07,1.135880200859565e-08,1.006811013626989e-07,1.140341773657256e-08,1.006811013469276e-07,1.146798126416132e-08,1.004866772799899e-07,-5.035834958650931e-07,1.00486677284433e-07,-5.035014673648718e-07,1.004866773200331e-07,-5.034335127883941e-07,1.004866772799899e-07,-5.035834958650931e-07,1.00486677284433e-07,-5.035014673648718e-07,1.004866773200331e-07,-5.034335127883941e-07,1.004866772799899e-07,-5.035834958650931e-07,1.00486677284433e-07,-5.035014673648718e-07,1.004866773200331e-07,-5.034335127883941e-07,1.006752244041882e-07,-4.28565020370828e-08,1.00675224357858e-07,-4.27858877650321e-08,1.006752243617216e-07,-4.271831443124922e-08,1.006752244041882e-07,-4.28565020370828e-08,1.00675224357858e-07,-4.27858877650321e-08,1.006752243617216e-07,-4.271831443124922e-08,1.006752244041882e-07,-4.28565020370828e-08,1.00675224357858e-07,-4.27858877650321e-08,1.006752243617216e-07,-4.271831443124922e-08,1.006782896148545e-07,8.44560645966757e-09,1.006782895827065e-07,8.516026063587197e-09,1.006782895710799e-07,8.580943476592214e-09,1.006782896148545e-07,8.44560645966757e-09,1.006782895827065e-07,8.516026063587197e-09,1.006782895710799e-07,8.580943476592214e-09,1.006782896148545e-07,8.44560645966757e-09,1.006782895827065e-07,8.516026063587197e-09,1.006782895710799e-07,8.580943476592214e-09,1.006448774479195e-07,-1.151551160521558e-08,1.006448773956807e-07,-1.128061803631346e-08,1.006448773278927e-07,-1.120996094349562e-08,1.006448774479195e-07,-1.151551160521558e-08,1.006448773956807e-07,-1.128061803631346e-08,1.006448773278927e-07,-1.120996094349562e-08,1.006448774479195e-07,-1.151551160521558e-08,1.006448773956807e-07,-1.128061803631346e-08,1.006448773278927e-07,-1.120996094349562e-08,1.006478013555323e-07,1.717005272115773e-11,1.00647801116151e-07,2.092146970557923e-11,1.006478010636388e-07,8.881724043611838e-11,1.006478013555323e-07,1.717005272115773e-11,1.00647801116151e-07,2.092146970557923e-11,1.006478010636388e-07,8.881724043611838e-11,1.006478013555323e-07,1.717005272115773e-11,1.00647801116151e-07,2.092146970557923e-11,1.006478010636388e-07,8.881724043611838e-11,1.006489850020861e-07,-1.031788503000096e-08,1.006489849556984e-07,-1.021700905447089e-08,1.006489849117556e-07,-1.01467693438517e-08,1.006489850020861e-07,-1.031788503000096e-08,1.006489849556984e-07,-1.021700905447089e-08,1.006489849117556e-07,-1.01467693438517e-08,1.006489850020861e-07,-1.031788503000096e-08,1.006489849556984e-07,-1.021700905447089e-08,1.006489849117556e-07,-1.01467693438517e-08
1.00870521098606e-07,-1.506100870423233e-08,1.008705209894147e-07,-1.499327738654243e-08,1.008705210773912e-07,-1.494440139501104e-08,1.00870521098606e-07,-1.506100870423233e-08,1.008705209894147e-07,-1.499327738654243e-08,1.008705210773912e-07,-1.494440139501104e-08,1.00870521098606e-07,-1.506100870423233e-08,1.008705209894147e-07,-1.499327738654243e-08,1.008705210773912e-07,-1.494440139501104e-08,1.008802961060628e-07,-2.07119673030547e-10,1.008802960349595e-07,-1.719983101268754e-10,1.008802961819658e-07,-1.123894134711422e-10,1.008802961060628e-07,-2.07119673030547e-10,1.008802960349595e-07,-1.719983101268754e-10,1.008802961819658e-07,-1.123894134711422e-10,1.008802961060628e-07,-2.07119673030547e-10,1.008802960349595e-07,-1.719983101268754e-10,1.008802961819658e-07,-1.123894134711422e-10,1.008801701381293e-07,8.176629972206866e-09,1.008801700415238e-07,8.211327655918453e-09,1.008801701816794e-07,8.271371215613498e-09,1.008801701381293e-07,8.176629972206866e-09,1.008801700415238e-07,8.211327655918453e-09,1.008801701816794e-07,8.271371215613498e-09,1.008801701381293e-07,8.176629972206866e-09,1.008801700415238e-07,8.211327655918453e-09,1.008801701816794e-07,8.271371215613498e-09,1.005658961865679e-07,-1.141780140932676e-07,1.005658961789453e-07,-1.141222541789803e-07,1.005658961755536e-07,-1.140636421920223e-07,1.005658961865679e-07,-1.141780140932676e-07,1.005658961789453e-07,-1.141222541789803e-07,1.005658961755536e-07,-1.140636421920223e-07,1.005658961865679e-07,-1.141780140932676e-07,1.005658961789453e-07,-1.141222541789803e-07,1.005658961755536e-07,-1.140636421920223e-07,1.008656559114854e-07,-4.568339058940957e-08,1.008656558123364e-07,-4.562753992791321e-08,1.008656559676848e-07,-4.557161825365827e-08,1.008656559114854e-07,-4.568339058940957e-08,1.008656558123364e-07,-4.562753992791321e-08,1.008656559676848e-07,-4.557161825365827e-08,1.008656559114854e-07,-4.568339058940957e-08,1.008656558123364e-07,-4.562753992791321e-08,1.008656559676848e-07,-4.557161825365827e-08,1.008737250237469e-07,5.986663523630018e-09,1.008737249848863e-07,6.044949702886349e-09,1.008737251441937e-07,6.104548297228747e-09,1.008737250237469e-07,5.986663523630018e-09,1.008737249848863e-07,6.044949702886349e-09,1.008737251441937e-07,6.104548297228747e-09,1.008737250237469e-07,5.986663523630018e-09,1.008737249848863e-07,6.044949702886349e-09,1.008737251441937e-07,6.104548297228747e-09,1.008094783131636e-07,-4.544572012931494e-08,1.008094782394331e-07,-4.521648555612667e-08,1.008094781550363e-07,-4.51544177178369e-08,1.008094783131636e-07,-4.544572012931494e-08,1.008094782394331e-07,-4.521648555612667e-08,1.008094781550363e-07,-4.51544177178369e-08,1.008094783131636e-07,-4.544572012931494e-08,1.008094782394331e-07,-4.521648555612667e-08,1.008094781550363e-07,-4.51544177178369e-08,1.008163853680911e-07,-4.291143389052207e-08,1.008163856221559e-07,-4.27392080465396e-08,1.008163855454954e-07,-4.268204976318227e-08,1.008163853680911e-07,-4.291143389052207e-08,1.008163856221559e-07,-4.27392080465396e-08,1.008163855454954e-07,-4.268204976318227e-08,1.008163853680911e-07,-4.291143389052207e-08,1.008163856221559e-07,-4.27392080465396e-08,1.008163855454954e-07,-4.268204976318227e-08,1.008224869203281e-07,-2.315480179457693e-08,1.008224868133213e-07,-2.306977431388922e-08,1.008224867662562e-07,-2.300797780693124e-08,1.008224869203281e-07,-2.315480179457693e-08,1.008224868133213e-07,-2.306977431388922e-08,1.008224867662562e-07,-2.300797780693124e-08,1.008224869203281e-07,-2.315480179457693e-08,1.008224868133213e-07,-2.306977431388922e-08,1.008224867662562e-07,-2.300797780693124e-08
1.0125049542854e-07,-3.49822074072478e-09,1.012504955825123e-07,-3.422554603341532e-09,1.012504964037753e-07,-3.368120147910587e-09,1.0125049542854e-07,-3.49822074072478e-09,1.012504955825123e-07,-3.422554603341532e-09,1.012504964037753e-07,-3.368120147910587e-09,1.0125049542854e-07,-3.49822074072478e-09,1.012504955825123e-07,-3.422554603341532e-09,1.012504964037753e-07,-3.368120147910587e-09,1.012752007144842e-07,8.916065763810643e-09,1.012752008161899e-07,8.959989556205004e-09,1.012752017256534e-07,9.023157269879644e-09,1.012752007144842e-07,8.916065763810643e-09,1.012752008161899e-07,8.959989556205004e-09,1.012752017256534e-07,9.023157269879644e-09,1.012752007144842e-07,8.916065763810643e-09,1.012752008161899e-07,8.959989556205004e-09,1.012752017256534e-07,9.023157269879644e-09,1.012783075927045e-07,1.588375384878508e-08,1.012783073991736e-07,1.592608172253471e-08,1.012783078511829e-07,1.598590222851167e-08,1.012783075927045e-07,1.588375384878508e-08,1.012783073991736e-07,1.592608172253471e-08,1.012783078511829e-07,1.598590222851167e-08,1.012783075927045e-07,1.588375384878508e-08,1.012783073991736e-07,1.592608172253471e-08,1.012783078511829e-07,1.598590222851167e-08,1.0068306345038e-07,-3.697764091576964e-08,1.006830634153387e-07,-3.691620827482958e-08,1.006830634018928e-07,-3.684970431106496e-08,1.0068306345038e-07,-3.697764091576964e-08,1.006830634153387e-07,-3.691620827482958e-08,1.006830634018928e-07,-3.684970431106496e-08,1.0068306345038e-07,-3.697764091576964e-08,1.006830634153387e-07,-3.691620827482958e-08,1.006830634018928e-07,-3.684970431106496e-08,1.01246182267583e-07,-3.804104120957903e-08,1.012461826636451e-07,-3.796861251699346e-08,1.012461837534798e-07,-3.789579685776647e-08,1.01246182267583e-07,-3.804104120957903e-08,1.012461826636451e-07,-3.796861251699346e-08,1.012461837534798e-07,-3.789579685776647e-08,1.01246182267583e-07,-3.804104120957903e-08,1.012461826636451e-07,-3.796861251699346e-08,1.012461837534798e-07,-3.789579685776647e-08,1.012645958415315e-07,1.28456134048809e-08,1.012645957892458e-07,1.29190150304351e-08,1.012645962904214e-07,1.299034257237657e-08,1.012645958415315e-07,1.28456134048809e-08,1.012645957892458e-07,1.29190150304351e-08,1.012645962904214e-07,1.299034257237657e-08,1.012645958415315e-07,1.28456134048809e-08,1.012645957892458e-07,1.29190150304351e-08,1.012645962904214e-07,1.299034257237657e-08,1.011163367516781e-07,-7.372101358025703e-09,1.011163371059275e-07,-7.135921554174346e-09,1.011163376592958e-07,-7.06102738866004e-09,1.011163367516781e-07,-7.372101358025703e-09,1.011163371059275e-07,-7.135921554174346e-09,1.011163376592958e-07,-7.06102738866004e-09,1.011163367516781e-07,-7.372101358025703e-09,1.011163371059275e-07,-7.135921554174346e-09,1.011163376592958e-07,-7.06102738866004e-09,1.011351602409407e-07,2.077806575278637e-09,1.011351587050097e-07,2.097088187166697e-09,1.011351593344139e-07,2.169105790000268e-09,1.011351602409407e-07,2.077806575278637e-09,1.011351587050097e-07,2.097088187166697e-09,1.011351593344139e-07,2.169105790000268e-09,1.011351602409407e-07,2.077806575278637e-09,1.011351587050097e-07,2.097088187166697e-09,1.011351593344139e-07,2.169105790000268e-09,1.011533200823061e-07,-5.51326265635502e-09,1.011533205092068e-07,-5.413194557968699e-09,1.011533212826474e-07,-5.339032475828463e-09,1.011533200823061e-07,-5.51326265635502e-09,1.011533205092068e-07,-5.413194557968699e-09,1.011533212826474e-07,-5.339032475828463e-09,1.011533200823061e-07,-5.51326265635502e-09,1.011533205092068e-07,-5.413194557968699e-09,1.011533212826474e-07,-5.339032475828463e-09
1.020030250485945e-07,-1.515450487934708e-09,1.020030253604982e-07,-1.440239450825919e-09,1.02003026928682e-07,-1.383618492431863e-09,1.020030250485945e-07,-1.515450487934708e-09,1.020030253604982e-07,-1.440239450825919e-09,1.02003026928682e-07,-1.383618492431863e-09,1.020030250485945e-07,-1.515450487934708e-09,1.020030253604982e-07,-1.440239450825919e-09,1.02003026928682e-07,-1.383618492431863e-09,1.020623361160356e-07,1.233528722562902e-08,1.020623362259699e-07,1.237865442683604e-08,1.020623379144749e-07,1.244328067567316e-08,1.020623361160356e-07,1.233528722562902e-08,1.020623362259699e-07,1.237865442683604e-08,1.020623379144749e-07,1.244328067567316e-08,1.020623361160356e-07,1.233528722562902e-08,1.020623362259699e-07,1.237865442683604e-08,1.020623379144749e-07,1.244328067567316e-08,1.020745825018551e-07,2.006785113387161e-08,1.020745821144732e-07,2.010987418232506e-08,1.020745831901901e-07,2.017284344325474e-08,1.020745825018551e-07,2.006785113387161e-08,1.020745821144732e-07,2.010987418232506e-08,1.020745831901901e-07,2.017284344325474e-08,1.020745825018551e-07,2.006785113387161e-08,1.020745821144732e-07,2.010987418232506e-08,1.020745831901901e-07,2.017284344325474e-08,1.008769961576308e-07,-4.501775806200338e-08,1.008769961398449e-07,-4.496448321525721e-08,1.008769962901566e-07,-4.490716535224374e-08,1.008769961576308e-07,-4.501775806200338e-08,1.008769961398449e-07,-4.496448321525721e-08,1.008769962901566e-07,-4.490716535224374e-08,1.008769961576308e-07,-4.501775806200338e-08,1.008769961398449e-07,-4.496448321525721e-08,1.008769962901566e-07,-4.490716535224374e-08,1.019586138466557e-07,-3.719016076080592e-08,1.019586146195851e-07,-3.712494562817237e-08,1.01958616532078e-07,-3.705792404140158e-08,1.019586138466557e-07,-3.719016076080592e-08,1.019586146195851e-07,-3.712494562817237e-08,1.01958616532078e-07,-3.705792404140158e-08,1.019586138466557e-07,-3.719016076080592e-08,1.019586146195851e-07,-3.712494562817237e-08,1.01958616532078e-07,-3.705792404140158e-08,1.019905111236527e-07,1.425738527221877e-08,1.019905111481003e-07,1.43244309843493e-08,1.019905120998725e-07,1.439228332436737e-08,1.019905111236527e-07,1.425738527221877e-08,1.019905111481003e-07,1.43244309843493e-08,1.019905120998725e-07,1.439228332436737e-08,1.019905111236527e-07,1.425738527221877e-08,1.019905111481003e-07,1.43244309843493e-08,1.019905120998725e-07,1.439228332436737e-08,1.017300536287071e-07,-3.86786213472728e-08,1.017300548389163e-07,-3.845025675733162e-08,1.017300566678148e-07,-3.83885854920843e-08,1.017300536287071e-07,-3.86786213472728e-08,1.017300548389163e-07,-3.845025675733162e-08,1.017300566678148e-07,-3.83885854920843e-08,1.017300536287071e-07,-3.86786213472728e-08,1.017300548389163e-07,-3.845025675733162e-08,1.017300566678148e-07,-3.83885854920843e-08,1.017727099866398e-07,-1.489454530218935e-08,1.017727048707174e-07,-1.480626836364721e-08,1.01772706912251e-07,-1.474166002309397e-08,1.017727099866398e-07,-1.489454530218935e-08,1.017727048707174e-07,-1.480626836364721e-08,1.01772706912251e-07,-1.474166002309397e-08,1.017727099866398e-07,-1.489454530218935e-08,1.017727048707174e-07,-1.480626836364721e-08,1.01772706912251e-07,-1.474166002309397e-08,1.018149864062622e-07,-1.026818221440665e-08,1.018149879009777e-07,-1.017603049653136e-08,1.018149903154296e-07,-1.010885646497982e-08,1.018149864062622e-07,-1.026818221440665e-08,1.018149879009777e-07,-1.017603049653136e-08,1.018149903154296e-07,-1.010885646497982e-08,1.018149864062622e-07,-1.026818221440665e-08,1.018149879009777e-07,-1.017603049653136e-08,1.018149903154296e-07,-1.010885646497982e-08
1.033700193415644e-07,1.51599347536357e-08,1.033700198502619e-07,1.523277610603312e-08,1.033700224404053e-07,1.529155229795853e-08,1.033700193415644e-07,1.51599347536357e-08,1.033700198502619e-07,1.523277610603312e-08,1.033700224404053e-07,1.529155229795853e-08,1.033700193415644e-07,1.51599347536357e-08,1.033700198502619e-07,1.523277610603312e-08,1.033700224404053e-07,1.529155229795853e-08,1.035770923127571e-07,3.060367182099001e-08,1.035770924214721e-07,3.064515170093631e-08,1.03577094872287e-07,3.070994232089333e-08,1.035770923127571e-07,3.060367182099001e-08,1.035770924214721e-07,3.064515170093631e-08,1.03577094872287e-07,3.070994232089333e-08,1.035770923127571e-07,3.060367182099001e-08,1.035770924214721e-07,3.064515170093631e-08,1.03577094872287e-07,3.070994232089333e-08,1.035343905597309e-07,3.760745502155731e-08,1.035343901603094e-07,3.764761557341143e-08,1.035343911794811e-07,3.771074592404787e-08,1.035343905597309e-07,3.760745502155731e-08,1.035343901603094e-07,3.764761557341143e-08,1.035343911794811e-07,3.771074592404787e-08,1.035343905597309e-07,3.760745502155731e-08,1.035343901603094e-07,3.764761557341143e-08,1.035343911794811e-07,3.771074592404787e-08,1.012648615721324e-07,-3.263104834562371e-08,1.012648615888572e-07,-3.256669906631599e-08,1.012648620666843e-07,-3.249496252991097e-08,1.012648615721324e-07,-3.263104834562371e-08,1.012648615888572e-07,-3.256669906631599e-08,1.012648620666843e-07,-3.249496252991097e-08,1.012648615721324e-07,-3.263104834562371e-08,1.012648615888572e-07,-3.256669906631599e-08,1.012648620666843e-07,-3.249496252991097e-08,1.033834770048013e-07,-2.649301295033492e-08,1.033834785314651e-07,-2.643097566178862e-08,1.033834820892743e-07,-2.636320349177249e-08,1.033834770048013e-07,-2.649301295033492e-08,1.033834785314651e-07,-2.643097566178862e-08,1.033834820892743e-07,-2.636320349177249e-08,1.033834770048013e-07,-2.649301295033492e-08,1.033834785314651e-07,-2.643097566178862e-08,1.033834820892743e-07,-2.636320349177249e-08,1.03442341687895e-07,2.527726908309253e-08,1.034423418658093e-07,2.534211813096652e-08,1.034423437187748e-07,2.54111340287677e-08,1.03442341687895e-07,2.527726908309253e-08,1.034423418658093e-07,2.534211813096652e-08,1.034423437187748e-07,2.54111340287677e-08,1.03442341687895e-07,2.527726908309253e-08,1.034423418658093e-07,2.534211813096652e-08,1.034423437187748e-07,2.54111340287677e-08,1.029574873827652e-07,-1.109749572487656e-09,1.029574903048938e-07,-8.787799722431407e-10,1.029574946848527e-07,-8.070055489321358e-10,1.029574873827652e-07,-1.109749572487656e-09,1.029574903048938e-07,-8.787799722431407e-10,1.029574946848527e-07,-8.070055489321358e-10,1.029574873827652e-07,-1.109749572487656e-09,1.029574903048938e-07,-8.787799722431407e-10,1.029574946848527e-07,-8.070055489321358e-10,1.030478094780379e-07,-1.106262822669078e-08,1.030477972021327e-07,-1.097344654434257e-08,1.030478020679251e-07,-1.091138841648146e-08,1.030478094780379e-07,-1.106262822669078e-08,1.030477972021327e-07,-1.097344654434257e-08,1.030478020679251e-07,-1.091138841648146e-08,1.030478094780379e-07,-1.106262822669078e-08,1.030477972021327e-07,-1.097344654434257e-08,1.030478020679251e-07,-1.091138841648146e-08,1.031383190541745e-07,-4.890084699772138e-09,1.031383226845197e-07,-4.803581336938761e-09,1.031383283809942e-07,-4.739600686270971e-09,1.031383190541745e-07,-4.890084699772138e-09,1.031383226845197e-07,-4.803581336938761e-09,1.031383283809942e-07,-4.739600686270971e-09,1.031383190541745e-07,-4.890084699772138e-09,1.031383226845197e-07,-4.803581336938761e-09,1.031383283809942e-07,-4.739600686270971e-09
1.057604500455277e-07,4.808456863296956e-08,1.057604505122578e-07,4.815438629544246e-08,1.057604531190537e-07,4.821729443056294e-08,1.057604500455277e-07,4.808456863296956e-08,1.057604505122578e-07,4.815438629544246e-08,1.057604531190537e-07,4.821729443056294e-08,1.057604500455277e-07,4.808456863296956e-08,1.057604505122578e-07,4.815438629544246e-08,1.057604531190537e-07,4.821729443056294e-08,1.057447829350959e-07,5.992581389582359e-08,1.057447830961629e-07,5.996583603819057e-08,1.057447863740066e-07,6.00322287506773e-08,1.057447829350959e-07,5.992581389582359e-08,1.057447830961629e-07,5.996583603819057e-08,1.057447863740066e-07,6.00322287506773e-08,1.057447829350959e-07,5.992581389582359e-08,1.057447830961629e-07,5.996583603819057e-08,1.057447863740066e-07,6.00322287506773e-08,1.055873247181206e-07,6.51917432075073e-08,1.055873240218717e-07,6.523027167726184e-08,1.055873258252194e-07,6.529443666361372e-08,1.055873247181206e-07,6.51917432075073e-08,1.055873240218717e-07,6.523027167726184e-08,1.055873258252194e-07,6.529443666361372e-08,1.055873247181206e-07,6.51917432075073e-08,1.055873240218717e-07,6.523027167726184e-08,1.055873258252194e-07,6.529443666361372e-08,1.020125690131021e-07,-3.397754445797537e-08,1.020125690041765e-07,-3.391698687465955e-08,1.02012569887745e-07,-3.384991435150911e-08,1.020125690131021e-07,-3.397754445797537e-08,1.020125690041765e-07,-3.391698687465955e-08,1.02012569887745e-07,-3.384991435150911e-08,1.020125690131021e-07,-3.397754445797537e-08,1.020125690041765e-07,-3.391698687465955e-08,1.02012569887745e-07,-3.384991435150911e-08,1.05488448361799e-07,-5.810049828083007e-09,1.054884503393215e-07,-5.752082722301253e-09,1.054884548861015e-07,-5.684036789629084e-09,1.05488448361799e-07,-5.810049828083007e-09,1.054884503393215e-07,-5.752082722301253e-09,1.054884548861015e-07,-5.684036789629084e-09,1.05488448361799e-07,-5.810049828083007e-09,1.054884503393215e-07,-5.752082722301253e-09,1.054884548861015e-07,-5.684036789629084e-09,1.054342192208423e-07,4.467705922793958e-08,1.054342194130576e-07,4.473860763105706e-08,1.054342220226604e-07,4.480757696351288e-08,1.054342192208423e-07,4.467705922793958e-08,1.054342194130576e-07,4.473860763105706e-08,1.054342220226604e-07,4.480757696351288e-08,1.054342192208423e-07,4.467705922793958e-08,1.054342194130576e-07,4.473860763105706e-08,1.054342220226604e-07,4.480757696351288e-08,1.049463028547446e-07,-1.90621758689601e-08,1.049463055342661e-07,-1.884586141128022e-08,1.049463095170479e-07,-1.879271927946104e-08,1.049463028547446e-07,-1.90621758689601e-08,1.049463055342661e-07,-1.884586141128022e-08,1.049463095170479e-07,-1.879271927946104e-08,1.049463028547446e-07,-1.90621758689601e-08,1.049463055342661e-07,-1.884586141128022e-08,1.049463095170479e-07,-1.879271927946104e-08,1.050373796782904e-07,4.333990960384863e-09,1.050373638157979e-07,4.410507428914192e-09,1.050373701052527e-07,4.467270239971041e-09,1.050373796782904e-07,4.333990960384863e-09,1.050373638157979e-07,4.410507428914192e-09,1.050373701052527e-07,4.467270239971041e-09,1.050373796782904e-07,4.333990960384863e-09,1.050373638157979e-07,4.410507428914192e-09,1.050373701052527e-07,4.467270239971041e-09,1.04964246223157e-07,8.325898947729386e-09,1.049642511216331e-07,8.406071179748096e-09,1.049642589137776e-07,8.464515522026188e-09,1.04964246223157e-07,8.325898947729386e-09,1.049642511216331e-07,8.406071179748096e-09,1.049642589137776e-07,8.464515522026188e-09,1.04964246223157e-07,8.325898947729386e-09,1.049642511216331e-07,8.406071179748096e-09,1.049642589137776e-07,8.464515522026188e-09
1.083733867270916e-07,7.895406940459374e-08,1.08373387408733e-07,7.901839977882944e-08,1.083733914811755e-07,7.908294965259761e-08,1.083733867270916e-07,7.895406940459374e-08,1.08373387408733e-07,7.901839977882944e-08,1.083733914811755e-07,7.908294965259761e-08,1.083733867270916e-07,7.895406940459374e-08,1.08373387408733e-07,7.901839977882944e-08,1.083733914811755e-07,7.908294965259761e-08,1.084025710569861e-07,9.089912319407258e-08,1.084025712629129e-07,9.093648172413282e-08,1.084025760465513e-07,9.100290828913525e-08,1.084025710569861e-07,9.089912319407258e-08,1.084025712629129e-07,9.093648172413282e-08,1.084025760465513e-07,9.100290828913525e-08,1.084025710569861e-07,9.089912319407258e-08,1.084025712629129e-07,9.093648172413282e-08,1.084025760465513e-07,9.100290828913525e-08,1.081928227470467e-07,9.567421319900005e-08,1.081928217581106e-07,9.571010284306353e-08,1.081928242101547e-07,9.57750240857333e-08,1.081928227470467e-07,9.567421319900005e-08,1.081928217581106e-07,9.571010284306353e-08,1.081928242101547e-07,9.57750240857333e-08,1.081928227470467e-07,9.567421319900005e-08,1.081928217581106e-07,9.571010284306353e-08,1.081928242101547e-07,9.57750240857333e-08,1.034048939146727e-07,-2.343240346104838e-08,1.034048938968276e-07,-2.337410255660662e-08,1.034048953541252e-07,-2.330653768813553e-08,1.034048939146727e-07,-2.343240346104838e-08,1.034048938968276e-07,-2.337410255660662e-08,1.034048953541252e-07,-2.330653768813553e-08,1.034048939146727e-07,-2.343240346104838e-08,1.034048938968276e-07,-2.337410255660662e-08,1.034048953541252e-07,-2.330653768813553e-08,1.080470721660128e-07,1.681031539807776e-08,1.080470749037334e-07,1.686263552962038e-08,1.080470814113264e-07,1.693011082878678e-08,1.080470721660128e-07,1.681031539807776e-08,1.080470749037334e-07,1.686263552962038e-08,1.080470814113264e-07,1.693011082878678e-08,1.080470721660128e-07,1.681031539807776e-08,1.080470749037334e-07,1.686263552962038e-08,1.080470814113264e-07,1.693011082878678e-08,1.080130345650642e-07,6.738689484582279e-08,1.080130348161882e-07,6.744368769874413e-08,1.080130385117055e-07,6.751233327990284e-08,1.080130345650642e-07,6.738689484582279e-08,1.080130348161882e-07,6.744368769874413e-08,1.080130385117055e-07,6.751233327990284e-08,1.080130345650642e-07,6.738689484582279e-08,1.080130348161882e-07,6.744368769874413e-08,1.080130385117055e-07,6.751233327990284e-08,1.074991190163254e-07,2.866550751335885e-08,1.074991235569739e-07,2.887730561987782e-08,1.074991303647867e-07,2.893511116579255e-08,1.074991190163254e-07,2.866550751335885e-08,1.074991235569739e-07,2.887730561987782e-08,1.074991303647867e-07,2.893511116579255e-08,1.074991190163254e-07,2.866550751335885e-08,1.074991235569739e-07,2.887730561987782e-08,1.074991303647867e-07,2.893511116579255e-08,1.074003612519263e-07,1.784781426780226e-08,1.074003384556048e-07,1.79193335433623e-08,1.074003474959953e-07,1.796904252917376e-08,1.074003612519263e-07,1.784781426780226e-08,1.074003384556048e-07,1.79193335433623e-08,1.074003474959953e-07,1.796904252917376e-08,1.074003612519263e-07,1.784781426780226e-08,1.074003384556048e-07,1.79193335433623e-08,1.074003474959953e-07,1.796904252917376e-08,1.073244218288678e-07,2.297366510376891e-08,1.073244288349426e-07,2.304257876180337e-08,1.073244400008109e-07,2.309345903903451e-08,1.073244218288678e-07,2.297366510376891e-08,1.073244288349426e-07,2.304257876180337e-08,1.073244400008109e-07,2.309345903903451e-08,1.073244218288678e-07,2.297366510376891e-08,1.073244288349426e-07,2.304257876180337e-08,1.073244400008109e-07,2.309345903903451e-08
1.131020113250776e-07,1.27021228994815e-07,1.131020124456118e-07,1.270787921718239e-07,1.131020188870397e-07,1.271455907274081e-07,1.131020113250776e-07,1.27021228994815e-07,1.131020124456118e-07,1.270787921718239e-07,1.131020188870397e-07,1.271455907274081e-07,1.131020113250776e-07,1.27021228994815e-07,1.131020124456118e-07,1.270787921718239e-07,1.131020188870397e-07,1.271455907274081e-07,1.131808068069739e-07,1.386145676015487e-07,1.131808072316917e-07,1.386505907786235e-07,1.131808148232542e-07,1.38718162988525e-07,1.131808068069739e-07,1.386145676015487e-07,1.131808072316917e-07,1.386505907786235e-07,1.131808148232542e-07,1.38718162988525e-07,1.131808068069739e-07,1.386145676015487e-07,1.131808072316917e-07,1.386505907786235e-07,1.131808148232542e-07,1.38718162988525e-07,1.127749369451126e-07,1.417191970451366e-07,1.127749352975168e-07,1.417535325345183e-07,1.127749396831824e-07,1.418187934344132e-07,1.127749369451126e-07,1.417191970451366e-07,1.127749352975168e-07,1.417535325345183e-07,1.127749396831824e-07,1.418187934344132e-07,1.127749369451126e-07,1.417191970451366e-07,1.127749352975168e-07,1.417535325345183e-07,1.127749396831824e-07,1.418187934344132e-07,1.05782683067575e-07,-1.350300196932221e-10,1.057826830331663e-07,-8.046094621677309e-11,1.057826845903445e-07,-1.284429454140852e-11,1.05782683067575e-07,-1.350300196932221e-10,1.057826830331663e-07,-8.046094621677309e-11,1.057826845903445e-07,-1.284429454140852e-11,1.05782683067575e-07,-1.350300196932221e-10,1.057826830331663e-07,-8.046094621677309e-11,1.057826845903445e-07,-1.284429454140852e-11,1.126332288105755e-07,5.434238726269661e-08,1.126332333330727e-07,5.438945047304793e-08,1.126332439983789e-07,5.445671134128178e-08,1.126332288105755e-07,5.434238726269661e-08,1.126332333330727e-07,5.438945047304793e-08,1.126332439983789e-07,5.445671134128178e-08,1.126332288105755e-07,5.434238726269661e-08,1.126332333330727e-07,5.438945047304793e-08,1.126332439983789e-07,5.445671134128178e-08,1.12415109966337e-07,1.031818614671595e-07,1.124151102916257e-07,1.032339145063452e-07,1.124151163965159e-07,1.033020649315675e-07,1.12415109966337e-07,1.031818614671595e-07,1.124151102916257e-07,1.032339145063452e-07,1.124151163965159e-07,1.033020649315675e-07,1.12415109966337e-07,1.031818614671595e-07,1.124151102916257e-07,1.032339145063452e-07,1.124151163965159e-07,1.033020649315675e-07,1.114601570878968e-07,2.419386045654136e-08,1.114601633748955e-07,2.438896331885932e-08,1.114601727544149e-07,2.442822567685616e-08,1.114601570878968e-07,2.419386045654136e-08,1.114601633748955e-07,2.438896331885932e-08,1.114601727544149e-07,2.442822567685616e-08,1.114601570878968e-07,2.419386045654136e-08,1.114601633748955e-07,2.438896331885932e-08,1.114601727544149e-07,2.442822567685616e-08,1.117389424901333e-07,4.786830616449817e-08,1.117389107626181e-07,4.792439349178915e-08,1.117389233871099e-07,4.796971572202181e-08,1.117389424901333e-07,4.786830616449817e-08,1.117389107626181e-07,4.792439349178915e-08,1.117389233871099e-07,4.796971572202181e-08,1.117389424901333e-07,4.786830616449817e-08,1.117389107626181e-07,4.792439349178915e-08,1.117389233871099e-07,4.796971572202181e-08,1.115627279089383e-07,5.109181202448722e-08,1.115627374121142e-07,5.115126166374871e-08,1.115627527138442e-07,5.119693854608203e-08,1.115627279089383e-07,5.109181202448722e-08,1.115627374121142e-07,5.115126166374871e-08,1.115627527138442e-07,5.119693854608203e-08,1.115627279089383e-07,5.109181202448722e-08,1.115627374121142e-07,5.115126166374871e-08,1.115627527138442e-07,5.119693854608203e-08
1.204352406179319e-07,1.775192297610567e-07,1.204352425003016e-07,1.775685994026778e-07,1.204352530545787e-07,1.776355506586815e-07,1.204352406179319e-07,1.775192297610567e-07,1.204352425003016e-07,1.775685994026778e-07,1.204352530545787e-07,1.776355506586815e-07,1.204352406179319e-07,1.775192297610567e-07,1.204352425003016e-07,1.775685994026778e-07,1.204352530545787e-07,1.776355506586815e-07,1.20468788061704e-07,1.879582984998164e-07,1.204687886808268e-07,1.879942043779549e-07,1.204688007452383e-07,1.880612702284821e-07,1.20468788061704e-07,1.879582984998164e-07,1.204687886808268e-07,1.879942043779549e-07,1.204688007452383e-07,1.880612702284821e-07,1.20468788061704e-07,1.879582984998164e-07,1.204687886808268e-07,1.879942043779549e-07,1.204688007452383e-07,1.880612702284821e-07,1.200910409842498e-07,1.921406127413348e-07,1.200910386661519e-07,1.921748880576131e-07,1.200910445101688e-07,1.922409271045042e-07,1.200910409842498e-07,1.921406127413348e-07,1.200910386661519e-07,1.921748880576131e-07,1.200910445101688e-07,1.922409271045042e-07,1.200910409842498e-07,1.921406127413348e-07,1.200910386661519e-07,1.921748880576131e-07,1.200910445101688e-07,1.922409271045042e-07,1.084269691074452e-07,2.30341179953837e-08,1.084269690573171e-07,2.308417368309871e-08,1.084269715105642e-07,2.31511222808513e-08,1.084269691074452e-07,2.30341179953837e-08,1.084269690573171e-07,2.308417368309871e-08,1.084269715105642e-07,2.31511222808513e-08,1.084269691074452e-07,2.30341179953837e-08,1.084269690573171e-07,2.308417368309871e-08,1.084269715105642e-07,2.31511222808513e-08,1.196022514094868e-07,9.653046177187711e-08,1.196022585284572e-07,9.657330186315813e-08,1.196022750701346e-07,9.663923585301124e-08,1.196022514094868e-07,9.653046177187711e-08,1.196022585284572e-07,9.657330186315813e-08,1.196022750701346e-07,9.663923585301124e-08,1.196022514094868e-07,9.653046177187711e-08,1.196022585284572e-07,9.657330186315813e-08,1.196022750701346e-07,9.663923585301124e-08,1.196737981086939e-07,1.469027355200707e-07,1.196737988031371e-07,1.46950600857564e-07,1.196738062715628e-07,1.470176996972825e-07,1.196737981086939e-07,1.469027355200707e-07,1.196737988031371e-07,1.46950600857564e-07,1.196738062715628e-07,1.470176996972825e-07,1.196737981086939e-07,1.469027355200707e-07,1.196737988031371e-07,1.46950600857564e-07,1.196738062715628e-07,1.470176996972825e-07,1.178742662954235e-07,8.871946480372302e-08,1.178742779942194e-07,8.891364034313701e-08,1.178742953248856e-07,8.89662240445961e-08,1.178742662954235e-07,8.871946480372302e-08,1.178742779942194e-07,8.891364034313701e-08,1.178742953248856e-07,8.89662240445961e-08,1.178742662954235e-07,8.871946480372302e-08,1.178742779942194e-07,8.891364034313701e-08,1.178742953248856e-07,8.89662240445961e-08,1.178233330159666e-07,7.782814478152069e-08,1.178232809543701e-07,7.78845783860533e-08,1.178233016422047e-07,7.793299445248261e-08,1.178233330159666e-07,7.782814478152069e-08,1.178232809543701e-07,7.78845783860533e-08,1.178233016422047e-07,7.793299445248261e-08,1.178233330159666e-07,7.782814478152069e-08,1.178232809543701e-07,7.78845783860533e-08,1.178233016422047e-07,7.793299445248261e-08,1.179171787666692e-07,8.342505368001888e-08,1.179171943461584e-07,8.347841542451102e-08,1.179172192408946e-07,8.352645487214259e-08,1.179171787666692e-07,8.342505368001888e-08,1.179171943461584e-07,8.347841542451102e-08,1.179172192408946e-07,8.352645487214259e-08,1.179171787666692e-07,8.342505368001888e-08,1.179171943461584e-07,8.347841542451102e-08,1.179172192408946e-07,8.352645487214259e-08
1.311548439840721e-07,2.210916889995858e-07,1.311548468498915e-07,2.211362186210342e-07,1.311548619114832e-07,2.212033668002011e-07,1.311548439840721e-07,2.210916889995858e-07,1.311548468498915e-07,2.211362186210342e-07,1.311548619114832e-07,2.212033668002011e-07,1.311548439840721e-07,2.210916889995858e-07,1.311548468498915e-07,2.211362186210342e-07,1.311548619114832e-07,2.212033668002011e-07,1.311178905227644e-07,2.308736922789199e-07,1.311178911188685e-07,2.309140191570804e-07,1.31117908622095e-07,2.309810895593668e-07,1.311178905227644e-07,2.308736922789199e-07,1.311178911188685e-07,2.309140191570804e-07,1.31117908622095e-07,2.309810895593668e-07,1.311178905227644e-07,2.308736922789199e-07,1.311178911188685e-07,2.309140191570804e-07,1.31117908622095e-07,2.309810895593668e-07,1.307546396722923e-07,2.357246678620632e-07,1.307546358307679e-07,2.357635412500504e-07,1.307546454592629e-07,2.358290929729164e-07,1.307546396722923e-07,2.357246678620632e-07,1.307546358307679e-07,2.357635412500504e-07,1.307546454592629e-07,2.358290929729164e-07,1.307546396722923e-07,2.357246678620632e-07,1.307546358307679e-07,2.357635412500504e-07,1.307546454592629e-07,2.358290929729164e-07,1.131657050116829e-07,6.128956603022181e-08,1.13165704946858e-07,6.133574408803576e-08,1.131657087866092e-07,6.140236380561946e-08,1.131657050116829e-07,6.128956603022181e-08,1.13165704946858e-07,6.133574408803576e-08,1.131657087866092e-07,6.140236380561946e-08,1.131657050116829e-07,6.128956603022181e-08,1.13165704946858e-07,6.133574408803576e-08,1.131657087866092e-07,6.140236380561946e-08,1.298819094663937e-07,1.387707814702011e-07,1.298819192335275e-07,1.388164884311527e-07,1.298819431178843e-07,1.388819816767326e-07,1.298819094663937e-07,1.387707814702011e-07,1.298819192335275e-07,1.388164884311527e-07,1.298819431178843e-07,1.388819816767326e-07,1.298819094663937e-07,1.387707814702011e-07,1.298819192335275e-07,1.388164884311527e-07,1.298819431178843e-07,1.388819816767326e-07,1.29960023738501e-07,1.885084600672596e-07,1.299600246648984e-07,1.885577069636553e-07,1.299600386717795e-07,1.886228770571234e-07,1.29960023738501e-07,1.885084600672596e-07,1.299600246648984e-07,1.885577069636553e-07,1.299600386717795e-07,1.886228770571234e-07,1.29960023738501e-07,1.885084600672596e-07,1.299600246648984e-07,1.885577069636553e-07,1.299600386717795e-07,1.886228770571234e-07,1.280600077902377e-07,9.945913088813979e-08,1.280600226912998e-07,9.964096273556773e-08,1.28060045629925e-07,9.968359024445988e-08,1.280600077902377e-07,9.945913088813979e-08,1.280600226912998e-07,9.964096273556773e-08,1.28060045629925e-07,9.968359024445988e-08,1.280600077902377e-07,9.945913088813979e-08,1.280600226912998e-07,9.964096273556773e-08,1.28060045629925e-07,9.968359024445988e-08,1.281429718757347e-07,1.208163810728441e-07,1.281428979297482e-07,1.208635220761273e-07,1.281429271056953e-07,1.20916492149969e-07,1.281429718757347e-07,1.208163810728441e-07,1.281428979297482e-07,1.208635220761273e-07,1.281429271056953e-07,1.20916492149969e-07,1.281429718757347e-07,1.208163810728441e-07,1.281428979297482e-07,1.208635220761273e-07,1.281429271056953e-07,1.20916492149969e-07,1.272110287752379e-07,1.212991128663112e-07,1.272110540333151e-07,1.213493731006227e-07,1.272110943993382e-07,1.214007602552755e-07,1.272110287752379e-07,1.212991128663112e-07,1.272110540333151e-07,1.213493731006227e-07,1.272110943993382e-07,1.214007602552755e-07,1.272110287752379e-07,1.212991128663112e-07,1.272110540333151e-07,1.213493731006227e-07,1.272110943993382e-07,1.214007602552755e-07
1.405774219920361e-07,2.388423327271342e-07,1.405774234249457e-07,2.388842061432486e-07,1.405774309557416e-07,2.389505296990908e-07,1.405774219920361e-07,2.388423327271342e-07,1.405774234249457e-07,2.388842061432486e-07,1.405774309557416e-07,2.389505296990908e-07,1.405774219920361e-07,2.388423327271342e-07,1.405774234249457e-07,2.388842061432486e-07,1.405774309557416e-07,2.389505296990908e-07,1.405589452613822e-07,2.486123211200924e-07,1.405589455594343e-07,2.486539500697102e-07,1.405589543110475e-07,2.48719881414118e-07,1.405589452613822e-07,2.486123211200924e-07,1.405589455594343e-07,2.486539500697102e-07,1.405589543110475e-07,2.48719881414118e-07,1.405589452613822e-07,2.486123211200924e-07,1.405589455594343e-07,2.486539500697102e-07,1.405589543110475e-07,2.48719881414118e-07,1.403773198361462e-07,2.542162289724664e-07,1.40377317915384e-07,2.542567681575414e-07,1.403773227296315e-07,2.543226155102361e-07,1.403773198361462e-07,2.542162289724664e-07,1.40377317915384e-07,2.542567681575414e-07,1.403773227296315e-07,2.543226155102361e-07,1.403773198361462e-07,2.542162289724664e-07,1.40377317915384e-07,2.542567681575414e-07,1.403773227296315e-07,2.543226155102361e-07,1.205665035146538e-07,1.047960682125954e-07,1.205665033256554e-07,1.048397892034697e-07,1.205665095967394e-07,1.049050830544451e-07,1.205665035146538e-07,1.047960682125954e-07,1.205665033256554e-07,1.048397892034697e-07,1.205665095967394e-07,1.049050830544451e-07,1.205665035146538e-07,1.047960682125954e-07,1.205665033256554e-07,1.048397892034697e-07,1.205665095967394e-07,1.049050830544451e-07,1.399409547331968e-07,1.612463067781655e-07,1.399409596167637e-07,1.612966207975203e-07,1.399409715589421e-07,1.613611942643671e-07,1.399409547331968e-07,1.612463067781655e-07,1.399409596167637e-07,1.612966207975203e-07,1.399409715589421e-07,1.613611942643671e-07,1.399409547331968e-07,1.612463067781655e-07,1.399409596167637e-07,1.612966207975203e-07,1.399409715589421e-07,1.613611942643671e-07,1.399800118692505e-07,2.107538748378187e-07,1.399800123324492e-07,2.108064748534624e-07,1.399800193358898e-07,2.108733708159272e-07,1.399800118692505e-07,2.107538748378187e-07,1.399800123324492e-07,2.108064748534624e-07,1.399800193358898e-07,2.108733708159272e-07,1.399800118692505e-07,2.107538748378187e-07,1.399800123324492e-07,2.108064748534624e-07,1.399800193358898e-07,2.108733708159272e-07,1.390300038951188e-07,1.567870505757694e-07,1.390300113456499e-07,1.569724916395355e-07,1.390300228149625e-07,1.570308123692532e-07,1.390300038951188e-07,1.567870505757694e-07,1.390300113456499e-07,1.569724916395355e-07,1.390300228149625e-07,1.570308123692532e-07,1.390300038951188e-07,1.567870505757694e-07,1.390300113456499e-07,1.569724916395355e-07,1.390300228149625e-07,1.570308123692532e-07,1.390714859378674e-07,1.457843412959729e-07,1.390714489648741e-07,1.458346506076767e-07,1.390714635528476e-07,1.458912306739184e-07,1.390714859378674e-07,1.457843412959729e-07,1.390714489648741e-07,1.458346506076767e-07,1.390714635528476e-07,1.458912306739184e-07,1.390714859378674e-07,1.457843412959729e-07,1.390714489648741e-07,1.458346506076767e-07,1.390714635528476e-07,1.458912306739184e-07,1.386055143876189e-07,1.492607123538819e-07,1.386055270166576e-07,1.493076074730918e-07,1.386055471996691e-07,1.493624711276356e-07,1.386055143876189e-07,1.492607123538819e-07,1.386055270166576e-07,1.493076074730918e-07,1.386055471996691e-07,1.493624711276356e-07,1.386055143876189e-07,1.492607123538819e-07,1.386055270166576e-07,1.493076074730918e-07,1.386055471996691e-07,1.493624711276356e-07
1.5e-07,2.485144638365884e-07,1.5e-07,2.485564202609444e-07,1.5e-07,2.486229066498365e-07,1.5e-07,2.485144638365884e-07,1.5e-07,2.485564202609444e-07,1.5e-07,2.486229066498365e-07,1.5e-07,2.485144638365884e-07,1.5e-07,2.485564202609444e-07,1.5e-07,2.486229066498365e-07,1.5e-07,2.582842432264801e-07,1.5e-07,2.583275417648119e-07,1.5e-07,2.583935622426462e-07,1.5e-07,2.582842432264801e-07,1.5e-07,2.583275417648119e-07,1.5e-07,2.583935622426462e-07,1.5e-07,2.582842432264801e-07,1.5e-07,2.583275417648119e-07,1.5e-07,2.583935622426462e-07,1.5e-07,2.640253672021002e-07,1.5e-07,2.640676367091083e-07,1.5e-07,2.641328480959257e-07,1.5e-07,2.640253672021002e-07,1.5e-07,2.640676367091083e-07,1.5e-07,2.641328480959257e-07,1.5e-07,2.640253672021002e-07,1.5e-07,2.640676367091083e-07,1.5e-07,2.641328480959257e-07,1.31321194865386e-07,1.467280485289077e-07,1.313211948606856e-07,1.467758196437752e-07,1.313212035949438e-07,1.46840731084834e-07,1.31321194865386e-07,1.467280485289077e-07,1.313211948606856e-07,1.467758196437752e-07,1.313212035949438e-07,1.46840731084834e-07,1.31321194865386e-07,1.467280485289077e-07,1.313211948606856e-07,1.467758196437752e-07,1.313212035949438e-07,1.46840731084834e-07,1.5e-07,1.746977561533932e-07,1.5e-07,1.747545915300193e-07,1.5e-07,1.748194657358452e-07,1.5e-07,1.746977561533932e-07,1.5e-07,1.747545915300193e-07,1.5e-07,1.748194657358452e-07,1.5e-07,1.746977561533932e-07,1.5e-07,1.747545915300193e-07,1.5e-07,1.748194657358452e-07,1.5e-07,2.239922204819828e-07,1.5e-07,2.24049655125924e-07,1.5e-07,2.24114233335488e-07,1.5e-07,2.239922204819828e-07,1.5e-07,2.24049655125924e-07,1.5e-07,2.24114233335488e-07,1.5e-07,2.239922204819828e-07,1.5e-07,2.24049655125924e-07,1.5e-07,2.24114233335488e-07,1.5e-07,1.441721431123544e-07,1.5e-07,1.44351422306605e-07,1.5e-07,1.444004644483627e-07,1.5e-07,1.441721431123544e-07,1.5e-07,1.44351422306605e-07,1.5e-07,1.444004644483627e-07,1.5e-07,1.441721431123544e-07,1.5e-07,1.44351422306605e-07,1.5e-07,1.444004644483627e-07,1.5e-07,1.64730084942695e-07,1.5e-07,1.647754076356708e-07,1.5e-07,1.648346779848932e-07,1.5e-07,1.64730084942695e-07,1.5e-07,1.647754076356708e-07,1.5e-07,1.648346779848932e-07,1.5e-07,1.64730084942695e-07,1.5e-07,1.647754076356708e-07,1.5e-07,1.648346779848932e-07,1.5e-07,1.678898442583364e-07,1.5e-07,1.679374344272523e-07,1.5e-07,1.679949122781405e-07,1.5e-07,1.678898442583364e-07,1.5e-07,1.679374344272523e-07,1.5e-07,1.679949122781405e-07,1.5e-07,1.678898442583364e-07,1.5e-07,1.679374344272523e-07,1.5e-07,1.679949122781405e-07
1.50025e-07,2.470102388442272e-07,1.50025e-07,2.470521029963919e-07,1.50025e-07,2.471185442065838e-07,1.50025e-07,2.470102388442272e-07,1.50025e-07,2.470521029963919e-07,1.50025e-07,2.471185442065838e-07,1.50025e-07,2.470102388442272e-07,1.50025e-07,2.470521029963919e-07,1.50025e-07,2.471185442065838e-07,1.50025e-07,2.568824829082942e-07,1.50025e-07,2.569257002469688e-07,1.50025e-07,2.569917496186468e-07,1.50025e-07,2.568824829082942e-07,1.50025e-07,2.569257002469688e-07,1.50025e-07,2.569917496186468e-07,1.50025e-07,2.568824829082942e-07,1.50025e-07,2.569257002469688e-07,1.50025e-07,2.569917496186468e-07,1.50025e-07,2.626795973431109e-07,1.50025e-07,2.627218682566554e-07,1.50025e-07,2.627874292434663e-07,1.50025e-07,2.626795973431109e-07,1.50025e-07,2.627218682566554e-07,1.50025e-07,2.627874292434663e-07,1.50025e-07,2.626795973431109e-07,1.50025e-07,2.627218682566554e-07,1.50025e-07,2.627874292434663e-07,1.40660597432693e-07,1.661696574004614e-07,1.406605974303428e-07,1.662219722361868e-07,1.406606017974719e-07,1.662861533856698e-07,1.40660597432693e-07,1.661696574004614e-07,1.406605974303428e-07,1.662219722361868e-07,1.406606017974719e-07,1.662861533856698e-07,1.40660597432693e-07,1.661696574004614e-07,1.406605974303428e-07,1.662219722361868e-07,1.406606017974719e-07,1.662861533856698e-07,1.50025e-07,1.74374536914775e-07,1.50025e-07,1.744310770122547e-07,1.50025e-07,1.744956680409216e-07,1.50025e-07,1.74374536914775e-07,1.50025e-07,1.744310770122547e-07,1.50025e-07,1.744956680409216e-07,1.50025e-07,1.74374536914775e-07,1.50025e-07,1.744310770122547e-07,1.50025e-07,1.744956680409216e-07,1.50025e-07,2.237181212007612e-07,1.50025e-07,2.237753814566304e-07,1.50025e-07,2.238412074208707e-07,1.50025e-07,2.237181212007612e-07,1.50025e-07,2.237753814566304e-07,1.50025e-07,2.238412074208707e-07,1.50025e-07,2.237181212007612e-07,1.50025e-07,2.237753814566304e-07,1.50025e-07,2.238412074208707e-07,1.50025e-07,1.562708238516475e-07,1.50025e-07,1.564529794926532e-07,1.50025e-07,1.565086547067244e-07,1.50025e-07,1.562708238516475e-07,1.50025e-07,1.564529794926532e-07,1.50025e-07,1.565086547067244e-07,1.50025e-07,1.562708238516475e-07,1.50025e-07,1.564529794926532e-07,1.50025e-07,1.565086547067244e-07,1.50025e-07,1.647433214077336e-07,1.50025e-07,1.647905388265179e-07,1.50025e-07,1.648497125098673e-07,1.50025e-07,1.647433214077336e-07,1.50025e-07,1.647905388265179e-07,1.50025e-07,1.648497125098673e-07,1.50025e-07,1.647433214077336e-07,1.50025e-07,1.647905388265179e-07,1.50025e-07,1.648497125098673e-07,1.50025e-07,1.683161852804116e-07,1.50025e-07,1.683633642912305e-07,1.50025e-07,1.684207652989607e-07,1.50025e-07,1.683161852804116e-07,1.50025e-07,1.683633642912305e-07,1.50025e-07,1.684207652989607e-07,1.50025e-07,1.683161852804116e-07,1.50025e-07,1.683633642912305e-07,1.50025e-07,1.684207652989607e-07
1.500651008849258e-07,-5.27929073273181e-10,1.50065100884926e-07,-4.8323194831057e-10,1.50065100884926e-07,-4.208677500871428e-10,1.500651008849258e-07,-5.27929073273181e-10,1.50065100884926e-07,-4.8323194831057e-10,1.50065100884926e-07,-4.208677500871428e-10,1.500651008849258e-07,-5.27929073273181e-10,1.50065100884926e-07,-4.8323194831057e-10,1.50065100884926e-07,-4.208677500871428e-10,1.500650849210702e-07,1.533621069332044e-08,1.500650849210697e-07,1.537871584352034e-08,1.500650849210704e-07,1.544075551010538e-08,1.500650849210702e-07,1.533621069332044e-08,1.500650849210697e-07,1.537871584352034e-08,1.500650849210704e-07,1.544075551010538e-08,1.500650849210702e-07,1.533621069332044e-08,1.500650849210697e-07,1.537871584352034e-08,1.500650849210704e-07,1.544075551010538e-08,1.500650680832894e-07,2.708894673666544e-08,1.50065068083289e-07,2.713272518403275e-08,1.500650680832895e-07,2.719455414351642e-08,1.500650680832894e-07,2.708894673666544e-08,1.50065068083289e-07,2.713272518403275e-08,1.500650680832895e-07,2.719455414351642e-08,1.500650680832894e-07,2.708894673666544e-08,1.50065068083289e-07,2.713272518403275e-08,1.500650680832895e-07,2.719455414351642e-08,1.5e-07,1.783292598249857e-07,1.5e-07,1.7838735367183e-07,1.5e-07,1.784518710813486e-07,1.5e-07,1.783292598249857e-07,1.5e-07,1.7838735367183e-07,1.5e-07,1.784518710813486e-07,1.5e-07,1.783292598249857e-07,1.5e-07,1.7838735367183e-07,1.5e-07,1.784518710813486e-07,1.500650759496391e-07,-7.655157632967542e-08,1.500650759496386e-07,-7.649057710396322e-08,1.500650759496393e-07,-7.643027920045123e-08,1.500650759496391e-07,-7.655157632967542e-08,1.500650759496386e-07,-7.649057710396322e-08,1.500650759496393e-07,-7.643027920045123e-08,1.500650759496391e-07,-7.655157632967542e-08,1.500650759496386e-07,-7.649057710396322e-08,1.500650759496393e-07,-7.643027920045123e-08,1.500650588165232e-07,-2.091959471027344e-08,1.500650588165229e-07,-2.085794531821017e-08,1.500650588165233e-07,-2.079540281836102e-08,1.500650588165232e-07,-2.091959471027344e-08,1.500650588165229e-07,-2.085794531821017e-08,1.500650588165233e-07,-2.079540281836102e-08,1.500650588165232e-07,-2.091959471027344e-08,1.500650588165229e-07,-2.085794531821017e-08,1.500650588165233e-07,-2.079540281836102e-08,1.500650829930417e-07,-1.038543355740878e-07,1.500650829930418e-07,-1.036669335227048e-07,1.500650829930418e-07,-1.036155544907699e-07,1.500650829930417e-07,-1.038543355740878e-07,1.500650829930418e-07,-1.036669335227048e-07,1.500650829930418e-07,-1.036155544907699e-07,1.500650829930417e-07,-1.038543355740878e-07,1.500650829930418e-07,-1.036669335227048e-07,1.500650829930418e-07,-1.036155544907699e-07,1.500650659541739e-07,-9.467683973825174e-08,1.500650659541729e-07,-9.462436732726491e-08,1.500650659541738e-07,-9.456929516499933e-08,1.500650659541739e-07,-9.467683973825174e-08,1.500650659541729e-07,-9.462436732726491e-08,1.500650659541738e-07,-9.456929516499933e-08,1.500650659541739e-07,-9.467683973825174e-08,1.500650659541729e-07,-9.462436732726491e-08,1.500650659541738e-07,-9.456929516499933e-08,1.500650486844541e-07,-8.498880389270504e-08,1.500650486844537e-07,-8.493737941588497e-08,1.500650486844541e-07,-8.488400616199403e-08,1.500650486844541e-07,-8.498880389270504e-08,1.500650486844537e-07,-8.493737941588497e-08,1.500650486844541e-07,-8.488400616199403e-08,1.500650486844541e-07,-8.498880389270504e-08,1.500650486844537e-07,-8.493737941588497e-08,1.500650486844541e-07,-8.488400616199403e-08
1.500738256636944e-07,5.280765649264119e-07,1.500738256636945e-07,5.281421555769639e-07,1.500738256636945e-07,5.282085415508084e-07,1.500738256636944e-07,5.280765649264119e-07,1.500738256636945e-07,5.281421555769639e-07,1.500738256636945e-07,5.282085415508084e-07,1.500738256636944e-07,5.280765649264119e-07,1.500738256636945e-07,5.281421555769639e-07,1.500738256636945e-07,5.282085415508084e-07,1.500738136908027e-07,5.424893730212734e-07,1.500738136908023e-07,5.425332082677864e-07,1.500738136908028e-07,5.425992652812611e-07,1.500738136908027e-07,5.424893730212734e-07,1.500738136908023e-07,5.425332082677864e-07,1.500738136908028e-07,5.425992652812611e-07,1.500738136908027e-07,5.424893730212734e-07,1.500738136908023e-07,5.425332082677864e-07,1.500738136908028e-07,5.425992652812611e-07,1.500738010624671e-07,5.52983277880278e-07,1.500738010624668e-07,5.530113083146845e-07,1.500738010624671e-07,5.530771577527558e-07,1.500738010624671e-07,5.52983277880278e-07,1.500738010624668e-07,5.530113083146845e-07,1.500738010624671e-07,5.530771577527558e-07,1.500738010624671e-07,5.52983277880278e-07,1.500738010624668e-07,5.530113083146845e-07,1.500738010624671e-07,5.530771577527558e-07,1.50025e-07,1.779678944716753e-07,1.50025e-07,1.780257944754379e-07,1.50025e-07,1.780900889277482e-07,1.50025e-07,1.779678944716753e-07,1.50025e-07,1.780257944754379e-07,1.50025e-07,1.780900889277482e-07,1.50025e-07,1.779678944716753e-07,1.50025e-07,1.780257944754379e-07,1.50025e-07,1.780900889277482e-07,1.500738069622293e-07,4.004495031938318e-07,1.50073806962229e-07,4.005086226031569e-07,1.500738069622295e-07,4.005727578869017e-07,1.500738069622293e-07,4.004495031938318e-07,1.50073806962229e-07,4.005086226031569e-07,1.500738069622295e-07,4.005727578869017e-07,1.500738069622293e-07,4.004495031938318e-07,1.50073806962229e-07,4.005086226031569e-07,1.500738069622295e-07,4.005727578869017e-07,1.500737941123924e-07,4.546724575054176e-07,1.500737941123922e-07,4.547322892335628e-07,1.500737941123924e-07,4.547984500061358e-07,1.500737941123924e-07,4.546724575054176e-07,1.500737941123922e-07,4.547322892335628e-07,1.500737941123924e-07,4.547984500061358e-07,1.500737941123924e-07,4.546724575054176e-07,1.500737941123922e-07,4.547322892335628e-07,1.500737941123924e-07,4.547984500061358e-07,1.500738122447813e-07,3.225936911255971e-07,1.500738122447813e-07,3.227996754272325e-07,1.500738122447814e-07,3.228784025452625e-07,1.500738122447813e-07,3.225936911255971e-07,1.500738122447813e-07,3.227996754272325e-07,1.500738122447814e-07,3.228784025452625e-07,1.500738122447813e-07,3.225936911255971e-07,1.500738122447813e-07,3.227996754272325e-07,1.500738122447814e-07,3.228784025452625e-07,1.500737994656304e-07,3.32459750319083e-07,1.500737994656297e-07,3.325132351371064e-07,1.500737994656304e-07,3.325731547748666e-07,1.500737994656304e-07,3.32459750319083e-07,1.500737994656297e-07,3.325132351371064e-07,1.500737994656304e-07,3.325731547748666e-07,1.500737994656304e-07,3.32459750319083e-07,1.500737994656297e-07,3.325132351371064e-07,1.500737994656304e-07,3.325731547748666e-07,1.500737865133406e-07,3.415190300839255e-07,1.500737865133402e-07,3.415716501916194e-07,1.500737865133406e-07,3.416298962072709e-07,1.500737865133406e-07,3.415190300839255e-07,1.500737865133402e-07,3.415716501916194e-07,1.500737865133406e-07,3.416298962072709e-07,1.500737865133406e-07,3.415190300839255e-07,1.500737865133402e-07,3.415716501916194e-07,1.500737865133406e-07,3.416298962072709e-07
1.500770974557326e-07,1.177266094659114e-06,1.500770974557327e-07,1.177329304320556e-06,1.500770974557327e-07,1.177399093427882e-06,1.500770974557326e-07,1.177266094659114e-06,1.500770974557327e-07,1.177329304320556e-06,1.500770974557327e-07,1.177399093427882e-06,1.500770974557326e-07,1.177266094659114e-06,1.500770974557327e-07,1.177329304320556e-06,1.500770974557327e-07,1.177399093427882e-06,1.500869068454013e-07,1.479372693007882e-06,1.500869068454011e-07,1.479417748549533e-06,1.500869068454014e-07,1.479492699678826e-06,1.500869068454013e-07,1.479372693007882e-06,1.500869068454011e-07,1.479417748549533e-06,1.500869068454014e-07,1.479492699678826e-06,1.500869068454013e-07,1.479372693007882e-06,1.500869068454011e-07,1.479417748549533e-06,1.500869068454014e-07,1.479492699678826e-06,1.500869005312335e-07,1.424930996805072e-06,1.500869005312334e-07,1.424957375499329e-06,1.500869005312335e-07,1.425031558994977e-06,1.500869005312335e-07,1.424930996805072e-06,1.500869005312334e-07,1.424957375499329e-06,1.500869005312335e-07,1.425031558994977e-06,1.500869005312335e-07,1.424930996805072e-06,1.500869005312334e-07,1.424957375499329e-06,1.500869005312335e-07,1.425031558994977e-06,1.500650963824069e-07,-7.926024597832042e-08,1.500650963824065e-07,-7.919780452819033e-08,1.500650963824071e-07,-7.9137837856078e-08,1.500650963824069e-07,-7.926024597832042e-08,1.500650963824065e-07,-7.919780452819033e-08,1.500650963824071e-07,-7.9137837856078e-08,1.500650963824069e-07,-7.926024597832042e-08,1.500650963824065e-07,-7.919780452819033e-08,1.500650963824071e-07,-7.9137837856078e-08,1.500770810919506e-07,9.859346213734179e-07,1.500770810919503e-07,9.859870239648e-07,1.500770810919508e-07,9.860527510073571e-07,1.500770810919506e-07,9.859346213734179e-07,1.500770810919503e-07,9.859870239648e-07,1.500770810919508e-07,9.860527510073571e-07,1.500770810919506e-07,9.859346213734179e-07,1.500770810919503e-07,9.859870239648e-07,1.500770810919508e-07,9.860527510073571e-07,1.500770698483433e-07,1.03653878618246e-06,1.500770698483432e-07,1.036591988070066e-06,1.500770698483434e-07,1.036659570967387e-06,1.500770698483433e-07,1.03653878618246e-06,1.500770698483432e-07,1.036591988070066e-06,1.500770698483434e-07,1.036659570967387e-06,1.500770698483433e-07,1.03653878618246e-06,1.500770698483432e-07,1.036591988070066e-06,1.500770698483434e-07,1.036659570967387e-06,1.500770857141836e-07,8.524244073873787e-07,1.500770857141837e-07,8.526175770223228e-07,1.500770857141837e-07,8.526872342029141e-07,1.500770857141836e-07,8.524244073873787e-07,1.500770857141837e-07,8.526175770223228e-07,1.500770857141837e-07,8.526872342029141e-07,1.500770857141836e-07,8.524244073873787e-07,1.500770857141837e-07,8.526175770223228e-07,1.500770857141837e-07,8.526872342029141e-07,1.500770745324266e-07,8.60157274793259e-07,1.50077074532426e-07,8.602017775763308e-07,1.500770745324265e-07,8.60257458496547e-07,1.500770745324266e-07,8.60157274793259e-07,1.50077074532426e-07,8.602017775763308e-07,1.500770745324265e-07,8.60257458496547e-07,1.500770745324266e-07,8.60157274793259e-07,1.50077074532426e-07,8.602017775763308e-07,1.500770745324265e-07,8.60257458496547e-07,1.50077063199173e-07,8.66639414792758e-07,1.500770631991727e-07,8.666830628214485e-07,1.50077063199173e-07,8.66737078906291e-07,1.50077063199173e-07,8.66639414792758e-07,1.500770631991727e-07,8.666830628214485e-07,1.50077063199173e-07,8.66737078906291e-07,1.50077063199173e-07,8.66639414792758e-07,1.500770631991727e-07,8.666830628214485e-07,1.50077063199173e-07,8.66737078906291e-07
1.50083641039809e-07,2.703817984350203e-06,1.50083641039809e-07,2.703880768645375e-06,1.500836410398091e-07,2.703966998446056e-06,1.50083641039809e-07,2.703817984350203e-06,1.50083641039809e-07,2.703880768645375e-06,1.500836410398091e-07,2.703966998446056e-06,1.50083641039809e-07,2.703817984350203e-06,1.50083641039809e-07,2.703880768645375e-06,1.500836410398091e-07,2.703966998446056e-06,1.500934534227007e-07,-4.87436400021096e-06,1.500934534227006e-07,-4.874309135043194e-06,1.500934534227007e-07,-4.874268588612327e-06,1.500934534227007e-07,-4.87436400021096e-06,1.500934534227006e-07,-4.874309135043194e-06,1.500934534227007e-07,-4.874268588612327e-06,1.500934534227007e-07,-4.87436400021096e-06,1.500934534227006e-07,-4.874309135043194e-06,1.500934534227007e-07,-4.874268588612327e-06,1.500934502656168e-07,-5.062428609376123e-06,1.500934502656167e-07,-5.062329767842436e-06,1.500934502656168e-07,-5.062291427928916e-06,1.500934502656168e-07,-5.062428609376123e-06,1.500934502656167e-07,-5.062329767842436e-06,1.500934502656168e-07,-5.062291427928916e-06,1.500934502656168e-07,-5.062428609376123e-06,1.500934502656167e-07,-5.062329767842436e-06,1.500934502656168e-07,-5.062291427928916e-06,1.500738222868052e-07,3.985492412062268e-07,1.500738222868049e-07,3.986098605220736e-07,1.500738222868053e-07,3.98673514431311e-07,1.500738222868052e-07,3.985492412062268e-07,1.500738222868049e-07,3.986098605220736e-07,1.500738222868053e-07,3.98673514431311e-07,1.500738222868052e-07,3.985492412062268e-07,1.500738222868049e-07,3.986098605220736e-07,1.500738222868053e-07,3.98673514431311e-07,1.500836293513933e-07,2.613060856965631e-06,1.500836293513931e-07,2.613098404512763e-06,1.500836293513934e-07,2.613180236049288e-06,1.500836293513933e-07,2.613060856965631e-06,1.500836293513931e-07,2.613098404512763e-06,1.500836293513934e-07,2.613180236049288e-06,1.500836293513933e-07,2.613060856965631e-06,1.500836293513931e-07,2.613098404512763e-06,1.500836293513934e-07,2.613180236049288e-06,1.500836213202452e-07,2.653811764806291e-06,1.500836213202451e-07,2.653850362892115e-06,1.500836213202453e-07,2.653933637520239e-06,1.500836213202452e-07,2.653811764806291e-06,1.500836213202451e-07,2.653850362892115e-06,1.500836213202453e-07,2.653933637520239e-06,1.500836213202452e-07,2.653811764806291e-06,1.500836213202451e-07,2.653850362892115e-06,1.500836213202453e-07,2.653933637520239e-06,1.500836326529883e-07,2.536170792204809e-06,1.500836326529883e-07,2.536345850517047e-06,1.500836326529883e-07,2.536422749173552e-06,1.500836326529883e-07,2.536170792204809e-06,1.500836326529883e-07,2.536345850517047e-06,1.500836326529883e-07,2.536422749173552e-06,1.500836326529883e-07,2.536170792204809e-06,1.500836326529883e-07,2.536345850517047e-06,1.500836326529883e-07,2.536422749173552e-06,1.50083624666019e-07,2.538342035871009e-06,1.500836246660186e-07,2.538374942284341e-06,1.500836246660189e-07,2.538446310055732e-06,1.50083624666019e-07,2.538342035871009e-06,1.500836246660186e-07,2.538374942284341e-06,1.500836246660189e-07,2.538446310055732e-06,1.50083624666019e-07,2.538342035871009e-06,1.500836246660186e-07,2.538374942284341e-06,1.500836246660189e-07,2.538446310055732e-06,1.500836165708379e-07,2.538693019387018e-06,1.500836165708376e-07,2.538725088279059e-06,1.500836165708379e-07,2.538794807683918e-06,1.500836165708379e-07,2.538693019387018e-06,1.500836165708376e-07,2.538725088279059e-06,1.500836165708379e-07,2.538794807683918e-06,1.500836165708379e-07,2.538693019387018e-06,1.500836165708376e-07,2.538725088279059e-06,1.500836165708379e-07,2.538794807683918e-06
1.500911451728128e-07,-1.744768844034403e-06,1.500911451730402e-07,-1.744709703640143e-06,1.500911451733313e-07,-1.744644384767111e-06,1.500911451728128e-07,-1.744768844034403e-06,1.500911451730402e-07,-1.744709703640143e-06,1.500911451733313e-07,-1.744644384767111e-06,1.500911451728128e-07,-1.744768844034403e-06,1.500911451730402e-07,-1.744709703640143e-06,1.500911451733313e-07,-1.744644384767111e-06,1.501e-07,-2.124476474907773e-05,1.501e-07,-2.124456404246613e-05,1.501e-07,-2.124471002116517e-05,1.501e-07,-2.124476474907773e-05,1.501e-07,-2.124456404246613e-05,1.501e-07,-2.124471002116517e-05,1.501e-07,-2.124476474907773e-05,1.501e-07,-2.124456404246613e-05,1.501e-07,-2.124471002116517e-05,1.501e-07,-2.16060969919789e-05,1.501e-07,-2.160588517935764e-05,1.501e-07,-2.160603601021779e-05,1.501e-07,-2.16060969919789e-05,1.501e-07,-2.160588517935764e-05,1.501e-07,-2.160603601021779e-05,1.501e-07,-2.16060969919789e-05,1.501e-07,-2.160588517935764e-05,1.501e-07,-2.160603601021779e-05,1.500770945009545e-07,9.874632421982029e-07,1.500770945009543e-07,9.875171970394456e-07,1.500770945009547e-07,9.875823162539732e-07,1.500770945009545e-07,9.874632421982029e-07,1.500770945009543e-07,9.875171970394456e-07,1.500770945009547e-07,9.875823162539732e-07,1.500770945009545e-07,9.874632421982029e-07,1.500770945009543e-07,9.875171970394456e-07,1.500770945009547e-07,9.875823162539732e-07,1.500907646887328e-07,-2.696172681970264e-07,1.500907646886882e-07,-2.695592276412714e-07,1.500907646886297e-07,-2.694877055493797e-07,1.500907646887328e-07,-2.696172681970264e-07,1.500907646886882e-07,-2.695592276412714e-07,1.500907646886297e-07,-2.694877055493797e-07,1.500907646887328e-07,-2.696172681970264e-07,1.500907646886882e-07,-2.695592276412714e-07,1.500907646886297e-07,-2.694877055493797e-07,1.500907138520427e-07,-2.628457896608347e-07,1.500907138519995e-07,-2.627867108797657e-07,1.50090713851942e-07,-2.627134736059508e-07,1.500907138520427e-07,-2.628457896608347e-07,1.500907138519995e-07,-2.627867108797657e-07,1.50090713851942e-07,-2.627134736059508e-07,1.500907138520427e-07,-2.628457896608347e-07,1.500907138519995e-07,-2.627867108797657e-07,1.50090713851942e-07,-2.627134736059508e-07,1.500905977039132e-07,9.964686501898096e-07,1.500905977038694e-07,9.966455977088199e-07,1.500905977038034e-07,9.9672276015288e-07,1.500905977039132e-07,9.964686501898096e-07,1.500905977038694e-07,9.966455977088199e-07,1.500905977038034e-07,9.9672276015288e-07,1.500905977039132e-07,9.964686501898096e-07,1.500905977038694e-07,9.966455977088199e-07,1.500905977038034e-07,9.9672276015288e-07,1.500905585163908e-07,9.438584152972865e-07,1.500905585163449e-07,9.438972720101325e-07,1.500905585162771e-07,9.439732360162531e-07,1.500905585163908e-07,9.438584152972865e-07,1.500905585163449e-07,9.438972720101325e-07,1.500905585162771e-07,9.439732360162531e-07,1.500905585163908e-07,9.438584152972865e-07,1.500905585163449e-07,9.438972720101325e-07,1.500905585162771e-07,9.439732360162531e-07,1.500905189365387e-07,8.958744601040063e-07,1.500905189364939e-07,8.959128416729731e-07,1.500905189364272e-07,8.959868149245842e-07,1.500905189365387e-07,8.958744601040063e-07,1.500905189364939e-07,8.959128416729731e-07,1.500905189364272e-07,8.959868149245842e-07,1.500905189365387e-07,8.958744601040063e-07,1.500905189364939e-07,8.959128416729731e-07,1.500905189364272e-07,8.959868149245842e-07
1.500955725864064e-07,-1.05312325971097e-05,1.500955725865201e-07,-1.053112262501012e-05,1.500955725866657e-07,-1.053112351315577e-05,1.500955725864064e-07,-1.05312325971097e-05,1.500955725865201e-07,-1.053112262501012e-05,1.500955725866657e-07,-1.053112351315577e-05,1.500955725864064e-07,-1.05312325971097e-05,1.500955725865201e-07,-1.053112262501012e-05,1.500955725866657e-07,-1.053112351315577e-05,1.501032083557331e-07,-3.022727647725703e-05,1.501032083557377e-07,-3.022695963113464e-05,1.501032083557306e-07,-3.022721112486964e-05,1.501032083557331e-07,-3.022727647725703e-05,1.501032083557377e-07,-3.022695963113464e-05,1.501032083557306e-07,-3.022721112486964e-05,1.501032083557331e-07,-3.022727647725703e-05,1.501032083557377e-07,-3.022695963113464e-05,1.501032083557306e-07,-3.022721112486964e-05,1.501032149771423e-07,-3.058216790678861e-05,1.501032149771504e-07,-3.058184536058231e-05,1.501032149771454e-07,-3.058210199670805e-05,1.501032149771423e-07,-3.058216790678861e-05,1.501032149771504e-07,-3.058184536058231e-05,1.501032149771454e-07,-3.058210199670805e-05,1.501032149771423e-07,-3.058216790678861e-05,1.501032149771504e-07,-3.058184536058231e-05,1.501032149771454e-07,-3.058210199670805e-05,1.500836389292532e-07,2.625267924137128e-06,1.500836389292531e-07,2.625307145363348e-06,1.500836389292533e-07,2.625388079807604e-06,1.500836389292532e-07,2.625267924137128e-06,1.500836389292531e-07,2.625307145363348e-06,1.500836389292533e-07,2.625388079807604e-06,1.500836389292532e-07,2.625267924137128e-06,1.500836389292531e-07,2.625307145363348e-06,1.500836389292533e-07,2.625388079807604e-06,1.500953823443664e-07,-8.176837586233113e-06,1.500953823443441e-07,-8.176707106507e-06,1.500953823443148e-07,-8.17668727890345e-06,1.500953823443664e-07,-8.176837586233113e-06,1.500953823443441e-07,-8.176707106507e-06,1.500953823443148e-07,-8.17668727890345e-06,1.500953823443664e-07,-8.176837586233113e-06,1.500953823443441e-07,-8.176707106507e-06,1.500953823443148e-07,-8.17668727890345e-06,1.500953569260214e-07,-8.314703134322763e-06,1.500953569259998e-07,-8.314568531332259e-06,1.50095356925971e-07,-8.314548997593644e-06,1.500953569260214e-07,-8.314703134322763e-06,1.500953569259998e-07,-8.314568531332259e-06,1.50095356925971e-07,-8.314548997593644e-06,1.500953569260214e-07,-8.314703134322763e-06,1.500953569259998e-07,-8.314568531332259e-06,1.50095356925971e-07,-8.314548997593644e-06,1.500952988519566e-07,-5.697155728123945e-06,1.500952988519347e-07,-5.696931684573813e-06,1.500952988519017e-07,-5.696890050259201e-06,1.500952988519566e-07,-5.697155728123945e-06,1.500952988519347e-07,-5.696931684573813e-06,1.500952988519017e-07,-5.696890050259201e-06,1.500952988519566e-07,-5.697155728123945e-06,1.500952988519347e-07,-5.696931684573813e-06,1.500952988519017e-07,-5.696890050259201e-06,1.500952792581954e-07,-5.877611792545383e-06,1.500952792581724e-07,-5.877525364279757e-06,1.500952792581386e-07,-5.8774812784458e-06,1.500952792581954e-07,-5.877611792545383e-06,1.500952792581724e-07,-5.877525364279757e-06,1.500952792581386e-07,-5.8774812784458e-06,1.500952792581954e-07,-5.877611792545383e-06,1.500952792581724e-07,-5.877525364279757e-06,1.500952792581386e-07,-5.8774812784458e-06,1.500952594682694e-07,-6.051875416577752e-06,1.500952594682469e-07,-6.051789564324571e-06,1.500952594682136e-07,-6.051752443581831e-06,1.500952594682694e-07,-6.051875416577752e-06,1.500952594682469e-07,-6.051789564324571e-06,1.500952594682136e-07,-6.051752443581831e-06,1.500952594682694e-07,-6.051875416577752e-06,1.500952594682469e-07,-6.051789564324571e-06,1.500952594682136e-07,-6.051752443581831e-06
1.501e-07,-2.31475615461555e-05,1.501e-07,-2.31473437370653e-05,1.501e-07,-2.314750214155221e-05,1.501e-07,-2.31475615461555e-05,1.501e-07,-2.31473437370653e-05,1.501e-07,-2.314750214155221e-05,1.501e-07,-2.31475615461555e-05,1.501e-07,-2.31473437370653e-05,1.501e-07,-2.314750214155221e-05,1.501086806798213e-07,-4.243872878336236e-05,1.501086806798273e-07,-4.24382367393994e-05,1.501086806798182e-07,-4.243867341313554e-05,1.501086806798213e-07,-4.243872878336236e-05,1.501086806798273e-07,-4.24382367393994e-05,1.501086806798182e-07,-4.243867341313554e-05,1.501086806798213e-07,-4.243872878336236e-05,1.501086806798273e-07,-4.24382367393994e-05,1.501086806798182e-07,-4.243867341313554e-05,1.501086882766567e-07,-4.254457751644808e-05,1.501086882766672e-07,-4.254408485816572e-05,1.501086882766608e-07,-4.254452569860377e-05,1.501086882766567e-07,-4.254457751644808e-05,1.501086882766672e-07,-4.254408485816572e-05,1.501086882766608e-07,-4.254452569860377e-05,1.501086882766567e-07,-4.254457751644808e-05,1.501086882766672e-07,-4.254408485816572e-05,1.501086882766608e-07,-4.254452569860377e-05,1.500908194280486e-07,-2.077255828848625e-07,1.500908194280029e-07,-2.076665958776294e-07,1.500908194279426e-07,-2.07594880056133e-07,1.500908194280486e-07,-2.077255828848625e-07,1.500908194280029e-07,-2.076665958776294e-07,1.500908194279426e-07,-2.07594880056133e-07,1.500908194280486e-07,-2.077255828848625e-07,1.500908194280029e-07,-2.076665958776294e-07,1.500908194279426e-07,-2.07594880056133e-07,1.501e-07,-2.086238402789562e-05,1.501e-07,-2.086215648374468e-05,1.501e-07,-2.086230007297603e-05,1.501e-07,-2.086238402789562e-05,1.501e-07,-2.086215648374468e-05,1.501e-07,-2.086230007297603e-05,1.501e-07,-2.086238402789562e-05,1.501e-07,-2.086215648374468e-05,1.501e-07,-2.086230007297603e-05,1.501e-07,-2.115075655407539e-05,1.501e-07,-2.115052613005491e-05,1.501e-07,-2.115067065240757e-05,1.501e-07,-2.115075655407539e-05,1.501e-07,-2.115052613005491e-05,1.501e-07,-2.115067065240757e-05,1.501e-07,-2.115075655407539e-05,1.501e-07,-2.115052613005491e-05,1.501e-07,-2.115067065240757e-05,1.501e-07,-1.771269893230587e-05,1.501e-07,-1.771238823959389e-05,1.501e-07,-1.771251058811884e-05,1.501e-07,-1.771269893230587e-05,1.501e-07,-1.771238823959389e-05,1.501e-07,-1.771251058811884e-05,1.501e-07,-1.771269893230587e-05,1.501e-07,-1.771238823959389e-05,1.501e-07,-1.771251058811884e-05,1.501e-07,-1.807760268465636e-05,1.501e-07,-1.807742138773922e-05,1.501e-07,-1.807754116055411e-05,1.501e-07,-1.807760268465636e-05,1.501e-07,-1.807742138773922e-05,1.501e-07,-1.807754116055411e-05,1.501e-07,-1.807760268465636e-05,1.501e-07,-1.807742138773922e-05,1.501e-07,-1.807754116055411e-05,1.501e-07,-1.842877107277238e-05,1.501e-07,-1.842858488479583e-05,1.501e-07,-1.842871147245846e-05,1.501e-07,-1.842877107277238e-05,1.501e-07,-1.842858488479583e-05,1.501e-07,-1.842871147245846e-05,1.501e-07,-1.842877107277238e-05,1.501e-07,-1.842858488479583e-05,1.501e-07,-1.842871147245846e-05
1.501031479838725e-07,-3.180930813746919e-05,1.501031479838574e-07,-3.180897553354615e-05,1.501031479838524e-07,-3.180923888372035e-05,1.501031479838725e-07,-3.180930813746919e-05,1.501031479838574e-07,-3.180897553354615e-05,1.501031479838524e-07,-3.180923888372035e-05,1.501031479838725e-07,-3.180930813746919e-05,1.501031479838574e-07,-3.180897553354615e-05,1.501031479838524e-07,-3.180923888372035e-05,1.501139339836079e-07,-4.609510654323819e-05,1.501139339836558e-07,-4.609452794380027e-05,1.501139339836055e-07,-4.609505281928134e-05,1.501139339836079e-07,-4.609510654323819e-05,1.501139339836558e-07,-4.609452794380027e-05,1.501139339836055e-07,-4.609505281928134e-05,1.501139339836079e-07,-4.609510654323819e-05,1.501139339836558e-07,-4.609452794380027e-05,1.501139339836055e-07,-4.609505281928134e-05,1.501139110045337e-07,-4.570693546001064e-05,1.501139110046015e-07,-4.570636528579351e-05,1.501139110045531e-07,-4.570688643294586e-05,1.501139110045337e-07,-4.570693546001064e-05,1.501139110046015e-07,-4.570636528579351e-05,1.501139110045531e-07,-4.570688643294586e-05,1.501139110045337e-07,-4.570693546001064e-05,1.501139110046015e-07,-4.570636528579351e-05,1.501139110045531e-07,-4.570688643294586e-05,1.500954097140243e-07,-7.974798461348746e-06,1.500954097140015e-07,-7.974667127093646e-06,1.500954097139713e-07,-7.974647072428612e-06,1.500954097140243e-07,-7.974798461348746e-06,1.500954097140015e-07,-7.974667127093646e-06,1.500954097139713e-07,-7.974647072428612e-06,1.500954097140243e-07,-7.974798461348746e-06,1.500954097140015e-07,-7.974667127093646e-06,1.500954097139713e-07,-7.974647072428612e-06,1.501030922681975e-07,-2.964170360269274e-05,1.501030922682009e-07,-2.964136755814059e-05,1.501030922682005e-07,-2.964161134515382e-05,1.501030922681975e-07,-2.964170360269274e-05,1.501030922682009e-07,-2.964136755814059e-05,1.501030922682005e-07,-2.964161134515382e-05,1.501030922681975e-07,-2.964170360269274e-05,1.501030922682009e-07,-2.964136755814059e-05,1.501030922682005e-07,-2.964161134515382e-05,1.501031006324078e-07,-2.996134822831958e-05,1.5010310063241e-07,-2.996100774231205e-05,1.501031006324102e-07,-2.996125345600412e-05,1.501031006324078e-07,-2.996134822831958e-05,1.5010310063241e-07,-2.996100774231205e-05,1.501031006324102e-07,-2.996125345600412e-05,1.501031006324078e-07,-2.996134822831958e-05,1.5010310063241e-07,-2.996100774231205e-05,1.501031006324102e-07,-2.996125345600412e-05,1.501030539169197e-07,-2.651754103540803e-05,1.501030539169376e-07,-2.651713284447899e-05,1.501030539169258e-07,-2.651736845953857e-05,1.501030539169197e-07,-2.651754103540803e-05,1.501030539169376e-07,-2.651713284447899e-05,1.501030539169258e-07,-2.651736845953857e-05,1.501030539169197e-07,-2.651754103540803e-05,1.501030539169376e-07,-2.651713284447899e-05,1.501030539169258e-07,-2.651736845953857e-05,1.501030552851895e-07,-2.690310640477403e-05,1.501030552852029e-07,-2.690282583314258e-05,1.501030552851942e-07,-2.690305999421215e-05,1.501030552851895e-07,-2.690310640477403e-05,1.501030552852029e-07,-2.690282583314258e-05,1.501030552851942e-07,-2.690305999421215e-05,1.501030552851895e-07,-2.690310640477403e-05,1.501030552852029e-07,-2.690282583314258e-05,1.501030552851942e-07,-2.690305999421215e-05,1.501030550283321e-07,-2.726412123337282e-05,1.501030550283438e-07,-2.726383545031113e-05,1.501030550283351e-07,-2.72640763737632e-05,1.501030550283321e-07,-2.726412123337282e-05,1.501030550283438e-07,-2.726383545031113e-05,1.501030550283351e-07,-2.72640763737632e-05,1.501030550283321e-07,-2.726412123337282e-05,1.501030550283438e-07,-2.726383545031113e-05,1.501030550283351e-07,-2.72640763737632e-05
1.501076918287488e-07,-4.225938071337989e-05,1.501076918286775e-07,-4.225889796858638e-05,1.501076918286049e-07,-4.225931959508931e-05,1.501076918287488e-07,-4.225938071337989e-05,1.501076918286775e-07,-4.225889796858638e-05,1.501076918286049e-07,-4.225931959508931e-05,1.501076918287488e-07,-4.225938071337989e-05,1.501076918286775e-07,-4.225889796858638e-05,1.501076918286049e-07,-4.225931959508931e-05,1.501194035583758e-07,-4.037174838798548e-05,1.501194035583184e-07,-4.03713423362476e-05,1.501194035583823e-07,-4.037169752874026e-05,1.501194035583758e-07,-4.037174838798548e-05,1.501194035583184e-07,-4.03713423362476e-05,1.501194035583823e-07,-4.037169752874026e-05,1.501194035583758e-07,-4.037174838798548e-05,1.501194035583184e-07,-4.03713423362476e-05,1.501194035583823e-07,-4.037169752874026e-05,1.501193296399809e-07,-3.959115205416327e-05,1.501193296399316e-07,-3.959075188577826e-05,1.501193296400073e-07,-3.959110639657514e-05,1.501193296399809e-07,-3.959115205416327e-05,1.501193296399316e-07,-3.959075188577826e-05,1.501193296400073e-07,-3.959110639657514e-05,1.501193296399809e-07,-3.959115205416327e-05,1.501193296399316e-07,-3.959075188577826e-05,1.501193296400073e-07,-3.959110639657514e-05,1.501e-07,-2.046946053074827e-05,1.501e-07,-2.046923718522865e-05,1.501e-07,-2.046937616867655e-05,1.501e-07,-2.046946053074827e-05,1.501e-07,-2.046923718522865e-05,1.501e-07,-2.046937616867655e-05,1.501e-07,-2.046946053074827e-05,1.501e-07,-2.046923718522865e-05,1.501e-07,-2.046937616867655e-05,1.501077008418116e-07,-4.087378414849707e-05,1.501077008418261e-07,-4.087330198296328e-05,1.501077008418387e-07,-4.087370456240686e-05,1.501077008418116e-07,-4.087378414849707e-05,1.501077008418261e-07,-4.087330198296328e-05,1.501077008418387e-07,-4.087370456240686e-05,1.501077008418116e-07,-4.087378414849707e-05,1.501077008418261e-07,-4.087330198296328e-05,1.501077008418387e-07,-4.087370456240686e-05,1.501077213273021e-07,-4.10694729588912e-05,1.501077213273147e-07,-4.106898528392099e-05,1.501077213273279e-07,-4.106939154056574e-05,1.501077213273021e-07,-4.10694729588912e-05,1.501077213273147e-07,-4.106898528392099e-05,1.501077213273279e-07,-4.106939154056574e-05,1.501077213273021e-07,-4.10694729588912e-05,1.501077213273147e-07,-4.106898528392099e-05,1.501077213273279e-07,-4.106939154056574e-05,1.501076882869432e-07,-3.860372100626796e-05,1.501076882869766e-07,-3.860315020335064e-05,1.501076882869758e-07,-3.860352676199758e-05,1.501076882869432e-07,-3.860372100626796e-05,1.501076882869766e-07,-3.860315020335064e-05,1.501076882869758e-07,-3.860352676199758e-05,1.501076882869432e-07,-3.860372100626796e-05,1.501076882869766e-07,-3.860315020335064e-05,1.501076882869758e-07,-3.860352676199758e-05,1.501076968818077e-07,-3.892306826997175e-05,1.501076968818356e-07,-3.892262422597755e-05,1.501076968818393e-07,-3.892300034513512e-05,1.501076968818077e-07,-3.892306826997175e-05,1.501076968818356e-07,-3.892262422597755e-05,1.501076968818393e-07,-3.892300034513512e-05,1.501076968818077e-07,-3.892306826997175e-05,1.501076968818356e-07,-3.892262422597755e-05,1.501076968818393e-07,-3.892300034513512e-05,1.501077033712163e-07,-3.920150148128309e-05,1.501077033712417e-07,-3.920105234255026e-05,1.501077033712451e-07,-3.920143520979408e-05,1.501077033712163e-07,-3.920150148128309e-05,1.501077033712417e-07,-3.920105234255026e-05,1.501077033712451e-07,-3.920143520979408e-05,1.501077033712163e-07,-3.920150148128309e-05,1.501077033712417e-07,-3.920105234255026e-05,1.501077033712451e-07,-3.920143520979408e-05
1.501122503192399e-07,-4.700243871990728e-05,1.501122503191196e-07,-4.700184197661909e-05,1.501122503189895e-07,-4.700238232429753e-05,1.501122503192399e-07,-4.700243871990728e-05,1.501122503191196e-07,-4.700184197661909e-05,1.501122503189895e-07,-4.700238232429753e-05,1.501122503192399e-07,-4.700243871990728e-05,1.501122503191196e-07,-4.700184197661909e-05,1.501122503189895e-07,-4.700238232429753e-05,1.501254673420721e-07,-2.767865833650149e-05,1.501254673419684e-07,-2.767841231954258e-05,1.501254673420628e-07,-2.767865213850458e-05,1.501254673420721e-07,-2.767865833650149e-05,1.501254673419684e-07,-2.767841231954258e-05,1.501254673420628e-07,-2.767865213850458e-05,1.501254673420721e-07,-2.767865833650149e-05,1.501254673419684e-07,-2.767841231954258e-05,1.501254673420628e-07,-2.767865213850458e-05,1.501253215960646e-07,-2.686706791682162e-05,1.501253215959646e-07,-2.686682481875098e-05,1.501253215960719e-07,-2.686706569355205e-05,1.501253215960646e-07,-2.686706791682162e-05,1.501253215959646e-07,-2.686682481875098e-05,1.501253215960719e-07,-2.686706569355205e-05,1.501253215960646e-07,-2.686706791682162e-05,1.501253215959646e-07,-2.686682481875098e-05,1.501253215960719e-07,-2.686706569355205e-05,1.501030866142314e-07,-2.923776636347531e-05,1.501030866142361e-07,-2.923743517726667e-05,1.501030866142344e-07,-2.92376732234733e-05,1.501030866142314e-07,-2.923776636347531e-05,1.501030866142361e-07,-2.923743517726667e-05,1.501030866142344e-07,-2.92376732234733e-05,1.501030866142314e-07,-2.923776636347531e-05,1.501030866142361e-07,-2.923743517726667e-05,1.501030866142344e-07,-2.92376732234733e-05,1.501123082840404e-07,-4.663533315730557e-05,1.501123082840645e-07,-4.663473228529768e-05,1.501123082840882e-07,-4.663525438874068e-05,1.501123082840404e-07,-4.663533315730557e-05,1.501123082840645e-07,-4.663473228529768e-05,1.501123082840882e-07,-4.663525438874068e-05,1.501123082840404e-07,-4.663533315730557e-05,1.501123082840645e-07,-4.663473228529768e-05,1.501123082840882e-07,-4.663525438874068e-05,1.501123392384405e-07,-4.643939051452229e-05,1.50112339238462e-07,-4.64387880772731e-05,1.501123392384862e-07,-4.643931049688236e-05,1.501123392384405e-07,-4.643939051452229e-05,1.50112339238462e-07,-4.64387880772731e-05,1.501123392384862e-07,-4.643931049688236e-05,1.501123392384405e-07,-4.643939051452229e-05,1.50112339238462e-07,-4.64387880772731e-05,1.501123392384862e-07,-4.643931049688236e-05,1.50112314361137e-07,-4.606595605592356e-05,1.501123143611853e-07,-4.60652633448497e-05,1.501123143611928e-07,-4.606577371714668e-05,1.50112314361137e-07,-4.606595605592356e-05,1.501123143611853e-07,-4.60652633448497e-05,1.501123143611928e-07,-4.606577371714668e-05,1.50112314361137e-07,-4.606595605592356e-05,1.501123143611853e-07,-4.60652633448497e-05,1.501123143611928e-07,-4.606577371714668e-05,1.501123286595357e-07,-4.605506133853532e-05,1.501123286595769e-07,-4.605449696117903e-05,1.501123286595904e-07,-4.605500157123172e-05,1.501123286595357e-07,-4.605506133853532e-05,1.501123286595769e-07,-4.605449696117903e-05,1.501123286595904e-07,-4.605500157123172e-05,1.501123286595357e-07,-4.605506133853532e-05,1.501123286595769e-07,-4.605449696117903e-05,1.501123286595904e-07,-4.605500157123172e-05,1.501123402922846e-07,-4.59960810933556e-05,1.501123402923226e-07,-4.599551666797709e-05,1.501123402923355e-07,-4.599602309992975e-05,1.501123402922846e-07,-4.59960810933556e-05,1.501123402923226e-07,-4.599551666797709e-05,1.501123402923355e-07,-4.599602309992975e-05,1.501123402922846e-07,-4.59960810933556e-05,1.501123402923226e-07,-4.599551666797709e-05,1.501123402923355e-07,-4.599602309992975e-05
1.501181386744227e-07,-4.315511550452444e-05,1.501181386742922e-07,-4.31546837905431e-05,1.501181386742757e-07,-4.315506939154098e-05,1.501181386744227e-07,-4.315511550452444e-05,1.501181386742922e-07,-4.31546837905431e-05,1.501181386742757e-07,-4.315506939154098e-05,1.501181386744227e-07,-4.315511550452444e-05,1.501181386742922e-07,-4.31546837905431e-05,1.501181386742757e-07,-4.315506939154098e-05,1.501317318782507e-07,-1.513928512100397e-05,1.501317318777646e-07,-1.513913674116944e-05,1.501317318783492e-07,-1.513930142639043e-05,1.501317318782507e-07,-1.513928512100397e-05,1.501317318777646e-07,-1.513913674116944e-05,1.501317318783492e-07,-1.513930142639043e-05,1.501317318782507e-07,-1.513928512100397e-05,1.501317318777646e-07,-1.513913674116944e-05,1.501317318783492e-07,-1.513930142639043e-05,1.501316414769573e-07,-1.428318257381424e-05,1.501316414764663e-07,-1.428303727607728e-05,1.501316414770859e-07,-1.428320216016863e-05,1.501316414769573e-07,-1.428318257381424e-05,1.501316414764663e-07,-1.428303727607728e-05,1.501316414770859e-07,-1.428320216016863e-05,1.501316414769573e-07,-1.428318257381424e-05,1.501316414764663e-07,-1.428303727607728e-05,1.501316414770859e-07,-1.428320216016863e-05,1.501076834136116e-07,-4.058524472711007e-05,1.501076834136281e-07,-4.058476813155013e-05,1.501076834136394e-07,-4.058516705682943e-05,1.501076834136116e-07,-4.058524472711007e-05,1.501076834136281e-07,-4.058476813155013e-05,1.501076834136394e-07,-4.058516705682943e-05,1.501076834136116e-07,-4.058524472711007e-05,1.501076834136281e-07,-4.058476813155013e-05,1.501076834136394e-07,-4.058516705682943e-05,1.50118437055463e-07,-4.366189211892313e-05,1.501184370555173e-07,-4.366146685007668e-05,1.501184370554918e-07,-4.366180938458431e-05,1.50118437055463e-07,-4.366189211892313e-05,1.501184370555173e-07,-4.366146685007668e-05,1.501184370554918e-07,-4.366180938458431e-05,1.50118437055463e-07,-4.366189211892313e-05,1.501184370555173e-07,-4.366146685007668e-05,1.501184370554918e-07,-4.366180938458431e-05,1.501183758104484e-07,-4.295962540524762e-05,1.501183758104713e-07,-4.295920128353263e-05,1.501183758104755e-07,-4.295954163804661e-05,1.501183758104484e-07,-4.295962540524762e-05,1.501183758104713e-07,-4.295920128353263e-05,1.501183758104755e-07,-4.295954163804661e-05,1.501183758104484e-07,-4.295962540524762e-05,1.501183758104713e-07,-4.295920128353263e-05,1.501183758104755e-07,-4.295954163804661e-05,1.501211305853501e-07,-4.280225886277857e-05,1.501211305844037e-07,-4.280178478314435e-05,1.501211305845924e-07,-4.280203074454015e-05,1.501211305853501e-07,-4.280225886277857e-05,1.501211305844037e-07,-4.280178478314435e-05,1.501211305845924e-07,-4.280203074454015e-05,1.501211305853501e-07,-4.280225886277857e-05,1.501211305844037e-07,-4.280178478314435e-05,1.501211305845924e-07,-4.280203074454015e-05,1.501212836176253e-07,-4.179461545371309e-05,1.501212836164165e-07,-4.17942808964329e-05,1.501212836168814e-07,-4.179451540169528e-05,1.501212836176253e-07,-4.179461545371309e-05,1.501212836164165e-07,-4.17942808964329e-05,1.501212836168814e-07,-4.179451540169528e-05,1.501212836176253e-07,-4.179461545371309e-05,1.501212836164165e-07,-4.17942808964329e-05,1.501212836168814e-07,-4.179451540169528e-05,1.501212952729066e-07,-4.09104908756727e-05,1.501212952718208e-07,-4.091016029513539e-05,1.501212952719813e-07,-4.091039517153097e-05,1.501212952729066e-07,-4.09104908756727e-05,1.501212952718208e-07,-4.091016029513539e-05,1.501212952719813e-07,-4.091039517153097e-05,1.501212952729066e-07,-4.09104908756727e-05,1.501212952718208e-07,-4.091016029513539e-05,1.501212952719813e-07,-4.091039517153097e-05
1.501244332881456e-07,-3.068186539616314e-05,1.501244332880847e-07,-3.068159249732001e-05,1.501244332880007e-07,-3.068184344145766e-05,1.501244332881456e-07,-3.068186539616314e-05,1.501244332880847e-07,-3.068159249732001e-05,1.501244332880007e-07,-3.068184344145766e-05,1.501244332881456e-07,-3.068186539616314e-05,1.501244332880847e-07,-3.068159249732001e-05,1.501244332880007e-07,-3.068184344145766e-05,1.501386058448149e-07,-5.242779504307993e-06,1.501386058442163e-07,-5.242700686552322e-06,1.501386058448783e-07,-5.242810195760991e-06,1.501386058448149e-07,-5.242779504307993e-06,1.501386058442163e-07,-5.242700686552322e-06,1.501386058448783e-07,-5.242810195760991e-06,1.501386058448149e-07,-5.242779504307993e-06,1.501386058442163e-07,-5.242700686552322e-06,1.501386058448783e-07,-5.242810195760991e-06,1.501385319463884e-07,-4.49116203281644e-06,1.501385319457781e-07,-4.491085017702546e-06,1.501385319464926e-07,-4.491197536654047e-06,1.501385319463884e-07,-4.49116203281644e-06,1.501385319457781e-07,-4.491085017702546e-06,1.501385319464926e-07,-4.491197536654047e-06,1.501385319463884e-07,-4.49116203281644e-06,1.501385319457781e-07,-4.491085017702546e-06,1.501385319464926e-07,-4.491197536654047e-06,1.501122810270595e-07,-4.673424768544722e-05,1.501122810270864e-07,-4.673364861109276e-05,1.501122810271087e-07,-4.673417386151025e-05,1.501122810270595e-07,-4.673424768544722e-05,1.501122810270864e-07,-4.673364861109276e-05,1.501122810271087e-07,-4.673417386151025e-05,1.501122810270595e-07,-4.673424768544722e-05,1.501122810270864e-07,-4.673364861109276e-05,1.501122810271087e-07,-4.673417386151025e-05,1.501249398381627e-07,-3.102721826194804e-05,1.501249398382878e-07,-3.102695780943504e-05,1.501249398381388e-07,-3.102718550682456e-05,1.501249398381627e-07,-3.102721826194804e-05,1.501249398382878e-07,-3.102695780943504e-05,1.501249398381388e-07,-3.102718550682456e-05,1.501249398381627e-07,-3.102721826194804e-05,1.501249398382878e-07,-3.102695780943504e-05,1.501249398381388e-07,-3.102718550682456e-05,1.501248038988401e-07,-3.020248720540504e-05,1.501248038989136e-07,-3.020222654100154e-05,1.501248038988156e-07,-3.020245299612382e-05,1.501248038988401e-07,-3.020248720540504e-05,1.501248038989136e-07,-3.020222654100154e-05,1.501248038988156e-07,-3.020245299612382e-05,1.501248038988401e-07,-3.020248720540504e-05,1.501248038989136e-07,-3.020222654100154e-05,1.501248038988156e-07,-3.020245299612382e-05,1.501276479309672e-07,-2.940606310777912e-05,1.50127647930147e-07,-2.940573822085722e-05,1.501276479302181e-07,-2.940592508813015e-05,1.501276479309672e-07,-2.940606310777912e-05,1.50127647930147e-07,-2.940573822085722e-05,1.501276479302181e-07,-2.940592508813015e-05,1.501276479309672e-07,-2.940606310777912e-05,1.50127647930147e-07,-2.940573822085722e-05,1.501276479302181e-07,-2.940592508813015e-05,1.501277380460046e-07,-2.815967430752589e-05,1.501277380449086e-07,-2.815948840225674e-05,1.501277380452653e-07,-2.815966874841291e-05,1.501277380460046e-07,-2.815967430752589e-05,1.501277380449086e-07,-2.815948840225674e-05,1.501277380452653e-07,-2.815966874841291e-05,1.501277380460046e-07,-2.815967430752589e-05,1.501277380449086e-07,-2.815948840225674e-05,1.501277380452653e-07,-2.815966874841291e-05,1.501276867276756e-07,-2.715821420497771e-05,1.5012768672668e-07,-2.715803083748162e-05,1.501276867267849e-07,-2.715821252793271e-05,1.501276867276756e-07,-2.715821420497771e-05,1.5012768672668e-07,-2.715803083748162e-05,1.501276867267849e-07,-2.715821252793271e-05,1.501276867276756e-07,-2.715821420497771e-05,1.5012768672668e-07,-2.715803083748162e-05,1.501276867267849e-07,-2.715821252793271e-05
1.501305312691288e-07,-1.787875658095352e-05,1.501305312686979e-07,-1.787858978367911e-05,1.50130531269055e-07,-1.787876511548419e-05,1.501305312691288e-07,-1.787875658095352e-05,1.501305312686979e-07,-1.787858978367911e-05,1.50130531269055e-07,-1.787876511548419e-05,1.501305312691288e-07,-1.787875658095352e-05,1.501305312686979e-07,-1.787858978367911e-05,1.50130531269055e-07,-1.787876511548419e-05,1.501464397520286e-07,2.149263102238795e-06,1.501464397512446e-07,2.149302090227207e-06,1.501464397520848e-07,2.149213439243876e-06,1.501464397520286e-07,2.149263102238795e-06,1.501464397512446e-07,2.149302090227207e-06,1.501464397520848e-07,2.149213439243876e-06,1.501464397520286e-07,2.149263102238795e-06,1.501464397512446e-07,2.149302090227207e-06,1.501464397520848e-07,2.149213439243876e-06,1.501463813309695e-07,2.766513089893372e-06,1.501463813301727e-07,2.766547084610841e-06,1.501463813310934e-07,2.766452240235136e-06,1.501463813309695e-07,2.766513089893372e-06,1.501463813301727e-07,2.766547084610841e-06,1.501463813310934e-07,2.766452240235136e-06,1.501463813309695e-07,2.766513089893372e-06,1.501463813301727e-07,2.766547084610841e-06,1.501463813310934e-07,2.766452240235136e-06,1.501185270322511e-07,-4.42903621922221e-05,1.501185270327394e-07,-4.428993338644384e-05,1.501185270326096e-07,-4.42902744364002e-05,1.501185270322511e-07,-4.42903621922221e-05,1.501185270327394e-07,-4.428993338644384e-05,1.501185270326096e-07,-4.42902744364002e-05,1.501185270322511e-07,-4.42903621922221e-05,1.501185270327394e-07,-4.428993338644384e-05,1.501185270326096e-07,-4.42902744364002e-05,1.501310597923798e-07,-1.789822244956448e-05,1.501310597921792e-07,-1.789805912392675e-05,1.501310597924792e-07,-1.789821257011138e-05,1.501310597923798e-07,-1.789822244956448e-05,1.501310597921792e-07,-1.789805912392675e-05,1.501310597924792e-07,-1.789821257011138e-05,1.501310597923798e-07,-1.789822244956448e-05,1.501310597921792e-07,-1.789805912392675e-05,1.501310597924792e-07,-1.789821257011138e-05,1.501309261644813e-07,-1.708949981007689e-05,1.501309261642172e-07,-1.708933576549118e-05,1.501309261645846e-07,-1.708948795792238e-05,1.501309261644813e-07,-1.708949981007689e-05,1.501309261642172e-07,-1.708933576549118e-05,1.501309261645846e-07,-1.708948795792238e-05,1.501309261644813e-07,-1.708949981007689e-05,1.501309261642172e-07,-1.708933576549118e-05,1.501309261645846e-07,-1.708948795792238e-05,1.501344278105836e-07,-1.537529329216007e-05,1.501344278090723e-07,-1.53750600992321e-05,1.501344278096614e-07,-1.537518867374411e-05,1.501344278105836e-07,-1.537529329216007e-05,1.501344278090723e-07,-1.53750600992321e-05,1.501344278096614e-07,-1.537518867374411e-05,1.501344278105836e-07,-1.537529329216007e-05,1.501344278090723e-07,-1.53750600992321e-05,1.501344278096614e-07,-1.537518867374411e-05,1.50134586291266e-07,-1.412485434697504e-05,1.501345862893804e-07,-1.412475671277917e-05,1.501345862903427e-07,-1.412487759801322e-05,1.50134586291266e-07,-1.412485434697504e-05,1.501345862893804e-07,-1.412475671277917e-05,1.501345862903427e-07,-1.412487759801322e-05,1.50134586291266e-07,-1.412485434697504e-05,1.501345862893804e-07,-1.412475671277917e-05,1.501345862903427e-07,-1.412487759801322e-05,1.501345866258881e-07,-1.31313497497823e-05,1.501345866240502e-07,-1.313125360093947e-05,1.501345866246803e-07,-1.313137636186002e-05,1.501345866258881e-07,-1.31313497497823e-05,1.501345866240502e-07,-1.313125360093947e-05,1.501345866246803e-07,-1.313137636186002e-05,1.501345866258881e-07,-1.31313497497823e-05,1.501345866240502e-07,-1.313125360093947e-05,1.501345866246803e-07,-1.313137636186002e-05
1.501375177840341e-07,-7.013199606853739e-06,1.501375177835993e-07,-7.013104426851932e-06,1.501375177839821e-07,-7.013218587044328e-06,1.501375177840341e-07,-7.013199606853739e-06,1.501375177835993e-07,-7.013104426851932e-06,1.501375177839821e-07,-7.013218587044328e-06,1.501375177840341e-07,-7.013199606853739e-06,1.501375177835993e-07,-7.013104426851932e-06,1.501375177839821e-07,-7.013218587044328e-06,1.501555499799369e-07,8.08045341528722e-06,1.501555499788954e-07,8.080454470366297e-06,1.501555499798279e-07,8.080370979657808e-06,1.501555499799369e-07,8.08045341528722e-06,1.501555499788954e-07,8.080454470366297e-06,1.501555499798279e-07,8.080370979657808e-06,1.501555499799369e-07,8.08045341528722e-06,1.501555499788954e-07,8.080454470366297e-06,1.501555499798279e-07,8.080370979657808e-06,1.50155529265282e-07,8.528260858209337e-06,1.501555292642347e-07,8.528264209953515e-06,1.501555292651831e-07,8.528182424028752e-06,1.50155529265282e-07,8.528260858209337e-06,1.501555292642347e-07,8.528264209953515e-06,1.501555292651831e-07,8.528182424028752e-06,1.50155529265282e-07,8.528260858209337e-06,1.501555292642347e-07,8.528264209953515e-06,1.501555292651831e-07,8.528182424028752e-06,1.501251053248811e-07,-3.181431646758637e-05,1.501251053254085e-07,-3.181405180072617e-05,1.501251053251096e-07,-3.181427735504518e-05,1.501251053248811e-07,-3.181431646758637e-05,1.501251053254085e-07,-3.181405180072617e-05,1.501251053251096e-07,-3.181427735504518e-05,1.501251053248811e-07,-3.181431646758637e-05,1.501251053254085e-07,-3.181405180072617e-05,1.501251053251096e-07,-3.181427735504518e-05,1.501382400745741e-07,-6.475560564672709e-06,1.501382400743693e-07,-6.475464122841048e-06,1.501382400746309e-07,-6.475560290269869e-06,1.501382400745741e-07,-6.475560564672709e-06,1.501382400743693e-07,-6.475464122841048e-06,1.501382400746309e-07,-6.475560290269869e-06,1.501382400745741e-07,-6.475560564672709e-06,1.501382400743693e-07,-6.475464122841048e-06,1.501382400746309e-07,-6.475560290269869e-06,1.501380414820111e-07,-5.822236105348136e-06,1.501380414817311e-07,-5.822138292202663e-06,1.501380414820722e-07,-5.822233717527681e-06,1.501380414820111e-07,-5.822236105348136e-06,1.501380414817311e-07,-5.822138292202663e-06,1.501380414820722e-07,-5.822233717527681e-06,1.501380414820111e-07,-5.822236105348136e-06,1.501380414817311e-07,-5.822138292202663e-06,1.501380414820722e-07,-5.822233717527681e-06,1.501420770484267e-07,-4.223108878492501e-06,1.501420770468685e-07,-4.222917845784294e-06,1.501420770474545e-07,-4.222996242980894e-06,1.501420770484267e-07,-4.223108878492501e-06,1.501420770468685e-07,-4.222917845784294e-06,1.501420770474545e-07,-4.222996242980894e-06,1.501420770484267e-07,-4.223108878492501e-06,1.501420770468685e-07,-4.222917845784294e-06,1.501420770474545e-07,-4.222996242980894e-06,1.501422021511043e-07,-3.283683138923937e-06,1.501422021490785e-07,-3.283626341328952e-06,1.501422021500941e-07,-3.283698764683067e-06,1.501422021511043e-07,-3.283683138923937e-06,1.501422021490785e-07,-3.283626341328952e-06,1.501422021500941e-07,-3.283698764683067e-06,1.501422021511043e-07,-3.283683138923937e-06,1.501422021490785e-07,-3.283626341328952e-06,1.501422021500941e-07,-3.283698764683067e-06,1.501421848442578e-07,-2.503534742256778e-06,1.501421848421863e-07,-2.503478611261266e-06,1.501421848428562e-07,-2.503553048646863e-06,1.501421848442578e-07,-2.503534742256778e-06,1.501421848421863e-07,-2.503478611261266e-06,1.501421848428562e-07,-2.503553048646863e-06,1.501421848442578e-07,-2.503534742256778e-06,1.501421848421863e-07,-2.503478611261266e-06,1.501421848428562e-07,-2.503553048646863e-06
1.501453017482517e-07,9.299850307182848e-07,1.501453017476309e-07,9.300311608947511e-07,1.501453017482254e-07,9.299356548918832e-07,1.501453017482517e-07,9.299850307182848e-07,1.501453017476309e-07,9.300311608947511e-07,1.501453017482254e-07,9.299356548918832e-07,1.501453017482517e-07,9.299850307182848e-07,1.501453017476309e-07,9.300311608947511e-07,1.501453017482254e-07,9.299356548918832e-07,1.501676684807359e-07,1.456508633145267e-05,1.501676684795144e-07,1.456518584789902e-05,1.501676684810436e-07,1.456510941381862e-05,1.501676684807359e-07,1.456508633145267e-05,1.501676684795144e-07,1.456518584789902e-05,1.501676684810436e-07,1.456510941381862e-05,1.501676684807359e-07,1.456508633145267e-05,1.501676684795144e-07,1.456518584789902e-05,1.501676684810436e-07,1.456510941381862e-05,1.501677689904011e-07,1.494829734644864e-05,1.501677689891113e-07,1.494830963071181e-05,1.501677689907786e-07,1.494823811871831e-05,1.501677689904011e-07,1.494829734644864e-05,1.501677689891113e-07,1.494830963071181e-05,1.501677689907786e-07,1.494823811871831e-05,1.501677689904011e-07,1.494829734644864e-05,1.501677689891113e-07,1.494830963071181e-05,1.501677689907786e-07,1.494823811871831e-05,1.501312377700465e-07,-1.866240191329315e-05,1.501312377703525e-07,-1.866223661009302e-05,1.501312377704913e-07,-1.866238949659426e-05,1.501312377700465e-07,-1.866240191329315e-05,1.501312377703525e-07,-1.866223661009302e-05,1.501312377704913e-07,-1.866238949659426e-05,1.501312377700465e-07,-1.866240191329315e-05,1.501312377703525e-07,-1.866223661009302e-05,1.501312377704913e-07,-1.866238949659426e-05,1.501461441606979e-07,1.601345556694752e-06,1.50146144160299e-07,1.60139415819846e-06,1.501461441607236e-07,1.601309889371722e-06,1.501461441606979e-07,1.601345556694752e-06,1.50146144160299e-07,1.60139415819846e-06,1.501461441607236e-07,1.601309889371722e-06,1.501461441606979e-07,1.601345556694752e-06,1.50146144160299e-07,1.60139415819846e-06,1.501461441607236e-07,1.601309889371722e-06,1.501459175863954e-07,2.160675187327847e-06,1.5014591758593e-07,2.160728365627054e-06,1.501459175864367e-07,2.160647702236829e-06,1.501459175863954e-07,2.160675187327847e-06,1.5014591758593e-07,2.160728365627054e-06,1.501459175864367e-07,2.160647702236829e-06,1.501459175863954e-07,2.160675187327847e-06,1.5014591758593e-07,2.160728365627054e-06,1.501459175864367e-07,2.160647702236829e-06,1.50150052100761e-07,3.112852076467425e-06,1.501500520991302e-07,3.112997500433262e-06,1.501500520998902e-07,3.11291068875647e-06,1.50150052100761e-07,3.112852076467425e-06,1.501500520991302e-07,3.112997500433262e-06,1.501500520998902e-07,3.11291068875647e-06,1.50150052100761e-07,3.112852076467425e-06,1.501500520991302e-07,3.112997500433262e-06,1.501500520998902e-07,3.11291068875647e-06,1.501501667330257e-07,3.83894552037693e-06,1.501501667309037e-07,3.838958738489798e-06,1.501501667321002e-07,3.838877643020791e-06,1.501501667330257e-07,3.83894552037693e-06,1.501501667309037e-07,3.838958738489798e-06,1.501501667321002e-07,3.838877643020791e-06,1.501501667330257e-07,3.83894552037693e-06,1.501501667309037e-07,3.838958738489798e-06,1.501501667321002e-07,3.838877643020791e-06,1.501501593818926e-07,4.459949638513644e-06,1.501501593796503e-07,4.459963524061479e-06,1.501501593805051e-07,4.459880618462148e-06,1.501501593818926e-07,4.459949638513644e-06,1.501501593796503e-07,4.459963524061479e-06,1.501501593805051e-07,4.459880618462148e-06,1.501501593818926e-07,4.459949638513644e-06,1.501501593796503e-07,4.459963524061479e-06,1.501501593805051e-07,4.459880618462148e-06
1.501541666034732e-07,7.08390194785124e-06,1.501541666027362e-07,7.08391179294773e-06,1.50154166603351e-07,7.083827220165613e-06,1.501541666034732e-07,7.08390194785124e-06,1.501541666027362e-07,7.08391179294773e-06,1.50154166603351e-07,7.083827220165613e-06,1.501541666034732e-07,7.08390194785124e-06,1.501541666027362e-07,7.08391179294773e-06,1.50154166603351e-07,7.083827220165613e-06,1.501854901347391e-07,2.154028828292452e-05,1.501854901327002e-07,2.154034673001754e-05,1.501854901342747e-07,2.154029843961537e-05,1.501854901347391e-07,2.154028828292452e-05,1.501854901327002e-07,2.154034673001754e-05,1.501854901342747e-07,2.154029843961537e-05,1.501854901347391e-07,2.154028828292452e-05,1.501854901327002e-07,2.154034673001754e-05,1.501854901342747e-07,2.154029843961537e-05,1.501858064621097e-07,2.173476950086232e-05,1.501858064596938e-07,2.173483973445051e-05,1.501858064616501e-07,2.17347921326278e-05,1.501858064621097e-07,2.173476950086232e-05,1.501858064596938e-07,2.173483973445051e-05,1.501858064616501e-07,2.17347921326278e-05,1.501858064621097e-07,2.173476950086232e-05,1.501858064596938e-07,2.173483973445051e-05,1.501858064616501e-07,2.17347921326278e-05,1.501384895485342e-07,-7.055312100823085e-06,1.50138489548836e-07,-7.055213734932072e-06,1.501384895489074e-07,-7.055308424805412e-06,1.501384895485342e-07,-7.055312100823085e-06,1.50138489548836e-07,-7.055213734932072e-06,1.501384895489074e-07,-7.055308424805412e-06,1.501384895485342e-07,-7.055312100823085e-06,1.50138489548836e-07,-7.055213734932072e-06,1.501384895489074e-07,-7.055308424805412e-06,1.501550161540205e-07,7.560710510690404e-06,1.501550161535699e-07,7.560728959264543e-06,1.501550161539828e-07,7.560655455648517e-06,1.501550161540205e-07,7.560710510690404e-06,1.501550161535699e-07,7.560728959264543e-06,1.501550161539828e-07,7.560655455648517e-06,1.501550161540205e-07,7.560710510690404e-06,1.501550161535699e-07,7.560728959264543e-06,1.501550161539828e-07,7.560655455648517e-06,1.501547944083632e-07,8.017505767403954e-06,1.501547944078081e-07,8.017525549327112e-06,1.501547944082941e-07,8.017452318380531e-06,1.501547944083632e-07,8.017505767403954e-06,1.501547944078081e-07,8.017525549327112e-06,1.501547944082941e-07,8.017452318380531e-06,1.501547944083632e-07,8.017505767403954e-06,1.501547944078081e-07,8.017525549327112e-06,1.501547944082941e-07,8.017452318380531e-06,1.501593839696203e-07,8.877056422301886e-06,1.501593839676962e-07,8.877184724979142e-06,1.50159383968495e-07,8.877107425474203e-06,1.501593839696203e-07,8.877056422301886e-06,1.501593839676962e-07,8.877184724979142e-06,1.50159383968495e-07,8.877107425474203e-06,1.501593839696203e-07,8.877056422301886e-06,1.501593839676962e-07,8.877184724979142e-06,1.50159383968495e-07,8.877107425474203e-06,1.501595922798107e-07,9.500907437967349e-06,1.501595922772844e-07,9.500903546271708e-06,1.501595922786157e-07,9.500831250084476e-06,1.501595922798107e-07,9.500907437967349e-06,1.501595922772844e-07,9.500903546271708e-06,1.501595922786157e-07,9.500831250084476e-06,1.501595922798107e-07,9.500907437967349e-06,1.501595922772844e-07,9.500903546271708e-06,1.501595922786157e-07,9.500831250084476e-06,1.50159636916892e-07,9.99674969493743e-06,1.501596369142451e-07,9.996748337660669e-06,1.501596369151645e-07,9.996676065195933e-06,1.50159636916892e-07,9.99674969493743e-06,1.501596369142451e-07,9.996748337660669e-06,1.501596369151645e-07,9.996676065195933e-06,1.50159636916892e-07,9.99674969493743e-06,1.501596369142451e-07,9.996748337660669e-06,1.501596369151645e-07,9.996676065195933e-06
1.501655853466412e-07,1.348052092409968e-05,1.501655853455323e-07,1.348053200277944e-05,1.501655853464119e-07,1.348045407804238e-05,1.501655853466412e-07,1.348052092409968e-05,1.501655853455323e-07,1.348053200277944e-05,1.501655853464119e-07,1.348045407804238e-05,1.501655853466412e-07,1.348052092409968e-05,1.501655853455323e-07,1.348053200277944e-05,1.501655853464119e-07,1.348045407804238e-05,1.502111774331889e-07,2.369503296701874e-05,1.502111774307526e-07,2.369518211926925e-05,1.502111774331076e-07,2.369514117843554e-05,1.502111774331889e-07,2.369503296701874e-05,1.502111774307526e-07,2.369518211926925e-05,1.502111774331076e-07,2.369514117843554e-05,1.502111774331889e-07,2.369503296701874e-05,1.502111774307526e-07,2.369518211926925e-05,1.502111774331076e-07,2.369514117843554e-05,1.502118017367681e-07,2.340645743721804e-05,1.50211801733407e-07,2.340658908319858e-05,1.502118017362609e-07,2.340655718534764e-05,1.502118017367681e-07,2.340645743721804e-05,1.50211801733407e-07,2.340658908319858e-05,1.502118017362609e-07,2.340655718534764e-05,1.502118017367681e-07,2.340645743721804e-05,1.50211801733407e-07,2.340658908319858e-05,1.502118017362609e-07,2.340655718534764e-05,1.501464176591266e-07,1.127709563570333e-06,1.501464176591421e-07,1.127758803297137e-06,1.501464176594158e-07,1.127675317154441e-06,1.501464176591266e-07,1.127709563570333e-06,1.501464176591421e-07,1.127758803297137e-06,1.501464176594158e-07,1.127675317154441e-06,1.501464176591266e-07,1.127709563570333e-06,1.501464176591421e-07,1.127758803297137e-06,1.501464176594158e-07,1.127675317154441e-06,1.501662981976058e-07,1.353879274068453e-05,1.501662981969114e-07,1.35388082688659e-05,1.501662981975137e-07,1.353873376166518e-05,1.501662981976058e-07,1.353879274068453e-05,1.501662981969114e-07,1.35388082688659e-05,1.501662981975137e-07,1.353873376166518e-05,1.501662981976058e-07,1.353879274068453e-05,1.501662981969114e-07,1.35388082688659e-05,1.501662981975137e-07,1.353873376166518e-05,1.501661237857232e-07,1.387408810077321e-05,1.501661237849542e-07,1.387410581910136e-05,1.501661237857434e-07,1.387403204163004e-05,1.501661237857232e-07,1.387408810077321e-05,1.501661237849542e-07,1.387410581910136e-05,1.501661237857434e-07,1.387403204163004e-05,1.501661237857232e-07,1.387408810077321e-05,1.501661237849542e-07,1.387410581910136e-05,1.501661237857434e-07,1.387403204163004e-05,1.501715596479654e-07,1.501312618738418e-05,1.50171559645143e-07,1.501326686918583e-05,1.50171559646191e-07,1.501319695387967e-05,1.501715596479654e-07,1.501312618738418e-05,1.50171559645143e-07,1.501326686918583e-05,1.50171559646191e-07,1.501319695387967e-05,1.501715596479654e-07,1.501312618738418e-05,1.50171559645143e-07,1.501326686918583e-05,1.50171559646191e-07,1.501319695387967e-05,1.501719865849703e-07,1.552640948362879e-05,1.501719865812796e-07,1.552641304144617e-05,1.501719865830674e-07,1.552634019353062e-05,1.501719865849703e-07,1.552640948362879e-05,1.501719865812796e-07,1.552641304144617e-05,1.501719865830674e-07,1.552634019353062e-05,1.501719865849703e-07,1.552640948362879e-05,1.501719865812796e-07,1.552641304144617e-05,1.501719865830674e-07,1.552634019353062e-05,1.501721924327634e-07,1.590311370420981e-05,1.501721924288697e-07,1.590311892129156e-05,1.501721924300856e-07,1.590304350530493e-05,1.501721924327634e-07,1.590311370420981e-05,1.501721924288697e-07,1.590311892129156e-05,1.501721924300856e-07,1.590304350530493e-05,1.501721924327634e-07,1.590311370420981e-05,1.501721924288697e-07,1.590311892129156e-05,1.501721924300856e-07,1.590304350530493e-05
1.501823638814283e-07,2.074196903930798e-05,1.501823638799149e-07,2.074202089301753e-05,1.501823638811387e-07,2.074196641515517e-05,1.501823638814283e-07,2.074196903930798e-05,1.501823638799149e-07,2.074202089301753e-05,1.501823638811387e-07,2.074196641515517e-05,1.501823638814283e-07,2.074196903930798e-05,1.501823638799149e-07,2.074202089301753e-05,1.501823638811387e-07,2.074196641515517e-05,1.502441457254157e-07,1.535394170479711e-05,1.502441457458443e-07,1.53540378499059e-05,1.5024414574429e-07,1.535402664258381e-05,1.502441457254157e-07,1.535394170479711e-05,1.502441457458443e-07,1.53540378499059e-05,1.5024414574429e-07,1.535402664258381e-05,1.502441457254157e-07,1.535394170479711e-05,1.502441457458443e-07,1.53540378499059e-05,1.5024414574429e-07,1.535402664258381e-05,1.502445275834163e-07,1.472248425745799e-05,1.502445275739749e-07,1.472259631852136e-05,1.502445275707478e-07,1.472257225978288e-05,1.502445275834163e-07,1.472248425745799e-05,1.502445275739749e-07,1.472259631852136e-05,1.502445275707478e-07,1.472257225978288e-05,1.502445275834163e-07,1.472248425745799e-05,1.502445275739749e-07,1.472259631852136e-05,1.502445275707478e-07,1.472257225978288e-05,1.501552931847847e-07,7.192879851033988e-06,1.501552931848481e-07,7.192896998791681e-06,1.501552931850495e-07,7.192821719343435e-06,1.501552931847847e-07,7.192879851033988e-06,1.501552931848481e-07,7.192896998791681e-06,1.501552931850495e-07,7.192821719343435e-06,1.501552931847847e-07,7.192879851033988e-06,1.501552931848481e-07,7.192896998791681e-06,1.501552931850495e-07,7.192821719343435e-06,1.501828811232256e-07,2.035306833297177e-05,1.501828811223242e-07,2.035312696020498e-05,1.501828811230734e-07,2.035307773397175e-05,1.501828811232256e-07,2.035306833297177e-05,1.501828811223242e-07,2.035312696020498e-05,1.501828811230734e-07,2.035307773397175e-05,1.501828811232256e-07,2.035306833297177e-05,1.501828811223242e-07,2.035312696020498e-05,1.501828811230734e-07,2.035307773397175e-05,1.501827293500871e-07,2.049021679971974e-05,1.501827293489113e-07,2.049027958274928e-05,1.501827293497557e-07,2.049023286743857e-05,1.501827293500871e-07,2.049021679971974e-05,1.501827293489113e-07,2.049027958274928e-05,1.501827293497557e-07,2.049023286743857e-05,1.501827293500871e-07,2.049021679971974e-05,1.501827293489113e-07,2.049027958274928e-05,1.501827293497557e-07,2.049023286743857e-05,1.501904417452941e-07,2.168274207912831e-05,1.501904417413205e-07,2.168294772476867e-05,1.501904417430787e-07,2.16829031658103e-05,1.501904417452941e-07,2.168274207912831e-05,1.501904417413205e-07,2.168294772476867e-05,1.501904417430787e-07,2.16829031658103e-05,1.501904417452941e-07,2.168274207912831e-05,1.501904417413205e-07,2.168294772476867e-05,1.501904417430787e-07,2.16829031658103e-05,1.501912757222301e-07,2.196335624666474e-05,1.501912757169386e-07,2.196343798091013e-05,1.50191275720085e-07,2.196339990227926e-05,1.501912757222301e-07,2.196335624666474e-05,1.501912757169386e-07,2.196343798091013e-05,1.50191275720085e-07,2.196339990227926e-05,1.501912757222301e-07,2.196335624666474e-05,1.501912757169386e-07,2.196343798091013e-05,1.50191275720085e-07,2.196339990227926e-05,1.501917686632988e-07,2.211223992066253e-05,1.501917686577125e-07,2.211232464998949e-05,1.501917686599808e-07,2.211228046798551e-05,1.501917686632988e-07,2.211223992066253e-05,1.501917686577125e-07,2.211232464998949e-05,1.501917686599808e-07,2.211228046798551e-05,1.501917686632988e-07,2.211223992066253e-05,1.501917686577125e-07,2.211232464998949e-05,1.501917686599808e-07,2.211228046798551e-05
1.502078729705561e-07,2.421473149895406e-05,1.502078729684611e-07,2.421488609546917e-05,1.502078729701191e-07,2.421483395513725e-05,1.502078729705561e-07,2.421473149895406e-05,1.502078729684611e-07,2.421488609546917e-05,1.502078729701191e-07,2.421483395513725e-05,1.502078729705561e-07,2.421473149895406e-05,1.502078729684611e-07,2.421488609546917e-05,1.502078729701191e-07,2.421483395513725e-05,1.502735476306343e-07,5.330707622008933e-06,1.502735476481069e-07,5.330938827707193e-06,1.50273547644519e-07,5.330795196374751e-06,1.502735476306343e-07,5.330707622008933e-06,1.502735476481069e-07,5.330938827707193e-06,1.50273547644519e-07,5.330795196374751e-06,1.502735476306343e-07,5.330707622008933e-06,1.502735476481069e-07,5.330938827707193e-06,1.50273547644519e-07,5.330795196374751e-06,1.502739940772387e-07,4.746247268804217e-06,1.502739940662535e-07,4.746477881567095e-06,1.502739940601103e-07,4.746336084891313e-06,1.502739940772387e-07,4.746247268804217e-06,1.502739940662535e-07,4.746477881567095e-06,1.502739940601103e-07,4.746336084891313e-06,1.502739940772387e-07,4.746247268804217e-06,1.502739940662535e-07,4.746477881567095e-06,1.502739940601103e-07,4.746336084891313e-06,1.501665503490479e-07,1.329950524921896e-05,1.501665503490738e-07,1.329952485005184e-05,1.501665503494027e-07,1.329945528809505e-05,1.501665503490479e-07,1.329950524921896e-05,1.501665503490738e-07,1.329952485005184e-05,1.501665503494027e-07,1.329945528809505e-05,1.501665503490479e-07,1.329950524921896e-05,1.501665503490738e-07,1.329952485005184e-05,1.501665503494027e-07,1.329945528809505e-05,1.50208512307339e-07,2.37962375652765e-05,1.50208512306014e-07,2.37963982297036e-05,1.502085123070303e-07,2.379635041526451e-05,1.50208512307339e-07,2.37962375652765e-05,1.50208512306014e-07,2.37963982297036e-05,1.502085123070303e-07,2.379635041526451e-05,1.50208512307339e-07,2.37962375652765e-05,1.50208512306014e-07,2.37963982297036e-05,1.502085123070303e-07,2.379635041526451e-05,1.502084469555505e-07,2.366828432030876e-05,1.502084469538962e-07,2.3668442060789e-05,1.502084469550797e-07,2.36683991756421e-05,1.502084469555505e-07,2.366828432030876e-05,1.502084469538962e-07,2.3668442060789e-05,1.502084469550797e-07,2.36683991756421e-05,1.502084469555505e-07,2.366828432030876e-05,1.502084469538962e-07,2.3668442060789e-05,1.502084469550797e-07,2.36683991756421e-05,1.502172649916572e-07,2.308982873847749e-05,1.50217264986016e-07,2.309010468045692e-05,1.502172649884579e-07,2.309006177481604e-05,1.502172649916572e-07,2.308982873847749e-05,1.50217264986016e-07,2.309010468045692e-05,1.502172649884579e-07,2.309006177481604e-05,1.502172649916572e-07,2.308982873847749e-05,1.50217264986016e-07,2.309010468045692e-05,1.502172649884579e-07,2.309006177481604e-05,1.502186244086423e-07,2.268142750215336e-05,1.502186244012169e-07,2.268156209442014e-05,1.502186244056376e-07,2.268153425826434e-05,1.502186244086423e-07,2.268142750215336e-05,1.502186244012169e-07,2.268156209442014e-05,1.502186244056376e-07,2.268153425826434e-05,1.502186244086423e-07,2.268142750215336e-05,1.502186244012169e-07,2.268156209442014e-05,1.502186244056376e-07,2.268153425826434e-05,1.502204136817565e-07,2.214183583838788e-05,1.502204136740445e-07,2.214196304509546e-05,1.502204136772227e-07,2.214194390660154e-05,1.502204136817565e-07,2.214183583838788e-05,1.502204136740445e-07,2.214196304509546e-05,1.502204136772227e-07,2.214194390660154e-05,1.502204136817565e-07,2.214183583838788e-05,1.502204136740445e-07,2.214196304509546e-05,1.502204136772227e-07,2.214194390660154e-05
1.502421745064877e-07,1.642452850229103e-05,1.502421744904407e-07,1.642462475417735e-05,1.502421744751908e-07,1.642462907493836e-05,1.502421745064877e-07,1.642452850229103e-05,1.502421744904407e-07,1.642462475417735e-05,1.502421744751908e-07,1.642462907493836e-05,1.502421745064877e-07,1.642452850229103e-05,1.502421744904407e-07,1.642462475417735e-05,1.502421744751908e-07,1.642462907493836e-05,1.503076402165018e-07,-1.538179609975186e-06,1.503076402433728e-07,-1.53806688283188e-06,1.503076402379079e-07,-1.538073545671669e-06,1.503076402165018e-07,-1.538179609975186e-06,1.503076402433728e-07,-1.53806688283188e-06,1.503076402379079e-07,-1.538073545671669e-06,1.503076402165018e-07,-1.538179609975186e-06,1.503076402433728e-07,-1.53806688283188e-06,1.503076402379079e-07,-1.538073545671669e-06,1.503081775897787e-07,-1.806418236109383e-06,1.503081775800908e-07,-1.806326465844723e-06,1.50308177573768e-07,-1.806318587801058e-06,1.503081775897787e-07,-1.806418236109383e-06,1.503081775800908e-07,-1.806326465844723e-06,1.50308177573768e-07,-1.806318587801058e-06,1.503081775897787e-07,-1.806418236109383e-06,1.503081775800908e-07,-1.806326465844723e-06,1.50308177573768e-07,-1.806318587801058e-06,1.501831437903135e-07,2.030361701199274e-05,1.501831437905488e-07,2.030366966335436e-05,1.501831437907817e-07,2.030361365199058e-05,1.501831437903135e-07,2.030361701199274e-05,1.501831437905488e-07,2.030366966335436e-05,1.501831437907817e-07,2.030361365199058e-05,1.501831437903135e-07,2.030361701199274e-05,1.501831437905488e-07,2.030366966335436e-05,1.501831437907817e-07,2.030361365199058e-05,1.502436140674345e-07,1.600439065171941e-05,1.502436140655377e-07,1.600448934342676e-05,1.502436140669089e-07,1.600449915970795e-05,1.502436140674345e-07,1.600439065171941e-05,1.502436140655377e-07,1.600448934342676e-05,1.502436140669089e-07,1.600449915970795e-05,1.502436140674345e-07,1.600439065171941e-05,1.502436140655377e-07,1.600448934342676e-05,1.502436140669089e-07,1.600449915970795e-05,1.502438017563484e-07,1.556180222885958e-05,1.502438017539056e-07,1.556190869973277e-05,1.502438017554397e-07,1.556191569465934e-05,1.502438017563484e-07,1.556180222885958e-05,1.502438017539056e-07,1.556190869973277e-05,1.502438017554397e-07,1.556191569465934e-05,1.502438017563484e-07,1.556180222885958e-05,1.502438017539056e-07,1.556190869973277e-05,1.502438017554397e-07,1.556191569465934e-05,1.502510000958221e-07,1.43270539135672e-05,1.502510000878071e-07,1.432728122655318e-05,1.502510000837324e-07,1.432727958510067e-05,1.502510000958221e-07,1.43270539135672e-05,1.502510000878071e-07,1.432728122655318e-05,1.502510000837324e-07,1.432727958510067e-05,1.502510000958221e-07,1.43270539135672e-05,1.502510000878071e-07,1.432728122655318e-05,1.502510000837324e-07,1.432727958510067e-05,1.502517563824449e-07,1.353675032790507e-05,1.502517563707e-07,1.353685594805587e-05,1.502517563667468e-07,1.353684243748914e-05,1.502517563824449e-07,1.353675032790507e-05,1.502517563707e-07,1.353685594805587e-05,1.502517563667468e-07,1.353684243748914e-05,1.502517563824449e-07,1.353675032790507e-05,1.502517563707e-07,1.353685594805587e-05,1.502517563667468e-07,1.353684243748914e-05,1.502530394174826e-07,1.258813116302206e-05,1.502530394116021e-07,1.258824730473778e-05,1.50253039419474e-07,1.258821013968599e-05,1.502530394174826e-07,1.258813116302206e-05,1.502530394116021e-07,1.258824730473778e-05,1.50253039419474e-07,1.258821013968599e-05,1.502530394174826e-07,1.258813116302206e-05,1.502530394116021e-07,1.258824730473778e-05,1.50253039419474e-07,1.258821013968599e-05
1.502715219741109e-07,6.302964840837482e-06,1.502715219565898e-07,6.303201711734856e-06,1.502715219425167e-07,6.30306944317055e-06,1.502715219741109e-07,6.302964840837482e-06,1.502715219565898e-07,6.303201711734856e-06,1.502715219425167e-07,6.30306944317055e-06,1.502715219741109e-07,6.302964840837482e-06,1.502715219565898e-07,6.303201711734856e-06,1.502715219425167e-07,6.30306944317055e-06,1.503533417264573e-07,-3.715960207672405e-06,1.503533417354306e-07,-3.715826695595712e-06,1.503533417589483e-07,-3.715733319776956e-06,1.503533417264573e-07,-3.715960207672405e-06,1.503533417354306e-07,-3.715826695595712e-06,1.503533417589483e-07,-3.715733319776956e-06,1.503533417264573e-07,-3.715960207672405e-06,1.503533417354306e-07,-3.715826695595712e-06,1.503533417589483e-07,-3.715733319776956e-06,1.503543725031145e-07,-3.68793056023464e-06,1.503543724727597e-07,-3.687794816173407e-06,1.503543724936186e-07,-3.687691607363844e-06,1.503543725031145e-07,-3.68793056023464e-06,1.503543724727597e-07,-3.687794816173407e-06,1.503543724936186e-07,-3.687691607363844e-06,1.503543725031145e-07,-3.68793056023464e-06,1.503543724727597e-07,-3.687794816173407e-06,1.503543724936186e-07,-3.687691607363844e-06,1.502086983784304e-07,2.395503286442949e-05,1.502086983785345e-07,2.395519961878733e-05,1.502086983788518e-07,2.39551494569277e-05,1.502086983784304e-07,2.395503286442949e-05,1.502086983785345e-07,2.395519961878733e-05,1.502086983788518e-07,2.39551494569277e-05,1.502086983784304e-07,2.395503286442949e-05,1.502086983785345e-07,2.395519961878733e-05,1.502086983788518e-07,2.39551494569277e-05,1.502734155352318e-07,5.757314134501636e-06,1.502734155311915e-07,5.757555776214806e-06,1.502734155334441e-07,5.757426924664497e-06,1.502734155352318e-07,5.757314134501636e-06,1.502734155311915e-07,5.757555776214806e-06,1.502734155334441e-07,5.757426924664497e-06,1.502734155352318e-07,5.757314134501636e-06,1.502734155311915e-07,5.757555776214806e-06,1.502734155334441e-07,5.757426924664497e-06,1.502736030551308e-07,5.309454618246948e-06,1.502736030512319e-07,5.309698005973041e-06,1.502736030531315e-07,5.309563819357575e-06,1.502736030551308e-07,5.309454618246948e-06,1.502736030512319e-07,5.309698005973041e-06,1.502736030531315e-07,5.309563819357575e-06,1.502736030551308e-07,5.309454618246948e-06,1.502736030512319e-07,5.309698005973041e-06,1.502736030531315e-07,5.309563819357575e-06,1.502813444758507e-07,4.344970889036767e-06,1.50281344461497e-07,4.345327608101917e-06,1.502813444527627e-07,4.34519379401196e-06,1.502813444758507e-07,4.344970889036767e-06,1.50281344461497e-07,4.345327608101917e-06,1.502813444527627e-07,4.34519379401196e-06,1.502813444758507e-07,4.344970889036767e-06,1.50281344461497e-07,4.345327608101917e-06,1.502813444527627e-07,4.34519379401196e-06,1.502821880694535e-07,3.679131122665009e-06,1.502821880534504e-07,3.679353784343944e-06,1.502821880453379e-07,3.679219685858006e-06,1.502821880694535e-07,3.679131122665009e-06,1.502821880534504e-07,3.679353784343944e-06,1.502821880453379e-07,3.679219685858006e-06,1.502821880694535e-07,3.679131122665009e-06,1.502821880534504e-07,3.679353784343944e-06,1.502821880453379e-07,3.679219685858006e-06,1.502837044250465e-07,2.885416372768338e-06,1.50283704415909e-07,2.885638837570848e-06,1.502837044186319e-07,2.885503409752061e-06,1.502837044250465e-07,2.885416372768338e-06,1.50283704415909e-07,2.885638837570848e-06,1.502837044186319e-07,2.885503409752061e-06,1.502837044250465e-07,2.885416372768338e-06,1.50283704415909e-07,2.885638837570848e-06,1.502837044186319e-07,2.885503409752061e-06
1.503052314641335e-07,-1.063700281800298e-06,1.503052314477272e-07,-1.063567149458963e-06,1.503052314252041e-07,-1.063596681780628e-06,1.503052314641335e-07,-1.063700281800298e-06,1.503052314477272e-07,-1.063567149458963e-06,1.503052314252041e-07,-1.063596681780628e-06,1.503052314641335e-07,-1.063700281800298e-06,1.503052314477272e-07,-1.063567149458963e-06,1.503052314252041e-07,-1.063596681780628e-06,1.504104341838898e-07,-2.399794422643009e-06,1.50410434158823e-07,-2.399653318152581e-06,1.504104342085062e-07,-2.399540827438871e-06,1.504104341838898e-07,-2.399794422643009e-06,1.50410434158823e-07,-2.399653318152581e-06,1.504104342085062e-07,-2.399540827438871e-06,1.504104341838898e-07,-2.399794422643009e-06,1.50410434158823e-07,-2.399653318152581e-06,1.504104342085062e-07,-2.399540827438871e-06,1.504109512675011e-07,-2.312384349804928e-06,1.504109511995418e-07,-2.312263175329408e-06,1.504109512473367e-07,-2.312152998988505e-06,1.504109512675011e-07,-2.312384349804928e-06,1.504109511995418e-07,-2.312263175329408e-06,1.504109512473367e-07,-2.312152998988505e-06,1.504109512675011e-07,-2.312384349804928e-06,1.504109511995418e-07,-2.312263175329408e-06,1.504109512473367e-07,-2.312152998988505e-06,1.502436731656444e-07,1.642337500623156e-05,1.50243673165832e-07,1.642346510869399e-05,1.50243673166343e-07,1.64234732463575e-05,1.502436731656444e-07,1.642337500623156e-05,1.50243673165832e-07,1.642346510869399e-05,1.50243673166343e-07,1.64234732463575e-05,1.502436731656444e-07,1.642337500623156e-05,1.50243673165832e-07,1.642346510869399e-05,1.50243673166343e-07,1.64234732463575e-05,1.503072709144376e-07,-1.454814416565337e-06,1.503072709143236e-07,-1.454667256266649e-06,1.50307270911419e-07,-1.454700326319406e-06,1.503072709144376e-07,-1.454814416565337e-06,1.503072709143236e-07,-1.454667256266649e-06,1.50307270911419e-07,-1.454700326319406e-06,1.503072709144376e-07,-1.454814416565337e-06,1.503072709143236e-07,-1.454667256266649e-06,1.50307270911419e-07,-1.454700326319406e-06,1.503075050172009e-07,-1.663490686635323e-06,1.503075050160235e-07,-1.663355364346522e-06,1.503075050132252e-07,-1.663372369960058e-06,1.503075050172009e-07,-1.663490686635323e-06,1.503075050160235e-07,-1.663355364346522e-06,1.503075050132252e-07,-1.663372369960058e-06,1.503075050172009e-07,-1.663490686635323e-06,1.503075050160235e-07,-1.663355364346522e-06,1.503075050132252e-07,-1.663372369960058e-06,1.503166264943368e-07,-2.164036066887438e-06,1.503166264901e-07,-2.163761246704182e-06,1.503166264838751e-07,-2.163802583976891e-06,1.503166264943368e-07,-2.164036066887438e-06,1.503166264901e-07,-2.163761246704182e-06,1.503166264838751e-07,-2.163802583976891e-06,1.503166264943368e-07,-2.164036066887438e-06,1.503166264901e-07,-2.163761246704182e-06,1.503166264838751e-07,-2.163802583976891e-06,1.503176642076218e-07,-2.47956998465787e-06,1.503176641979051e-07,-2.479445048881973e-06,1.503176641924033e-07,-2.47946631066555e-06,1.503176642076218e-07,-2.47956998465787e-06,1.503176641979051e-07,-2.479445048881973e-06,1.503176641924033e-07,-2.47946631066555e-06,1.503176642076218e-07,-2.47956998465787e-06,1.503176641979051e-07,-2.479445048881973e-06,1.503176641924033e-07,-2.47946631066555e-06,1.503193397517433e-07,-2.817656071173201e-06,1.503193397485637e-07,-2.817547757206779e-06,1.503193397591269e-07,-2.817552292402317e-06,1.503193397517433e-07,-2.817656071173201e-06,1.503193397485637e-07,-2.817547757206779e-06,1.503193397591269e-07,-2.817552292402317e-06,1.503193397517433e-07,-2.817656071173201e-06,1.503193397485637e-07,-2.817547757206779e-06,1.503193397591269e-07,-2.817552292402317e-06
1.503492007577342e-07,-3.782404025728716e-06,1.503492007192256e-07,-3.782310386825874e-06,1.5034920072016e-07,-3.782256282423991e-06,1.503492007577342e-07,-3.782404025728716e-06,1.503492007192256e-07,-3.782310386825874e-06,1.5034920072016e-07,-3.782256282423991e-06,1.503492007577342e-07,-3.782404025728716e-06,1.503492007192256e-07,-3.782310386825874e-06,1.5034920072016e-07,-3.782256282423991e-06,1.504736888075444e-07,-8.414795621341525e-07,1.504736888033452e-07,-8.413582750103646e-07,1.504736888704221e-07,-8.41275208698832e-07,1.504736888075444e-07,-8.414795621341525e-07,1.504736888033452e-07,-8.413582750103646e-07,1.504736888704221e-07,-8.41275208698832e-07,1.504736888075444e-07,-8.414795621341525e-07,1.504736888033452e-07,-8.413582750103646e-07,1.504736888704221e-07,-8.41275208698832e-07,1.50474346036718e-07,-7.771227483194901e-07,1.504743459860789e-07,-7.770139887490438e-07,1.50474346049401e-07,-7.769352954842379e-07,1.50474346036718e-07,-7.771227483194901e-07,1.504743459860789e-07,-7.770139887490438e-07,1.50474346049401e-07,-7.769352954842379e-07,1.50474346036718e-07,-7.771227483194901e-07,1.504743459860789e-07,-7.770139887490438e-07,1.50474346049401e-07,-7.769352954842379e-07,1.502734731025616e-07,6.216425794813743e-06,1.502734730998859e-07,6.216666890286293e-06,1.502734731017203e-07,6.216545747318264e-06,1.502734731025616e-07,6.216425794813743e-06,1.502734730998859e-07,6.216666890286293e-06,1.502734731017203e-07,6.216545747318264e-06,1.502734731025616e-07,6.216425794813743e-06,1.502734730998859e-07,6.216666890286293e-06,1.502734731017203e-07,6.216545747318264e-06,1.503507854075971e-07,-3.862559580923888e-06,1.50350785389626e-07,-3.862431401254701e-06,1.503507854105589e-07,-3.862348420220794e-06,1.503507854075971e-07,-3.862559580923888e-06,1.50350785389626e-07,-3.862431401254701e-06,1.503507854105589e-07,-3.862348420220794e-06,1.503507854075971e-07,-3.862559580923888e-06,1.50350785389626e-07,-3.862431401254701e-06,1.503507854105589e-07,-3.862348420220794e-06,1.503510881755155e-07,-3.807038251551884e-06,1.503510881577887e-07,-3.806901993994525e-06,1.503510881800469e-07,-3.806811348587406e-06,1.503510881755155e-07,-3.807038251551884e-06,1.503510881577887e-07,-3.806901993994525e-06,1.503510881800469e-07,-3.806811348587406e-06,1.503510881755155e-07,-3.807038251551884e-06,1.503510881577887e-07,-3.806901993994525e-06,1.503510881800469e-07,-3.806811348587406e-06,1.503643789634782e-07,-3.942084266450129e-06,1.503643789253045e-07,-3.941817148677471e-06,1.503643789406254e-07,-3.941773037648988e-06,1.503643789634782e-07,-3.942084266450129e-06,1.503643789253045e-07,-3.941817148677471e-06,1.503643789406254e-07,-3.941773037648988e-06,1.503643789634782e-07,-3.942084266450129e-06,1.503643789253045e-07,-3.941817148677471e-06,1.503643789406254e-07,-3.941773037648988e-06,1.503664014937238e-07,-3.93444390435259e-06,1.503664014506693e-07,-3.934305643447499e-06,1.503664014705219e-07,-3.934203084992186e-06,1.503664014937238e-07,-3.93444390435259e-06,1.503664014506693e-07,-3.934305643447499e-06,1.503664014705219e-07,-3.934203084992186e-06,1.503664014937238e-07,-3.93444390435259e-06,1.503664014506693e-07,-3.934305643447499e-06,1.503664014705219e-07,-3.934203084992186e-06,1.503695493858357e-07,-3.846394642002489e-06,1.503695493504017e-07,-3.846241882621583e-06,1.503695493855566e-07,-3.846130290113117e-06,1.503695493858357e-07,-3.846394642002489e-06,1.503695493504017e-07,-3.846241882621583e-06,1.503695493855566e-07,-3.846130290113117e-06,1.503695493858357e-07,-3.846394642002489e-06,1.503695493504017e-07,-3.846241882621583e-06,1.503695493855566e-07,-3.846130290113117e-06
1.50407436177295e-07,-2.509519531166952e-06,1.504074361014615e-07,-2.509360071693967e-06,1.504074361213496e-07,-2.50921837798918e-06,1.50407436177295e-07,-2.509519531166952e-06,1.504074361014615e-07,-2.509360071693967e-06,1.504074361213496e-07,-2.50921837798918e-06,1.50407436177295e-07,-2.509519531166952e-06,1.504074361014615e-07,-2.509360071693967e-06,1.504074361213496e-07,-2.50921837798918e-06,1.505500083882689e-07,-1.804613702751151e-07,1.505500083743364e-07,-1.803604759213392e-07,1.505500084436306e-07,-1.802857811037918e-07,1.505500083882689e-07,-1.804613702751151e-07,1.505500083743364e-07,-1.803604759213392e-07,1.505500084436306e-07,-1.802857811037918e-07,1.505500083882689e-07,-1.804613702751151e-07,1.505500083743364e-07,-1.803604759213392e-07,1.505500084436306e-07,-1.802857811037918e-07,1.505511655418522e-07,-1.520420929400789e-07,1.505511654615491e-07,-1.519626116259906e-07,1.505511655244205e-07,-1.518955502066491e-07,1.505511655418522e-07,-1.520420929400789e-07,1.505511654615491e-07,-1.519626116259906e-07,1.505511655244205e-07,-1.518955502066491e-07,1.505511655418522e-07,-1.520420929400789e-07,1.505511654615491e-07,-1.519626116259906e-07,1.505511655244205e-07,-1.518955502066491e-07,1.503073405311047e-07,-1.2026794232358e-06,1.503073405346612e-07,-1.202520743095435e-06,1.503073405317997e-07,-1.202569271716946e-06,1.503073405311047e-07,-1.2026794232358e-06,1.503073405346612e-07,-1.202520743095435e-06,1.503073405317997e-07,-1.202569271716946e-06,1.503073405311047e-07,-1.2026794232358e-06,1.503073405346612e-07,-1.202520743095435e-06,1.503073405317997e-07,-1.202569271716946e-06,1.504079133860163e-07,-2.667454316950436e-06,1.504079133246302e-07,-2.667300007790086e-06,1.50407913346856e-07,-2.667174992810294e-06,1.504079133860163e-07,-2.667454316950436e-06,1.504079133246302e-07,-2.667300007790086e-06,1.50407913346856e-07,-2.667174992810294e-06,1.504079133860163e-07,-2.667454316950436e-06,1.504079133246302e-07,-2.667300007790086e-06,1.50407913346856e-07,-2.667174992810294e-06,1.504075193620384e-07,-2.556869835753441e-06,1.504075193073675e-07,-2.556719789476665e-06,1.504075193483115e-07,-2.556597579514099e-06,1.504075193620384e-07,-2.556869835753441e-06,1.504075193073675e-07,-2.556719789476665e-06,1.504075193483115e-07,-2.556597579514099e-06,1.504075193620384e-07,-2.556869835753441e-06,1.504075193073675e-07,-2.556719789476665e-06,1.504075193483115e-07,-2.556597579514099e-06,1.504224192954968e-07,-2.459658008186488e-06,1.504224192280096e-07,-2.459366876272247e-06,1.504224192562418e-07,-2.459212225031497e-06,1.504224192954968e-07,-2.459658008186488e-06,1.504224192280096e-07,-2.459366876272247e-06,1.504224192562418e-07,-2.459212225031497e-06,1.504224192954968e-07,-2.459658008186488e-06,1.504224192280096e-07,-2.459366876272247e-06,1.504224192562418e-07,-2.459212225031497e-06,1.504238758739956e-07,-2.324355870992164e-06,1.504238757975103e-07,-2.324208078075242e-06,1.504238758320976e-07,-2.324103732473031e-06,1.504238758739956e-07,-2.324355870992164e-06,1.504238757975103e-07,-2.324208078075242e-06,1.504238758320976e-07,-2.324103732473031e-06,1.504238758739956e-07,-2.324355870992164e-06,1.504238757975103e-07,-2.324208078075242e-06,1.504238758320976e-07,-2.324103732473031e-06,1.504265769026604e-07,-2.181460618361514e-06,1.504265768355227e-07,-2.181331311253963e-06,1.50426576890361e-07,-2.18124345360611e-06,1.504265769026604e-07,-2.181460618361514e-06,1.504265768355227e-07,-2.181331311253963e-06,1.50426576890361e-07,-2.18124345360611e-06,1.504265769026604e-07,-2.181460618361514e-06,1.504265768355227e-07,-2.181331311253963e-06,1.50426576890361e-07,-2.18124345360611e-06
1.504696827323047e-07,-1.019118968755716e-06,1.504696826506017e-07,-1.019001495268419e-06,1.504696826696482e-07,-1.018922530084001e-06,1.504696827323047e-07,-1.019118968755716e-06,1.504696826506017e-07,-1.019001495268419e-06,1.504696826696482e-07,-1.018922530084001e-06,1.504696827323047e-07,-1.019118968755716e-06,1.504696826506017e-07,-1.019001495268419e-06,1.504696826696482e-07,-1.018922530084001e-06,1.506538570927546e-07,6.786859916848866e-08,1.506538570842232e-07,6.79598404815011e-08,1.506538571307635e-07,6.801952445673363e-08,1.506538570927546e-07,6.786859916848866e-08,1.506538570842232e-07,6.79598404815011e-08,1.506538571307635e-07,6.801952445673363e-08,1.506538570927546e-07,6.786859916848866e-08,1.506538570842232e-07,6.79598404815011e-08,1.506538571307635e-07,6.801952445673363e-08,1.506569759371536e-07,8.232793755377802e-08,1.506569758390912e-07,8.241826419391826e-08,1.50656975878032e-07,8.248598980916396e-08,1.506569759371536e-07,8.232793755377802e-08,1.506569758390912e-07,8.241826419391826e-08,1.50656975878032e-07,8.248598980916396e-08,1.506569759371536e-07,8.232793755377802e-08,1.506569758390912e-07,8.241826419391826e-08,1.50656975878032e-07,8.248598980916396e-08,1.503508649061913e-07,-3.891109042629123e-06,1.503508648915319e-07,-3.891004007986797e-06,1.503508649111329e-07,-3.890947234269844e-06,1.503508649061913e-07,-3.891109042629123e-06,1.503508648915319e-07,-3.891004007986797e-06,1.503508649111329e-07,-3.890947234269844e-06,1.503508649061913e-07,-3.891109042629123e-06,1.503508648915319e-07,-3.891004007986797e-06,1.503508649111329e-07,-3.890947234269844e-06,1.504704507145412e-07,-1.003818056475776e-06,1.504704506652503e-07,-1.003676232982739e-06,1.504704507131028e-07,-1.0035932413241e-06,1.504704507145412e-07,-1.003818056475776e-06,1.504704506652503e-07,-1.003676232982739e-06,1.504704507131028e-07,-1.0035932413241e-06,1.504704507145412e-07,-1.003818056475776e-06,1.504704506652503e-07,-1.003676232982739e-06,1.504704507131028e-07,-1.0035932413241e-06,1.504700045979451e-07,-8.948181653852787e-07,1.504700045607594e-07,-8.946764611519161e-07,1.504700046264359e-07,-8.945910691447251e-07,1.504700045979451e-07,-8.948181653852787e-07,1.504700045607594e-07,-8.946764611519161e-07,1.504700046264359e-07,-8.945910691447251e-07,1.504700045979451e-07,-8.948181653852787e-07,1.504700045607594e-07,-8.946764611519161e-07,1.504700046264359e-07,-8.945910691447251e-07,1.504873413540231e-07,-8.85669311321369e-07,1.504873412957008e-07,-8.854200953342013e-07,1.504873413574814e-07,-8.853724438705643e-07,1.504873413540231e-07,-8.85669311321369e-07,1.504873412957008e-07,-8.854200953342013e-07,1.504873413574814e-07,-8.853724438705643e-07,1.504873413540231e-07,-8.85669311321369e-07,1.504873412957008e-07,-8.854200953342013e-07,1.504873413574814e-07,-8.853724438705643e-07,1.504891037232462e-07,-8.145503109506988e-07,1.504891036573166e-07,-8.144349602510604e-07,1.504891037213971e-07,-8.143724331687019e-07,1.504891037232462e-07,-8.145503109506988e-07,1.504891036573166e-07,-8.144349602510604e-07,1.504891037213971e-07,-8.143724331687019e-07,1.504891037232462e-07,-8.145503109506988e-07,1.504891036573166e-07,-8.144349602510604e-07,1.504891037213971e-07,-8.143724331687019e-07,1.504924156581461e-07,-7.066430091369382e-07,1.504924156082877e-07,-7.065239464390321e-07,1.504924156936188e-07,-7.064583454271961e-07,1.504924156581461e-07,-7.066430091369382e-07,1.504924156082877e-07,-7.065239464390321e-07,1.504924156936188e-07,-7.064583454271961e-07,1.504924156581461e-07,-7.066430091369382e-07,1.504924156082877e-07,-7.065239464390321e-07,1.504924156936188e-07,-7.064583454271961e-07
1.505455087314498e-07,-2.025062900136367e-07,1.505455086403046e-07,-2.02407127825399e-07,1.505455086741248e-07,-2.023245042145794e-07,1.505455087314498e-07,-2.025062900136367e-07,1.505455086403046e-07,-2.02407127825399e-07,1.505455086741248e-07,-2.023245042145794e-07,1.505455087314498e-07,-2.025062900136367e-07,1.505455086403046e-07,-2.02407127825399e-07,1.505455086741248e-07,-2.023245042145794e-07,1.508140800718383e-07,3.068629029866711e-08,1.508140800148893e-07,3.078766492387733e-08,1.508140801455517e-07,3.086658933181639e-08,1.508140800718383e-07,3.068629029866711e-08,1.508140800148893e-07,3.078766492387733e-08,1.508140801455517e-07,3.086658933181639e-08,1.508140800718383e-07,3.068629029866711e-08,1.508140800148893e-07,3.078766492387733e-08,1.508140801455517e-07,3.086658933181639e-08,1.508211817675983e-07,3.971525917120446e-08,1.508211815381949e-07,3.979934922252963e-08,1.508211816618541e-07,3.987411633378795e-08,1.508211817675983e-07,3.971525917120446e-08,1.508211815381949e-07,3.979934922252963e-08,1.508211816618541e-07,3.987411633378795e-08,1.508211817675983e-07,3.971525917120446e-08,1.508211815381949e-07,3.979934922252963e-08,1.508211816618541e-07,3.987411633378795e-08,1.504090631253629e-07,-2.640548984747193e-06,1.504090630784059e-07,-2.640376112245033e-06,1.504090631078812e-07,-2.640232515061884e-06,1.504090631253629e-07,-2.640548984747193e-06,1.504090630784059e-07,-2.640376112245033e-06,1.504090631078812e-07,-2.640232515061884e-06,1.504090631253629e-07,-2.640548984747193e-06,1.504090630784059e-07,-2.640376112245033e-06,1.504090631078812e-07,-2.640232515061884e-06,1.505460910166639e-07,-2.701385931249305e-07,1.505460909451042e-07,-2.700419434839571e-07,1.505460909874977e-07,-2.699760184038674e-07,1.505460910166639e-07,-2.701385931249305e-07,1.505460909451042e-07,-2.700419434839571e-07,1.505460909874977e-07,-2.699760184038674e-07,1.505460910166639e-07,-2.701385931249305e-07,1.505460909451042e-07,-2.700419434839571e-07,1.505460909874977e-07,-2.699760184038674e-07,1.505458121287772e-07,-2.1671533290584e-07,1.505458120659671e-07,-2.166194969979918e-07,1.505458121296193e-07,-2.165546169262838e-07,1.505458121287772e-07,-2.1671533290584e-07,1.505458120659671e-07,-2.166194969979918e-07,1.505458121296193e-07,-2.165546169262838e-07,1.505458121287772e-07,-2.1671533290584e-07,1.505458120659671e-07,-2.166194969979918e-07,1.505458121296193e-07,-2.165546169262838e-07,1.505662785910742e-07,-2.656611563014594e-07,1.505662785155866e-07,-2.654193662903267e-07,1.50566278565213e-07,-2.653469405371953e-07,1.505662785910742e-07,-2.656611563014594e-07,1.505662785155866e-07,-2.654193662903267e-07,1.50566278565213e-07,-2.653469405371953e-07,1.505662785910742e-07,-2.656611563014594e-07,1.505662785155866e-07,-2.654193662903267e-07,1.50566278565213e-07,-2.653469405371953e-07,1.505689780313983e-07,-2.360537353069117e-07,1.505689779437521e-07,-2.359494914780601e-07,1.505689779986593e-07,-2.358813676721693e-07,1.505689780313983e-07,-2.360537353069117e-07,1.505689779437521e-07,-2.359494914780601e-07,1.505689779986593e-07,-2.358813676721693e-07,1.505689780313983e-07,-2.360537353069117e-07,1.505689779437521e-07,-2.359494914780601e-07,1.505689779986593e-07,-2.358813676721693e-07,1.505737243715562e-07,-2.007473184049215e-07,1.50573724290007e-07,-2.006483758951921e-07,1.505737243631413e-07,-2.00584334519736e-07,1.505737243715562e-07,-2.007473184049215e-07,1.50573724290007e-07,-2.006483758951921e-07,1.505737243631413e-07,-2.00584334519736e-07,1.505737243715562e-07,-2.007473184049215e-07,1.50573724290007e-07,-2.006483758951921e-07,1.505737243631413e-07,-2.00584334519736e-07
1.506449681527626e-07,9.909327166670628e-09,1.50644968023047e-07,9.999797373897087e-09,1.506449680125601e-07,1.005678113792443e-08,1.506449681527626e-07,9.909327166670628e-09,1.50644968023047e-07,9.999797373897087e-09,1.506449680125601e-07,1.005678113792443e-08,1.506449681527626e-07,9.909327166670628e-09,1.50644968023047e-07,9.999797373897087e-09,1.506449680125601e-07,1.005678113792443e-08,1.510968610375598e-07,8.151362563348379e-08,1.510968611319193e-07,8.159457682459325e-08,1.510968616156083e-07,8.16438078767785e-08,1.510968610375598e-07,8.151362563348379e-08,1.510968611319193e-07,8.159457682459325e-08,1.510968616156083e-07,8.16438078767785e-08,1.510968610375598e-07,8.151362563348379e-08,1.510968611319193e-07,8.159457682459325e-08,1.510968616156083e-07,8.16438078767785e-08,1.511141714474408e-07,9.149085118531171e-08,1.511141713449468e-07,9.156915329200901e-08,1.511141718940083e-07,9.162224576429544e-08,1.511141714474408e-07,9.149085118531171e-08,1.511141713449468e-07,9.156915329200901e-08,1.511141718940083e-07,9.162224576429544e-08,1.511141714474408e-07,9.149085118531171e-08,1.511141713449468e-07,9.156915329200901e-08,1.511141718940083e-07,9.162224576429544e-08,1.504713771011036e-07,-1.073054844981012e-06,1.504713770478053e-07,-1.072914573122557e-06,1.504713770832111e-07,-1.07283477686959e-06,1.504713771011036e-07,-1.073054844981012e-06,1.504713770478053e-07,-1.072914573122557e-06,1.504713770832111e-07,-1.07283477686959e-06,1.504713771011036e-07,-1.073054844981012e-06,1.504713770478053e-07,-1.072914573122557e-06,1.504713770832111e-07,-1.07283477686959e-06,1.506470804332747e-07,-6.129414196902028e-09,1.506470803522175e-07,-6.008977203575773e-09,1.506470803708524e-07,-5.936726068775417e-09,1.506470804332747e-07,-6.129414196902028e-09,1.506470803522175e-07,-6.008977203575773e-09,1.506470803708524e-07,-5.936726068775417e-09,1.506470804332747e-07,-6.129414196902028e-09,1.506470803522175e-07,-6.008977203575773e-09,1.506470803708524e-07,-5.936726068775417e-09,1.506485181561758e-07,6.782553311810762e-08,1.506485180885611e-07,6.794589510988448e-08,1.506485181274312e-07,6.801999203730155e-08,1.506485181561758e-07,6.782553311810762e-08,1.506485180885611e-07,6.794589510988448e-08,1.506485181274312e-07,6.801999203730155e-08,1.506485181561758e-07,6.782553311810762e-08,1.506485180885611e-07,6.794589510988448e-08,1.506485181274312e-07,6.801999203730155e-08,1.506751264556993e-07,-5.401777867287613e-08,1.506751263236287e-07,-5.37739683127895e-08,1.506751263344845e-07,-5.372321131880217e-08,1.506751264556993e-07,-5.401777867287613e-08,1.506751263236287e-07,-5.37739683127895e-08,1.506751263344845e-07,-5.372321131880217e-08,1.506751264556993e-07,-5.401777867287613e-08,1.506751263236287e-07,-5.37739683127895e-08,1.506751263344845e-07,-5.372321131880217e-08,1.506806988390098e-07,-5.099924493868035e-08,1.50680698688671e-07,-5.089281530547586e-08,1.506806987004982e-07,-5.083276124933542e-08,1.506806988390098e-07,-5.099924493868035e-08,1.50680698688671e-07,-5.089281530547586e-08,1.506806987004982e-07,-5.083276124933542e-08,1.506806988390098e-07,-5.099924493868035e-08,1.50680698688671e-07,-5.089281530547586e-08,1.506806987004982e-07,-5.083276124933542e-08,1.5068957522309e-07,-4.410564778240748e-08,1.506895751103465e-07,-4.399864684274377e-08,1.506895751777403e-07,-4.393943711792798e-08,1.5068957522309e-07,-4.410564778240748e-08,1.506895751103465e-07,-4.399864684274377e-08,1.506895751777403e-07,-4.393943711792798e-08,1.5068957522309e-07,-4.410564778240748e-08,1.506895751103465e-07,-4.399864684274377e-08,1.506895751777403e-07,-4.393943711792798e-08
1.507999605986914e-07,3.518898609935232e-08,1.507999603643299e-07,3.52841751460696e-08,1.507999603912661e-07,3.536132675743043e-08,1.507999605986914e-07,3.518898609935232e-08,1.507999603643299e-07,3.52841751460696e-08,1.507999603912661e-07,3.536132675743043e-08,1.507999605986914e-07,3.518898609935232e-08,1.507999603643299e-07,3.52841751460696e-08,1.507999603912661e-07,3.536132675743043e-08,1.516624229690028e-07,4.189280010913229e-08,1.516624233659792e-07,4.197243429679723e-08,1.516624245557216e-07,4.20276598989366e-08,1.516624229690028e-07,4.189280010913229e-08,1.516624233659792e-07,4.197243429679723e-08,1.516624245557216e-07,4.20276598989366e-08,1.516624229690028e-07,4.189280010913229e-08,1.516624233659792e-07,4.197243429679723e-08,1.516624245557216e-07,4.20276598989366e-08,1.517001508071259e-07,5.22904396474096e-08,1.517001509584504e-07,5.235479239450237e-08,1.517001523583165e-07,5.240605974939369e-08,1.517001508071259e-07,5.22904396474096e-08,1.517001509584504e-07,5.235479239450237e-08,1.517001523583165e-07,5.240605974939369e-08,1.517001508071259e-07,5.22904396474096e-08,1.517001509584504e-07,5.235479239450237e-08,1.517001523583165e-07,5.240605974939369e-08,1.505474414580607e-07,-2.533890452130175e-07,1.505474414065743e-07,-2.532794924940192e-07,1.505474414628886e-07,-2.532001730796e-07,1.505474414580607e-07,-2.533890452130175e-07,1.505474414065743e-07,-2.532794924940192e-07,1.505474414628886e-07,-2.532001730796e-07,1.505474414580607e-07,-2.533890452130175e-07,1.505474414065743e-07,-2.532794924940192e-07,1.505474414628886e-07,-2.532001730796e-07,1.508041080373549e-07,-3.352948429761989e-08,1.508041077710612e-07,-3.34315674304772e-08,1.508041077516893e-07,-3.33655216084318e-08,1.508041080373549e-07,-3.352948429761989e-08,1.508041077710612e-07,-3.34315674304772e-08,1.508041077516893e-07,-3.33655216084318e-08,1.508041080373549e-07,-3.352948429761989e-08,1.508041077710612e-07,-3.34315674304772e-08,1.508041077516893e-07,-3.33655216084318e-08,1.508065197254163e-07,1.05590629268713e-08,1.508065195120182e-07,1.065638822597816e-08,1.508065195994486e-07,1.072164846697639e-08,1.508065197254163e-07,1.05590629268713e-08,1.508065195120182e-07,1.065638822597816e-08,1.508065195994486e-07,1.072164846697639e-08,1.508065197254163e-07,1.05590629268713e-08,1.508065195120182e-07,1.065638822597816e-08,1.508065195994486e-07,1.072164846697639e-08,1.508450654594835e-07,-9.529392247363185e-08,1.508450652355379e-07,-9.506470947669107e-08,1.508450653318312e-07,-9.500885911566345e-08,1.508450654594835e-07,-9.529392247363185e-08,1.508450652355379e-07,-9.506470947669107e-08,1.508450653318312e-07,-9.500885911566345e-08,1.508450654594835e-07,-9.529392247363185e-08,1.508450652355379e-07,-9.506470947669107e-08,1.508450653318312e-07,-9.500885911566345e-08,1.508565185978642e-07,-9.045479723656302e-08,1.508565183320367e-07,-9.035806496908827e-08,1.508565184555564e-07,-9.030466982520253e-08,1.508565185978642e-07,-9.045479723656302e-08,1.508565183320367e-07,-9.035806496908827e-08,1.508565184555564e-07,-9.030466982520253e-08,1.508565185978642e-07,-9.045479723656302e-08,1.508565183320367e-07,-9.035806496908827e-08,1.508565184555564e-07,-9.030466982520253e-08,1.508739381402338e-07,-7.835716254806105e-08,1.508739378871825e-07,-7.826474844801752e-08,1.508739380962648e-07,-7.821388925332602e-08,1.508739381402338e-07,-7.835716254806105e-08,1.508739378871825e-07,-7.826474844801752e-08,1.508739380962648e-07,-7.821388925332602e-08,1.508739381402338e-07,-7.835716254806105e-08,1.508739378871825e-07,-7.826474844801752e-08,1.508739380962648e-07,-7.821388925332602e-08
1.510635892213519e-07,3.73982582367599e-08,1.51063588848638e-07,3.748752804314591e-08,1.510635890041068e-07,3.754784650746868e-08,1.510635892213519e-07,3.73982582367599e-08,1.51063588848638e-07,3.748752804314591e-08,1.510635890041068e-07,3.754784650746868e-08,1.510635892213519e-07,3.73982582367599e-08,1.51063588848638e-07,3.748752804314591e-08,1.510635890041068e-07,3.754784650746868e-08,1.525256381327092e-07,9.843044444199951e-08,1.525256386280529e-07,9.847520093469902e-08,1.525256401737567e-07,9.848605777607777e-08,1.525256381327092e-07,9.843044444199951e-08,1.525256386280529e-07,9.847520093469902e-08,1.525256401737567e-07,9.848605777607777e-08,1.525256381327092e-07,9.843044444199951e-08,1.525256386280529e-07,9.847520093469902e-08,1.525256401737567e-07,9.848605777607777e-08,1.525941283841558e-07,1.087937888047721e-07,1.52594128561695e-07,1.088355983298349e-07,1.525941303311205e-07,1.088472094680914e-07,1.525941283841558e-07,1.087937888047721e-07,1.52594128561695e-07,1.088355983298349e-07,1.525941303311205e-07,1.088472094680914e-07,1.525941283841558e-07,1.087937888047721e-07,1.52594128561695e-07,1.088355983298349e-07,1.525941303311205e-07,1.088472094680914e-07,1.506472712471859e-07,-3.209936110524574e-08,1.506472711804308e-07,-3.198660943302081e-08,1.50647271206211e-07,-3.192522930360445e-08,1.506472712471859e-07,-3.209936110524574e-08,1.506472711804308e-07,-3.198660943302081e-08,1.50647271206211e-07,-3.192522930360445e-08,1.506472712471859e-07,-3.209936110524574e-08,1.506472711804308e-07,-3.198660943302081e-08,1.50647271206211e-07,-3.192522930360445e-08,1.510746822951635e-07,1.052022153195519e-08,1.510746821606278e-07,1.062915777234387e-08,1.510746824847625e-07,1.068897182561834e-08,1.510746822951635e-07,1.052022153195519e-08,1.510746821606278e-07,1.062915777234387e-08,1.510746824847625e-07,1.068897182561834e-08,1.510746822951635e-07,1.052022153195519e-08,1.510746821606278e-07,1.062915777234387e-08,1.510746824847625e-07,1.068897182561834e-08,1.510849997872687e-07,7.795342114179775e-08,1.510849997820022e-07,7.806197922782129e-08,1.510850002933851e-07,7.812346073632372e-08,1.510849997872687e-07,7.795342114179775e-08,1.510849997820022e-07,7.806197922782129e-08,1.510850002933851e-07,7.812346073632372e-08,1.510849997872687e-07,7.795342114179775e-08,1.510849997820022e-07,7.806197922782129e-08,1.510850002933851e-07,7.812346073632372e-08,1.51147379750247e-07,-4.406766303502141e-08,1.511473796869233e-07,-4.382184842971076e-08,1.51147380262274e-07,-4.376671347390444e-08,1.51147379750247e-07,-4.406766303502141e-08,1.511473796869233e-07,-4.382184842971076e-08,1.51147380262274e-07,-4.376671347390444e-08,1.51147379750247e-07,-4.406766303502141e-08,1.511473796869233e-07,-4.382184842971076e-08,1.51147380262274e-07,-4.376671347390444e-08,1.51173046987171e-07,-4.260287110887874e-08,1.511730468928328e-07,-4.249716982011054e-08,1.511730475588548e-07,-4.243378064783624e-08,1.51173046987171e-07,-4.260287110887874e-08,1.511730468928328e-07,-4.249716982011054e-08,1.511730475588548e-07,-4.243378064783624e-08,1.51173046987171e-07,-4.260287110887874e-08,1.511730468928328e-07,-4.249716982011054e-08,1.511730475588548e-07,-4.243378064783624e-08,1.51208871353235e-07,-3.893053207894333e-08,1.512088713799571e-07,-3.882468602134261e-08,1.512088722315435e-07,-3.876241806528491e-08,1.51208871353235e-07,-3.893053207894333e-08,1.512088713799571e-07,-3.882468602134261e-08,1.512088722315435e-07,-3.876241806528491e-08,1.51208871353235e-07,-3.893053207894333e-08,1.512088713799571e-07,-3.882468602134261e-08,1.512088722315435e-07,-3.876241806528491e-08
1.515908464666729e-07,4.193991439571746e-08,1.515908458172541e-07,4.201542208990396e-08,1.515908462297884e-07,4.206779803182268e-08,1.515908464666729e-07,4.193991439571746e-08,1.515908458172541e-07,4.201542208990396e-08,1.515908462297884e-07,4.206779803182268e-08,1.515908464666729e-07,4.193991439571746e-08,1.515908458172541e-07,4.201542208990396e-08,1.515908462297884e-07,4.206779803182268e-08,1.537544889438608e-07,7.391438290469313e-08,1.53754489624819e-07,7.394130516677925e-08,1.537544919099857e-07,7.394074318901713e-08,1.537544889438608e-07,7.391438290469313e-08,1.53754489624819e-07,7.394130516677925e-08,1.537544919099857e-07,7.394074318901713e-08,1.537544889438608e-07,7.391438290469313e-08,1.53754489624819e-07,7.394130516677925e-08,1.537544919099857e-07,7.394074318901713e-08,1.538579248059172e-07,8.559241358275797e-08,1.538579248970353e-07,8.560445593468705e-08,1.538579274574398e-07,8.55979698311152e-08,1.538579248059172e-07,8.559241358275797e-08,1.538579248970353e-07,8.560445593468705e-08,1.538579274574398e-07,8.55979698311152e-08,1.538579248059172e-07,8.559241358275797e-08,1.538579248970353e-07,8.560445593468705e-08,1.538579274574398e-07,8.55979698311152e-08,1.508027558082566e-07,-1.433459555431884e-08,1.508027556253245e-07,-1.422953253492358e-08,1.508027556756512e-07,-1.415703547592696e-08,1.508027558082566e-07,-1.433459555431884e-08,1.508027556253245e-07,-1.422953253492358e-08,1.508027556756512e-07,-1.415703547592696e-08,1.508027558082566e-07,-1.433459555431884e-08,1.508027556253245e-07,-1.422953253492358e-08,1.508027556756512e-07,-1.415703547592696e-08,1.516158308107807e-07,-2.522042661072967e-08,1.51615830939761e-07,-2.512062718860071e-08,1.516158319509091e-07,-2.505232033494737e-08,1.516158308107807e-07,-2.522042661072967e-08,1.51615830939761e-07,-2.512062718860071e-08,1.516158319509091e-07,-2.505232033494737e-08,1.516158308107807e-07,-2.522042661072967e-08,1.51615830939761e-07,-2.512062718860071e-08,1.516158319509091e-07,-2.505232033494737e-08,1.516419599109734e-07,2.129278874784359e-08,1.516419603219702e-07,2.139181046548654e-08,1.51641961681258e-07,2.14593530954187e-08,1.516419599109734e-07,2.129278874784359e-08,1.516419603219702e-07,2.139181046548654e-08,1.51641961681258e-07,2.14593530954187e-08,1.516419599109734e-07,2.129278874784359e-08,1.516419603219702e-07,2.139181046548654e-08,1.51641961681258e-07,2.14593530954187e-08,1.51752008331774e-07,-8.747742390001683e-08,1.517520085896942e-07,-8.725001944047681e-08,1.517520101231597e-07,-8.71948354555435e-08,1.51752008331774e-07,-8.747742390001683e-08,1.517520085896942e-07,-8.725001944047681e-08,1.517520101231597e-07,-8.71948354555435e-08,1.51752008331774e-07,-8.747742390001683e-08,1.517520085896942e-07,-8.725001944047681e-08,1.517520101231597e-07,-8.71948354555435e-08,1.518061037657845e-07,-8.274214824313352e-08,1.51806104014425e-07,-8.264745400223642e-08,1.518061057654517e-07,-8.259446338920694e-08,1.518061037657845e-07,-8.274214824313352e-08,1.51806104014425e-07,-8.264745400223642e-08,1.518061057654517e-07,-8.259446338920694e-08,1.518061037657845e-07,-8.274214824313352e-08,1.51806104014425e-07,-8.264745400223642e-08,1.518061057654517e-07,-8.259446338920694e-08,1.518703988814438e-07,-7.033062429766715e-08,1.51870398719914e-07,-7.024006581654603e-08,1.518703998296061e-07,-7.018934447124144e-08,1.518703988814438e-07,-7.033062429766715e-08,1.51870398719914e-07,-7.024006581654603e-08,1.518703998296061e-07,-7.018934447124144e-08,1.518703988814438e-07,-7.033062429766715e-08,1.51870398719914e-07,-7.024006581654603e-08,1.518703998296061e-07,-7.018934447124144e-08
1.524087423894415e-07,5.469977884604791e-08,1.524087413937818e-07,5.475434051230583e-08,1.524087419279069e-07,5.477552517056011e-08,1.524087423894415e-07,5.469977884604791e-08,1.524087413937818e-07,5.475434051230583e-08,1.524087419279069e-07,5.477552517056011e-08,1.524087423894415e-07,5.469977884604791e-08,1.524087413937818e-07,5.475434051230583e-08,1.524087419279069e-07,5.477552517056011e-08,1.5561345363822e-07,1.455451279255528e-07,1.556134545634064e-07,1.455183147528096e-07,1.556134578478244e-07,1.454539974583846e-07,1.5561345363822e-07,1.455451279255528e-07,1.556134545634064e-07,1.455183147528096e-07,1.556134578478244e-07,1.454539974583846e-07,1.5561345363822e-07,1.455451279255528e-07,1.556134545634064e-07,1.455183147528096e-07,1.556134578478244e-07,1.454539974583846e-07,1.557065569608174e-07,1.556891098894222e-07,1.557065570176841e-07,1.556602343221447e-07,1.557065606159082e-07,1.555950572954871e-07,1.557065569608174e-07,1.556891098894222e-07,1.557065570176841e-07,1.556602343221447e-07,1.557065606159082e-07,1.555950572954871e-07,1.557065569608174e-07,1.556891098894222e-07,1.557065570176841e-07,1.556602343221447e-07,1.557065606159082e-07,1.555950572954871e-07,1.510680265861279e-07,-7.197441252431793e-09,1.510680264415216e-07,-7.092245274065597e-09,1.510680267276064e-07,-7.038506954314549e-09,1.510680265861279e-07,-7.197441252431793e-09,1.510680264415216e-07,-7.092245274065597e-09,1.510680267276064e-07,-7.038506954314549e-09,1.510680265861279e-07,-7.197441252431793e-09,1.510680264415216e-07,-7.092245274065597e-09,1.510680267276064e-07,-7.038506954314549e-09,1.524537270659846e-07,2.125507664209029e-08,1.524537272040485e-07,2.136003425106241e-08,1.524537285560577e-07,2.141716046991639e-08,1.524537270659846e-07,2.125507664209029e-08,1.524537272040485e-07,2.136003425106241e-08,1.524537285560577e-07,2.141716046991639e-08,1.524537270659846e-07,2.125507664209029e-08,1.524537272040485e-07,2.136003425106241e-08,1.524537285560577e-07,2.141716046991639e-08,1.525172530492349e-07,8.849231967793655e-08,1.525172535922673e-07,8.859640984190195e-08,1.525172553307046e-07,8.865495577462967e-08,1.525172530492349e-07,8.849231967793655e-08,1.525172535922673e-07,8.859640984190195e-08,1.525172553307046e-07,8.865495577462967e-08,1.525172530492349e-07,8.849231967793655e-08,1.525172535922673e-07,8.859640984190195e-08,1.525172553307046e-07,8.865495577462967e-08,1.526336147930594e-07,-3.524634027097202e-08,1.526336150146689e-07,-3.500503751110457e-08,1.526336170894509e-07,-3.495209002093912e-08,1.526336147930594e-07,-3.524634027097202e-08,1.526336150146689e-07,-3.500503751110457e-08,1.526336170894509e-07,-3.495209002093912e-08,1.526336147930594e-07,-3.524634027097202e-08,1.526336150146689e-07,-3.500503751110457e-08,1.526336170894509e-07,-3.495209002093912e-08,1.527204666747606e-07,-3.326502907485435e-08,1.527204668475627e-07,-3.316488109751351e-08,1.527204691812105e-07,-3.310176243974066e-08,1.527204666747606e-07,-3.326502907485435e-08,1.527204668475627e-07,-3.316488109751351e-08,1.527204691812105e-07,-3.310176243974066e-08,1.527204666747606e-07,-3.326502907485435e-08,1.527204668475627e-07,-3.316488109751351e-08,1.527204691812105e-07,-3.310176243974066e-08,1.528130805391443e-07,-2.921187535261265e-08,1.528130803845541e-07,-2.911177055192523e-08,1.528130820880163e-07,-2.905190816681152e-08,1.528130805391443e-07,-2.921187535261265e-08,1.528130803845541e-07,-2.911177055192523e-08,1.528130820880163e-07,-2.905190816681152e-08,1.528130805391443e-07,-2.921187535261265e-08,1.528130803845541e-07,-2.911177055192523e-08,1.528130820880163e-07,-2.905190816681152e-08
1.536122419484754e-07,7.131943143531654e-08,1.53612240460461e-07,7.134346554003393e-08,1.53612241237121e-07,7.133815514808412e-08,1.536122419484754e-07,7.131943143531654e-08,1.53612240460461e-07,7.134346554003393e-08,1.53612241237121e-07,7.133815514808412e-08,1.536122419484754e-07,7.131943143531654e-08,1.53612240460461e-07,7.134346554003393e-08,1.53612241237121e-07,7.133815514808412e-08,1.584811846370176e-07,1.412735301600579e-07,1.584811861909218e-07,1.412035850712783e-07,1.584811913925685e-07,1.411003371251984e-07,1.584811846370176e-07,1.412735301600579e-07,1.584811861909218e-07,1.412035850712783e-07,1.584811913925685e-07,1.411003371251984e-07,1.584811846370176e-07,1.412735301600579e-07,1.584811861909218e-07,1.412035850712783e-07,1.584811913925685e-07,1.411003371251984e-07,1.587580181673473e-07,1.543953824125941e-07,1.587580184818121e-07,1.54310221077884e-07,1.587580248641861e-07,1.541970636145436e-07,1.587580181673473e-07,1.543953824125941e-07,1.587580184818121e-07,1.54310221077884e-07,1.587580248641861e-07,1.541970636145436e-07,1.587580181673473e-07,1.543953824125941e-07,1.587580184818121e-07,1.54310221077884e-07,1.587580248641861e-07,1.541970636145436e-07,1.515985681418704e-07,-9.140310502096879e-09,1.515985680739156e-07,-9.034696288618387e-09,1.515985688315169e-07,-8.961720750723423e-09,1.515985681418704e-07,-9.140310502096879e-09,1.515985680739156e-07,-9.034696288618387e-09,1.515985688315169e-07,-8.961720750723423e-09,1.515985681418704e-07,-9.140310502096879e-09,1.515985680739156e-07,-9.034696288618387e-09,1.515985688315169e-07,-8.961720750723423e-09,1.536829345971876e-07,-3.138316069761812e-09,1.536829345893724e-07,-3.044860258987874e-09,1.536829364227223e-07,-2.980586701664543e-09,1.536829345971876e-07,-3.138316069761812e-09,1.536829345893724e-07,-3.044860258987874e-09,1.536829364227223e-07,-2.980586701664543e-09,1.536829345971876e-07,-3.138316069761812e-09,1.536829345893724e-07,-3.044860258987874e-09,1.536829364227223e-07,-2.980586701664543e-09,1.537407286342486e-07,4.468352366522518e-08,1.537407292530441e-07,4.477576043401e-08,1.537407317475386e-07,4.483920867490797e-08,1.537407286342486e-07,4.468352366522518e-08,1.537407292530441e-07,4.477576043401e-08,1.537407317475386e-07,4.483920867490797e-08,1.537407286342486e-07,4.468352366522518e-08,1.537407292530441e-07,4.477576043401e-08,1.537407317475386e-07,4.483920867490797e-08,1.539681461104372e-07,-6.922787837283525e-08,1.539681463218063e-07,-6.900804217374938e-08,1.539681491043396e-07,-6.895758713491383e-08,1.539681461104372e-07,-6.922787837283525e-08,1.539681463218063e-07,-6.900804217374938e-08,1.539681491043396e-07,-6.895758713491383e-08,1.539681461104372e-07,-6.922787837283525e-08,1.539681463218063e-07,-6.900804217374938e-08,1.539681491043396e-07,-6.895758713491383e-08,1.540646838603095e-07,-6.429172281544207e-08,1.540646840215244e-07,-6.420601348246248e-08,1.540646872234323e-07,-6.416219223168598e-08,1.540646838603095e-07,-6.429172281544207e-08,1.540646840215244e-07,-6.420601348246248e-08,1.540646872234323e-07,-6.416219223168598e-08,1.540646838603095e-07,-6.429172281544207e-08,1.540646840215244e-07,-6.420601348246248e-08,1.540646872234323e-07,-6.416219223168598e-08,1.541889847908751e-07,-5.156234517414505e-08,1.541889843217464e-07,-5.14806355614556e-08,1.541889865273031e-07,-5.143271717912302e-08,1.541889847908751e-07,-5.156234517414505e-08,1.541889843217464e-07,-5.14806355614556e-08,1.541889865273031e-07,-5.143271717912302e-08,1.541889847908751e-07,-5.156234517414505e-08,1.541889843217464e-07,-5.14806355614556e-08,1.541889865273031e-07,-5.143271717912302e-08
1.553973463346122e-07,1.009607212401855e-07,1.553973441399707e-07,1.009429291813077e-07,1.553973452320575e-07,1.008855078926692e-07,1.553973463346122e-07,1.009607212401855e-07,1.553973441399707e-07,1.009429291813077e-07,1.553973452320575e-07,1.008855078926692e-07,1.553973463346122e-07,1.009607212401855e-07,1.553973441399707e-07,1.009429291813077e-07,1.553973452320575e-07,1.008855078926692e-07,1.630723231238672e-07,2.326638965639126e-07,1.630723255316395e-07,2.325149112965647e-07,1.630723336527401e-07,2.323191222474646e-07,1.630723231238672e-07,2.326638965639126e-07,1.630723255316395e-07,2.325149112965647e-07,1.630723336527401e-07,2.323191222474646e-07,1.630723231238672e-07,2.326638965639126e-07,1.630723255316395e-07,2.325149112965647e-07,1.630723336527401e-07,2.323191222474646e-07,1.632654541422561e-07,2.425513703741401e-07,1.632654546284076e-07,2.424019315895534e-07,1.632654643258394e-07,2.422049017820961e-07,1.632654541422561e-07,2.425513703741401e-07,1.632654546284076e-07,2.424019315895534e-07,1.632654643258394e-07,2.422049017820961e-07,1.632654541422561e-07,2.425513703741401e-07,1.632654546284076e-07,2.424019315895534e-07,1.632654643258394e-07,2.422049017820961e-07,1.524207891104657e-07,4.287142557545466e-09,1.524207889348254e-07,4.389632684267597e-09,1.524207899532798e-07,4.442091957963145e-09,1.524207891104657e-07,4.287142557545466e-09,1.524207889348254e-07,4.389632684267597e-09,1.524207899532798e-07,4.442091957963145e-09,1.524207891104657e-07,4.287142557545466e-09,1.524207889348254e-07,4.389632684267597e-09,1.524207899532798e-07,4.442091957963145e-09,1.554520773375289e-07,5.493856437794698e-08,1.554520772440033e-07,5.503156704853943e-08,1.554520797847853e-07,5.508117746150257e-08,1.554520773375289e-07,5.493856437794698e-08,1.554520772440033e-07,5.503156704853943e-08,1.554520797847853e-07,5.508117746150257e-08,1.554520773375289e-07,5.493856437794698e-08,1.554520772440033e-07,5.503156704853943e-08,1.554520797847853e-07,5.508117746150257e-08,1.555391007681156e-07,1.221182465684871e-07,1.555391015597543e-07,1.222099238274894e-07,1.5553910504579e-07,1.22260865532531e-07,1.555391007681156e-07,1.221182465684871e-07,1.555391015597543e-07,1.222099238274894e-07,1.5553910504579e-07,1.22260865532531e-07,1.555391007681156e-07,1.221182465684871e-07,1.555391015597543e-07,1.222099238274894e-07,1.5553910504579e-07,1.22260865532531e-07,1.558640414254987e-07,-7.874436544411675e-09,1.558640416252591e-07,-7.646624681392188e-09,1.558640457756107e-07,-7.602464830708141e-09,1.558640414254987e-07,-7.874436544411675e-09,1.558640416252591e-07,-7.646624681392188e-09,1.558640457756107e-07,-7.602464830708141e-09,1.558640414254987e-07,-7.874436544411675e-09,1.558640416252591e-07,-7.646624681392188e-09,1.558640457756107e-07,-7.602464830708141e-09,1.56065116831789e-07,-5.217933108021552e-09,1.56065116907036e-07,-5.133103047929201e-09,1.560651216032275e-07,-5.070052540523178e-09,1.56065116831789e-07,-5.217933108021552e-09,1.56065116907036e-07,-5.133103047929201e-09,1.560651216032275e-07,-5.070052540523178e-09,1.56065116831789e-07,-5.217933108021552e-09,1.56065116907036e-07,-5.133103047929201e-09,1.560651216032275e-07,-5.070052540523178e-09,1.562550569611486e-07,-6.559348984975986e-10,1.562550564806651e-07,-5.712433783769037e-10,1.562550602360041e-07,-5.154013777172173e-10,1.562550569611486e-07,-6.559348984975986e-10,1.562550564806651e-07,-5.712433783769037e-10,1.562550602360041e-07,-5.154013777172173e-10,1.562550569611486e-07,-6.559348984975986e-10,1.562550564806651e-07,-5.712433783769037e-10,1.562550602360041e-07,-5.154013777172173e-10
1.581567762837021e-07,1.354260708680537e-07,1.581567729741563e-07,1.353539208756206e-07,1.58156774714902e-07,1.352435121315714e-07,1.581567762837021e-07,1.354260708680537e-07,1.581567729741563e-07,1.353539208756206e-07,1.58156774714902e-07,1.352435121315714e-07,1.581567762837021e-07,1.354260708680537e-07,1.581567729741563e-07,1.353539208756206e-07,1.58156774714902e-07,1.352435121315714e-07,1.698976016797759e-07,2.441129596310943e-07,1.698976056795946e-07,2.439602888740331e-07,1.698976189309024e-07,2.437756378805671e-07,1.698976016797759e-07,2.441129596310943e-07,1.698976056795946e-07,2.439602888740331e-07,1.698976189309024e-07,2.437756378805671e-07,1.698976016797759e-07,2.441129596310943e-07,1.698976056795946e-07,2.439602888740331e-07,1.698976189309024e-07,2.437756378805671e-07,1.708612626639253e-07,2.594092084175256e-07,1.708612635027351e-07,2.592439285178648e-07,1.708612778148136e-07,2.590499034066737e-07,1.708612626639253e-07,2.594092084175256e-07,1.708612635027351e-07,2.592439285178648e-07,1.708612778148136e-07,2.590499034066737e-07,1.708612626639253e-07,2.594092084175256e-07,1.708612635027351e-07,2.592439285178648e-07,1.708612778148136e-07,2.590499034066737e-07,1.536298922272848e-07,1.128310605018833e-08,1.536298919180102e-07,1.13821530090529e-08,1.536298933906076e-07,1.145066051177387e-08,1.536298922272848e-07,1.128310605018833e-08,1.536298919180102e-07,1.13821530090529e-08,1.536298933906076e-07,1.145066051177387e-08,1.536298922272848e-07,1.128310605018833e-08,1.536298919180102e-07,1.13821530090529e-08,1.536298933906076e-07,1.145066051177387e-08,1.582574106509063e-07,4.840315439092739e-08,1.582574107145491e-07,4.847908714710058e-08,1.582574151670081e-07,4.853227313380906e-08,1.582574106509063e-07,4.840315439092739e-08,1.582574107145491e-07,4.847908714710058e-08,1.582574151670081e-07,4.853227313380906e-08,1.582574106509063e-07,4.840315439092739e-08,1.582574107145491e-07,4.847908714710058e-08,1.582574151670081e-07,4.853227313380906e-08,1.584707615964304e-07,9.803737085165045e-08,1.584707631633204e-07,9.811119014352362e-08,1.584707693330138e-07,9.816339079523391e-08,1.584707615964304e-07,9.803737085165045e-08,1.584707631633204e-07,9.811119014352362e-08,1.584707693330138e-07,9.816339079523391e-08,1.584707615964304e-07,9.803737085165045e-08,1.584707631633204e-07,9.811119014352362e-08,1.584707693330138e-07,9.816339079523391e-08,1.590210129111266e-07,-2.530520446405526e-08,1.590210134805879e-07,-2.510570230814547e-08,1.590210200079399e-07,-2.506871023112766e-08,1.590210129111266e-07,-2.530520446405526e-08,1.590210134805879e-07,-2.510570230814547e-08,1.590210200079399e-07,-2.506871023112766e-08,1.590210129111266e-07,-2.530520446405526e-08,1.590210134805879e-07,-2.510570230814547e-08,1.590210200079399e-07,-2.506871023112766e-08,1.592050979173627e-07,-2.039805856727334e-08,1.592050983115691e-07,-2.033444868888953e-08,1.592051058702178e-07,-2.029549078571704e-08,1.592050979173627e-07,-2.039805856727334e-08,1.592050983115691e-07,-2.033444868888953e-08,1.592051058702178e-07,-2.029549078571704e-08,1.592050979173627e-07,-2.039805856727334e-08,1.592050983115691e-07,-2.033444868888953e-08,1.592051058702178e-07,-2.029549078571704e-08,1.594793104253352e-07,-7.186781909945495e-09,1.594793095677024e-07,-7.127473829541813e-09,1.594793151137512e-07,-7.079233888561575e-09,1.594793104253352e-07,-7.186781909945495e-09,1.594793095677024e-07,-7.127473829541813e-09,1.594793151137512e-07,-7.079233888561575e-09,1.594793104253352e-07,-7.186781909945495e-09,1.594793095677024e-07,-7.127473829541813e-09,1.594793151137512e-07,-7.079233888561575e-09
1.623690808342228e-07,1.831393016747902e-07,1.62369075638372e-07,1.830017875754637e-07,1.62369078356818e-07,1.828127949104167e-07,1.623690808342228e-07,1.831393016747902e-07,1.62369075638372e-07,1.830017875754637e-07,1.62369078356818e-07,1.828127949104167e-07,1.623690808342228e-07,1.831393016747902e-07,1.62369075638372e-07,1.830017875754637e-07,1.62369078356818e-07,1.828127949104167e-07,1.802222125716229e-07,3.416119975855501e-07,1.802222179914641e-07,3.415251257864012e-07,1.802222363550099e-07,3.414234519066944e-07,1.802222125716229e-07,3.416119975855501e-07,1.802222179914641e-07,3.415251257864012e-07,1.802222363550099e-07,3.414234519066944e-07,1.802222125716229e-07,3.416119975855501e-07,1.802222179914641e-07,3.415251257864012e-07,1.802222363550099e-07,3.414234519066944e-07,1.815486673810563e-07,3.540441133727908e-07,1.815486685380732e-07,3.539573711162053e-07,1.815486910775992e-07,3.538604567742327e-07,1.815486673810563e-07,3.540441133727908e-07,1.815486685380732e-07,3.539573711162053e-07,1.815486910775992e-07,3.538604567742327e-07,1.815486673810563e-07,3.540441133727908e-07,1.815486685380732e-07,3.539573711162053e-07,1.815486910775992e-07,3.538604567742327e-07,1.554229476907447e-07,3.838039300515298e-08,1.554229471579604e-07,3.847126112504343e-08,1.554229492289939e-07,3.851662244839868e-08,1.554229476907447e-07,3.838039300515298e-08,1.554229471579604e-07,3.847126112504343e-08,1.554229492289939e-07,3.851662244839868e-08,1.554229476907447e-07,3.838039300515298e-08,1.554229471579604e-07,3.847126112504343e-08,1.554229492289939e-07,3.851662244839868e-08,1.627153314327606e-07,1.279110088404972e-07,1.627153316048566e-07,1.279794335275264e-07,1.627153383633471e-07,1.280133682211396e-07,1.627153314327606e-07,1.279110088404972e-07,1.627153316048566e-07,1.279794335275264e-07,1.627153383633471e-07,1.280133682211396e-07,1.627153314327606e-07,1.279110088404972e-07,1.627153316048566e-07,1.279794335275264e-07,1.627153383633471e-07,1.280133682211396e-07,1.628389968713546e-07,1.949401681638141e-07,1.628389991792992e-07,1.95006810648795e-07,1.628390081595119e-07,1.95042236246847e-07,1.628389968713546e-07,1.949401681638141e-07,1.628389991792992e-07,1.95006810648795e-07,1.628390081595119e-07,1.95042236246847e-07,1.628389968713546e-07,1.949401681638141e-07,1.628389991792992e-07,1.95006810648795e-07,1.628390081595119e-07,1.95042236246847e-07,1.636139326877714e-07,5.381444322302851e-08,1.636139335725226e-07,5.401370118064385e-08,1.636139439784143e-07,5.403911113321918e-08,1.636139326877714e-07,5.381444322302851e-08,1.636139335725226e-07,5.401370118064385e-08,1.636139439784143e-07,5.403911113321918e-08,1.636139326877714e-07,5.381444322302851e-08,1.636139335725226e-07,5.401370118064385e-08,1.636139439784143e-07,5.403911113321918e-08,1.639868295293893e-07,5.644770114374566e-08,1.639868301030581e-07,5.650231418286159e-08,1.639868420282537e-07,5.657416923601754e-08,1.639868295293893e-07,5.644770114374566e-08,1.639868301030581e-07,5.650231418286159e-08,1.639868420282537e-07,5.657416923601754e-08,1.639868295293893e-07,5.644770114374566e-08,1.639868301030581e-07,5.650231418286159e-08,1.639868420282537e-07,5.657416923601754e-08,1.646737192269026e-07,6.316973372567405e-08,1.64673718004102e-07,6.322832638865799e-08,1.646737272606378e-07,6.330039947362906e-08,1.646737192269026e-07,6.316973372567405e-08,1.64673718004102e-07,6.322832638865799e-08,1.646737272606378e-07,6.330039947362906e-08,1.646737192269026e-07,6.316973372567405e-08,1.64673718004102e-07,6.322832638865799e-08,1.646737272606378e-07,6.330039947362906e-08
1.691520638607022e-07,2.350264638929282e-07,1.691520554893459e-07,2.348694831342229e-07,1.691520598960149e-07,2.346742511521989e-07,1.691520638607022e-07,2.350264638929282e-07,1.691520554893459e-07,2.348694831342229e-07,1.691520598960149e-07,2.346742511521989e-07,1.691520638607022e-07,2.350264638929282e-07,1.691520554893459e-07,2.348694831342229e-07,1.691520598960149e-07,2.346742511521989e-07,1.901111062858114e-07,3.25958511449996e-07,1.901111089957321e-07,3.259273600219877e-07,1.901111181775049e-07,3.259023291077995e-07,1.901111062858114e-07,3.25958511449996e-07,1.901111089957321e-07,3.259273600219877e-07,1.901111181775049e-07,3.259023291077995e-07,1.901111062858114e-07,3.25958511449996e-07,1.901111089957321e-07,3.259273600219877e-07,1.901111181775049e-07,3.259023291077995e-07,1.907743336905282e-07,3.363814372272069e-07,1.907743342690366e-07,3.363361397123182e-07,1.907743455387996e-07,3.363002501651178e-07,1.907743336905282e-07,3.363814372272069e-07,1.907743342690366e-07,3.363361397123182e-07,1.907743455387996e-07,3.363002501651178e-07,1.907743336905282e-07,3.363814372272069e-07,1.907743342690366e-07,3.363361397123182e-07,1.907743455387996e-07,3.363002501651178e-07,1.581951262529692e-07,6.218216421733229e-08,1.581951255561037e-07,6.22633259371077e-08,1.581951288458153e-07,6.2320360791522e-08,1.581951262529692e-07,6.218216421733229e-08,1.581951255561037e-07,6.22633259371077e-08,1.581951288458153e-07,6.2320360791522e-08,1.581951262529692e-07,6.218216421733229e-08,1.581951255561037e-07,6.22633259371077e-08,1.581951288458153e-07,6.2320360791522e-08,1.693670844784764e-07,1.399062282397678e-07,1.693670847244296e-07,1.399590137991625e-07,1.693670956269524e-07,1.400008047358598e-07,1.693670844784764e-07,1.399062282397678e-07,1.693670847244296e-07,1.399590137991625e-07,1.693670956269524e-07,1.400008047358598e-07,1.693670844784764e-07,1.399062282397678e-07,1.693670847244296e-07,1.399590137991625e-07,1.693670956269524e-07,1.400008047358598e-07,1.702122989374132e-07,1.926462425880192e-07,1.702123025453403e-07,1.926961538843709e-07,1.702123161712396e-07,1.927374410417312e-07,1.702122989374132e-07,1.926462425880192e-07,1.702123025453403e-07,1.926961538843709e-07,1.702123161712396e-07,1.927374410417312e-07,1.702122989374132e-07,1.926462425880192e-07,1.702123025453403e-07,1.926961538843709e-07,1.702123161712396e-07,1.927374410417312e-07,1.712011287729745e-07,5.61324811306423e-08,1.712011302591568e-07,5.62961365884073e-08,1.712011471867377e-07,5.630971784259911e-08,1.712011287729745e-07,5.61324811306423e-08,1.712011302591568e-07,5.62961365884073e-08,1.712011471867377e-07,5.630971784259911e-08,1.712011287729745e-07,5.61324811306423e-08,1.712011302591568e-07,5.62961365884073e-08,1.712011471867377e-07,5.630971784259911e-08,1.71954526263182e-07,6.234789643745066e-08,1.719545273902937e-07,6.237333883333312e-08,1.719545475088072e-07,6.243520075268735e-08,1.71954526263182e-07,6.234789643745066e-08,1.719545273902937e-07,6.237333883333312e-08,1.719545475088072e-07,6.243520075268735e-08,1.71954526263182e-07,6.234789643745066e-08,1.719545273902937e-07,6.237333883333312e-08,1.719545475088072e-07,6.243520075268735e-08,1.729413801756047e-07,7.71962385435349e-08,1.729413779689223e-07,7.72218479578468e-08,1.729413909158382e-07,7.741047172258306e-08,1.729413801756047e-07,7.71962385435349e-08,1.729413779689223e-07,7.72218479578468e-08,1.729413909158382e-07,7.741047172258306e-08,1.729413801756047e-07,7.71962385435349e-08,1.729413779689223e-07,7.72218479578468e-08,1.729413909158382e-07,7.741047172258306e-08
1.79217911724358e-07,2.927806398595943e-07,1.792178999014346e-07,2.926939936585416e-07,1.792179062086269e-07,2.925885390696515e-07,1.79217911724358e-07,2.927806398595943e-07,1.792178999014346e-07,2.926939936585416e-07,1.792179062086269e-07,2.925885390696515e-07,1.79217911724358e-07,2.927806398595943e-07,1.792178999014346e-07,2.926939936585416e-07,1.792179062086269e-07,2.925885390696515e-07,2e-07,3.818618151269887e-07,2e-07,3.818475203209534e-07,2e-07,3.81842094030913e-07,2e-07,3.818618151269887e-07,2e-07,3.818475203209534e-07,2e-07,3.81842094030913e-07,2e-07,3.818618151269887e-07,2e-07,3.818475203209534e-07,2e-07,3.81842094030913e-07,2e-07,3.895049109397645e-07,2e-07,3.89488097504954e-07,2e-07,3.894827422059708e-07,2e-07,3.895049109397645e-07,2e-07,3.89488097504954e-07,2e-07,3.894827422059708e-07,2e-07,3.895049109397645e-07,2e-07,3.89488097504954e-07,2e-07,3.894827422059708e-07,1.624287030881171e-07,1.091567470630929e-07,1.624287019808343e-07,1.092236114380772e-07,1.624287071080487e-07,1.092534579843017e-07,1.624287030881171e-07,1.091567470630929e-07,1.624287019808343e-07,1.092236114380772e-07,1.624287071080487e-07,1.092534579843017e-07,1.624287030881171e-07,1.091567470630929e-07,1.624287019808343e-07,1.092236114380772e-07,1.624287071080487e-07,1.092534579843017e-07,1.794673894818445e-07,2.270914569102834e-07,1.794673899942574e-07,2.271522985539426e-07,1.794674046891139e-07,2.271939892351444e-07,1.794673894818445e-07,2.270914569102834e-07,1.794673899942574e-07,2.271522985539426e-07,1.794674046891139e-07,2.271939892351444e-07,1.794673894818445e-07,2.270914569102834e-07,1.794673899942574e-07,2.271522985539426e-07,1.794674046891139e-07,2.271939892351444e-07,1.805543745618555e-07,2.970678353096861e-07,1.805543797556232e-07,2.971261465379532e-07,1.805544004415819e-07,2.971698808382637e-07,1.805543745618555e-07,2.970678353096861e-07,1.805543797556232e-07,2.971261465379532e-07,1.805544004415819e-07,2.971698808382637e-07,1.805543745618555e-07,2.970678353096861e-07,1.805543797556232e-07,2.971261465379532e-07,1.805544004415819e-07,2.971698808382637e-07,1.822515871215014e-07,1.472834213489917e-07,1.822515891658184e-07,1.474532414072031e-07,1.822516155797675e-07,1.474655921764644e-07,1.822515871215014e-07,1.472834213489917e-07,1.822515891658184e-07,1.474532414072031e-07,1.822516155797675e-07,1.474655921764644e-07,1.822515871215014e-07,1.472834213489917e-07,1.822515891658184e-07,1.474532414072031e-07,1.822516155797675e-07,1.474655921764644e-07,1.83099363943525e-07,1.486614099660239e-07,1.830993655904387e-07,1.486763040844194e-07,1.830993965606743e-07,1.487837457713512e-07,1.83099363943525e-07,1.486614099660239e-07,1.830993655904387e-07,1.486763040844194e-07,1.830993965606743e-07,1.487837457713512e-07,1.83099363943525e-07,1.486614099660239e-07,1.830993655904387e-07,1.486763040844194e-07,1.830993965606743e-07,1.487837457713512e-07,1.848999069934575e-07,1.554034566132665e-07,1.848999040963708e-07,1.554205835518879e-07,1.848999248888119e-07,1.56026476706597e-07,1.848999069934575e-07,1.554034566132665e-07,1.848999040963708e-07,1.554205835518879e-07,1.848999248888119e-07,1.56026476706597e-07,1.848999069934575e-07,1.554034566132665e-07,1.848999040963708e-07,1.554205835518879e-07,1.848999248888119e-07,1.56026476706597e-07
1.89608955862179e-07,3.189092076574096e-07,1.896089499507173e-07,3.188662291501675e-07,1.896089531043134e-07,3.188265152021874e-07,1.89608955862179e-07,3.189092076574096e-07,1.896089499507173e-07,3.188662291501675e-07,1.896089531043134e-07,3.188265152021874e-07,1.89608955862179e-07,3.189092076574096e-07,1.896089499507173e-07,3.188662291501675e-07,1.896089531043134e-07,3.188265152021874e-07,2.00025e-07,0.08028131414116722,2.00025e-07,0.08028131551528453,2.00025e-07,0.08028131509971602,2.00025e-07,0.08028131414116722,2.00025e-07,0.08028131551528453,2.00025e-07,0.08028131509971602,2.00025e-07,0.08028131414116722,2.00025e-07,0.08028131551528453,2.00025e-07,0.08028131509971602,2.00025e-07,0.0802934434572712,2.00025e-07,0.08029344481973298,2.00025e-07,0.08029344446226476,2.00025e-07,0.0802934434572712,2.00025e-07,0.08029344481973298,2.00025e-07,0.08029344446226476,2.00025e-07,0.0802934434572712,2.00025e-07,0.08029344481973298,2.00025e-07,0.08029344446226476,1.692485393421711e-07,1.531572416251639e-07,1.692485376136105e-07,1.532149463289244e-07,1.692485459848919e-07,1.532610387486621e-07,1.692485393421711e-07,1.531572416251639e-07,1.692485376136105e-07,1.532149463289244e-07,1.692485459848919e-07,1.532610387486621e-07,1.692485393421711e-07,1.531572416251639e-07,1.692485376136105e-07,1.532149463289244e-07,1.692485459848919e-07,1.532610387486621e-07,1.897336947409222e-07,2.19672816917147e-07,1.897336949971287e-07,2.197302977528183e-07,1.897337023445569e-07,2.19789410809727e-07,1.897336947409222e-07,2.19672816917147e-07,1.897336949971287e-07,2.197302977528183e-07,1.897337023445569e-07,2.19789410809727e-07,1.897336947409222e-07,2.19672816917147e-07,1.897336949971287e-07,2.197302977528183e-07,1.897337023445569e-07,2.19789410809727e-07,1.902771872809277e-07,2.684442308492643e-07,1.902771898778116e-07,2.68498861274735e-07,1.902772002207909e-07,2.685576499085396e-07,1.902771872809277e-07,2.684442308492643e-07,1.902771898778116e-07,2.68498861274735e-07,1.902772002207909e-07,2.685576499085396e-07,1.902771872809277e-07,2.684442308492643e-07,1.902771898778116e-07,2.68498861274735e-07,1.902772002207909e-07,2.685576499085396e-07,1.911257935607507e-07,1.279075060780412e-07,1.911257945829092e-07,1.280671425128568e-07,1.911258077898837e-07,1.280929977390719e-07,1.911257935607507e-07,1.279075060780412e-07,1.911257945829092e-07,1.280671425128568e-07,1.911258077898837e-07,1.280929977390719e-07,1.911257935607507e-07,1.279075060780412e-07,1.911257945829092e-07,1.280671425128568e-07,1.911258077898837e-07,1.280929977390719e-07,1.915496819717625e-07,1.295461119921671e-07,1.915496827952193e-07,1.295452640985678e-07,1.915496982803372e-07,1.296285979237329e-07,1.915496819717625e-07,1.295461119921671e-07,1.915496827952193e-07,1.295452640985678e-07,1.915496982803372e-07,1.296285979237329e-07,1.915496819717625e-07,1.295461119921671e-07,1.915496827952193e-07,1.295452640985678e-07,1.915496982803372e-07,1.296285979237329e-07,2e-07,1.555080769897272e-07,2e-07,1.555021335425385e-07,2e-07,1.566715172960143e-07,2e-07,1.555080769897272e-07,2e-07,1.555021335425385e-07,2e-07,1.566715172960143e-07,2e-07,1.555080769897272e-07,2e-07,1.555021335425385e-07,2e-07,1.566715172960143e-07
2e-07,3.362724799008277e-07,2e-07,3.362602689970522e-07,2e-07,3.362521871243432e-07,2e-07,3.362724799008277e-07,2e-07,3.362602689970522e-07,2e-07,3.362521871243432e-07,2e-07,3.362724799008277e-07,2e-07,3.362602689970522e-07,2e-07,3.362521871243432e-07,2.000350212300752e-07,0.11575092514048,2.000350212300751e-07,0.1157509267153226,2.000350212300752e-07,0.1157509266685304,2.000350212300752e-07,0.11575092514048,2.000350212300751e-07,0.1157509267153226,2.000350212300752e-07,0.1157509266685304,2.000350212300752e-07,0.11575092514048,2.000350212300751e-07,0.1157509267153226,2.000350212300752e-07,0.1157509266685304,2.000650680825206e-07,0.2516679849264416,2.000650680825202e-07,0.251667986431616,2.000650680825207e-07,0.2516679886269116,2.000650680825206e-07,0.2516679849264416,2.000650680825202e-07,0.251667986431616,2.000650680825207e-07,0.2516679886269116,2.000650680825206e-07,0.2516679849264416,2.000650680825202e-07,0.251667986431616,2.000650680825207e-07,0.2516679886269116,1.793510776587573e-07,2.101683173930038e-07,1.793510750125328e-07,2.102266591795102e-07,1.793510868857323e-07,2.102621894552544e-07,1.793510776587573e-07,2.101683173930038e-07,1.793510750125328e-07,2.102266591795102e-07,1.793510868857323e-07,2.102621894552544e-07,1.793510776587573e-07,2.101683173930038e-07,1.793510750125328e-07,2.102266591795102e-07,1.793510868857323e-07,2.102621894552544e-07,2e-07,2.728929498327823e-07,2e-07,2.729602262649431e-07,2e-07,2.730146078398836e-07,2e-07,2.728929498327823e-07,2e-07,2.729602262649431e-07,2e-07,2.730146078398836e-07,2e-07,2.728929498327823e-07,2e-07,2.729602262649431e-07,2e-07,2.730146078398836e-07,2e-07,3.385597539226273e-07,2e-07,3.386241476647667e-07,2e-07,3.386802325267261e-07,2e-07,3.385597539226273e-07,2e-07,3.386241476647667e-07,2e-07,3.386802325267261e-07,2e-07,3.385597539226273e-07,2e-07,3.386241476647667e-07,2e-07,3.386802325267261e-07,2e-07,1.875564415912582e-07,2e-07,1.877364347482396e-07,2e-07,1.877707942866866e-07,2e-07,1.875564415912582e-07,2e-07,1.877364347482396e-07,2e-07,1.877707942866866e-07,2e-07,1.875564415912582e-07,2e-07,1.877364347482396e-07,2e-07,1.877707942866866e-07,2e-07,1.847038512294642e-07,2e-07,1.847063629563479e-07,2e-07,1.848140388526343e-07,2e-07,1.847038512294642e-07,2e-07,1.847063629563479e-07,2e-07,1.848140388526343e-07,2e-07,1.847038512294642e-07,2e-07,1.847063629563479e-07,2e-07,1.848140388526343e-07,2.00025e-07,0.07875101859635936,2.00025e-07,0.07875101993891287,2.00025e-07,0.07875102027786643,2.00025e-07,0.07875101859635936,2.00025e-07,0.07875101993891287,2.00025e-07,0.07875102027786643,2.00025e-07,0.07875101859635936,2.00025e-07,0.07875101993891287,2.00025e-07,0.07875102027786643
2.00025e-07,0.08027066549647204,2.00025e-07,0.08027066694061584,2.00025e-07,0.08027066652887406,2.00025e-07,0.08027066549647204,2.00025e-07,0.08027066694061584,2.00025e-07,0.08027066652887406,2.00025e-07,0.08027066549647204,2.00025e-07,0.08027066694061584,2.00025e-07,0.08027066652887406,2.000550636902256e-07,0.2029700771048168,2.000550636902253e-07,0.2029700789436378,2.000550636902258e-07,0.2029700799087071,2.000550636902256e-07,0.2029700771048168,2.000550636902253e-07,0.2029700789436378,2.000550636902258e-07,0.2029700799087071,2.000550636902256e-07,0.2029700771048168,2.000550636902253e-07,0.2029700789436378,2.000550636902258e-07,0.2029700799087071,2.000738010618905e-07,0.2997809732474003,2.000738010618902e-07,0.2997809747440013,2.000738010618905e-07,0.2997809777252726,2.000738010618905e-07,0.2997809732474003,2.000738010618902e-07,0.2997809747440013,2.000738010618905e-07,0.2997809777252726,2.000738010618905e-07,0.2997809732474003,2.000738010618902e-07,0.2997809747440013,2.000738010618905e-07,0.2997809777252726,1.896755388293786e-07,2.331868610040319e-07,1.896755375062664e-07,2.332486551649868e-07,1.896755434428662e-07,2.333134919198438e-07,1.896755388293786e-07,2.331868610040319e-07,1.896755375062664e-07,2.332486551649868e-07,1.896755434428662e-07,2.333134919198438e-07,1.896755388293786e-07,2.331868610040319e-07,1.896755375062664e-07,2.332486551649868e-07,1.896755434428662e-07,2.333134919198438e-07,2.00025e-07,0.07951300715817089,2.00025e-07,0.07951300858391755,2.00025e-07,0.07951300829548591,2.00025e-07,0.07951300715817089,2.00025e-07,0.07951300858391755,2.00025e-07,0.07951300829548591,2.00025e-07,0.07951300715817089,2.00025e-07,0.07951300858391755,2.00025e-07,0.07951300829548591,2.00025e-07,0.07952532441328662,2.00025e-07,0.07952532582843119,2.00025e-07,0.07952532553679197,2.00025e-07,0.07952532441328662,2.00025e-07,0.07952532582843119,2.00025e-07,0.07952532553679197,2.00025e-07,0.07952532441328662,2.00025e-07,0.07952532582843119,2.00025e-07,0.07952532553679197,2.00025e-07,0.07872777278914088,2.00025e-07,0.07872777428913079,2.00025e-07,0.07872777407047546,2.00025e-07,0.07872777278914088,2.00025e-07,0.07872777428913079,2.00025e-07,0.07872777407047546,2.00025e-07,0.07872777278914088,2.00025e-07,0.07872777428913079,2.00025e-07,0.07872777407047546,2.00025e-07,0.07873863859513161,2.00025e-07,0.07873863994417156,2.00025e-07,0.07873863968830949,2.00025e-07,0.07873863859513161,2.00025e-07,0.07873863994417156,2.00025e-07,0.07873863968830949,2.00025e-07,0.07873863859513161,2.00025e-07,0.07873863994417156,2.00025e-07,0.07873863968830949,2.000350121709226e-07,0.1134947551733983,2.000350121709225e-07,0.1134947567542074,2.000350121709226e-07,0.1134947574961916,2.000350121709226e-07,0.1134947551733983,2.000350121709225e-07,0.1134947567542074,2.000350121709226e-07,0.1134947574961916,2.000350121709226e-07,0.1134947551733983,2.000350121709225e-07,0.1134947567542074,2.000350121709226e-07,0.1134947574961916
2.00035025221039e-07,0.1157286939208817,2.00035025221039e-07,0.1157286955874995,2.00035025221039e-07,0.1157286955562269,2.00035025221039e-07,0.1157286939208817,2.00035025221039e-07,0.1157286955874995,2.00035025221039e-07,0.1157286955562269,2.00035025221039e-07,0.1157286939208817,2.00035025221039e-07,0.1157286955874995,2.00035025221039e-07,0.1157286955562269,2.000717046254591e-07,0.2890883741861172,2.000717046251479e-07,0.2890883743192417,2.000717046255701e-07,0.289088378953437,2.000717046254591e-07,0.2890883741861172,2.000717046251479e-07,0.2890883743192417,2.000717046255701e-07,0.289088378953437,2.000717046254591e-07,0.2890883741861172,2.000717046251479e-07,0.2890883743192417,2.000717046255701e-07,0.289088378953437,2.000869005309453e-07,0.3766087699727149,2.000869005309451e-07,0.3766087741696498,2.000869005309453e-07,0.3766087791050399,2.000869005309453e-07,0.3766087699727149,2.000869005309451e-07,0.3766087741696498,2.000869005309453e-07,0.3766087791050399,2.000869005309453e-07,0.3766087699727149,2.000869005309451e-07,0.3766087741696498,2.000869005309453e-07,0.3766087791050399,2e-07,2.563791975361933e-07,2e-07,2.564436742012765e-07,2e-07,2.564912376860439e-07,2e-07,2.563791975361933e-07,2e-07,2.564436742012765e-07,2e-07,2.564912376860439e-07,2e-07,2.563791975361933e-07,2e-07,2.564436742012765e-07,2e-07,2.564912376860439e-07,2.000350189872181e-07,0.1146154869666729,2.00035018987218e-07,0.1146154886135601,2.000350189872182e-07,0.1146154887226764,2.000350189872181e-07,0.1146154869666729,2.00035018987218e-07,0.1146154886135601,2.000350189872182e-07,0.1146154887226764,2.000350189872181e-07,0.1146154869666729,2.00035018987218e-07,0.1146154886135601,2.000350189872182e-07,0.1146154887226764,2.000350147039393e-07,0.1146443818117849,2.000350147039392e-07,0.1146443834399956,2.000350147039393e-07,0.1146443835416487,2.000350147039393e-07,0.1146443818117849,2.000350147039392e-07,0.1146443834399956,2.000350147039393e-07,0.1146443835416487,2.000350147039393e-07,0.1146443818117849,2.000350147039392e-07,0.1146443834399956,2.000350147039393e-07,0.1146443835416487,2.000350207480708e-07,0.1134388005788478,2.000350207480708e-07,0.1134388023223068,2.000350207480708e-07,0.1134388025325881,2.000350207480708e-07,0.1134388005788478,2.000350207480708e-07,0.1134388023223068,2.000350207480708e-07,0.1134388025325881,2.000350207480708e-07,0.1134388005788478,2.000350207480708e-07,0.1134388023223068,2.000350207480708e-07,0.1134388025325881,2.000350164883524e-07,0.1134655070353342,2.000350164883522e-07,0.1134655086283927,2.000350164883524e-07,0.1134655087989013,2.000350164883524e-07,0.1134655070353342,2.000350164883522e-07,0.1134655086283927,2.000350164883524e-07,0.1134655087989013,2.000350164883524e-07,0.1134655070353342,2.000350164883522e-07,0.1134655086283927,2.000350164883524e-07,0.1134655087989013,2.000550365127679e-07,0.199192514534517,2.000550365127675e-07,0.199192516474272,2.000550365127679e-07,0.1991925185180329,2.000550365127679e-07,0.199192514534517,2.000550365127675e-07,0.199192516474272,2.000550365127679e-07,0.1991925185180329,2.000550365127679e-07,0.199192514534517,2.000550365127675e-07,0.199192516474272,2.000550365127679e-07,0.1991925185180329
2.000550756631169e-07,0.202611500566391,2.00055075663117e-07,0.2026115025612003,2.00055075663117e-07,0.2026115035523039,2.000550756631169e-07,0.202611500566391,2.00055075663117e-07,0.2026115025612003,2.00055075663117e-07,0.2026115035523039,2.000550756631169e-07,0.202611500566391,2.00055075663117e-07,0.2026115025612003,2.00055075663117e-07,0.2026115035523039,2.000837436410955e-07,0.3578213224831389,2.000837436407627e-07,0.3578213239363223,2.000837436412087e-07,0.357821329352966,2.000837436410955e-07,0.3578213224831389,2.000837436407627e-07,0.3578213239363223,2.000837436412087e-07,0.357821329352966,2.000837436410955e-07,0.3578213224831389,2.000837436407627e-07,0.3578213239363223,2.000837436412087e-07,0.357821329352966,2.000934502654726e-07,0.416972825864576,2.000934502654725e-07,0.4169728400006711,2.000934502654726e-07,0.4169728568572713,2.000934502654726e-07,0.416972825864576,2.000934502654725e-07,0.4169728400006711,2.000934502654726e-07,0.4169728568572713,2.000934502654726e-07,0.416972825864576,2.000934502654725e-07,0.4169728400006711,2.000934502654726e-07,0.4169728568572713,2.00025e-07,0.07950226016617654,2.00025e-07,0.07950226159974699,2.00025e-07,0.0795022612541012,2.00025e-07,0.07950226016617654,2.00025e-07,0.07950226159974699,2.00025e-07,0.0795022612541012,2.00025e-07,0.07950226016617654,2.00025e-07,0.07950226159974699,2.00025e-07,0.0795022612541012,2.000550569616543e-07,0.2009164933178403,2.000550569616539e-07,0.2009164952663099,2.000550569616545e-07,0.2009164964619916,2.000550569616543e-07,0.2009164933178403,2.000550569616539e-07,0.2009164952663099,2.000550569616545e-07,0.2009164964619916,2.000550569616543e-07,0.2009164933178403,2.000550569616539e-07,0.2009164952663099,2.000550569616545e-07,0.2009164964619916,2.000550441118179e-07,0.2012880005352731,2.000550441118177e-07,0.2012880024295771,2.000550441118179e-07,0.2012880035945238,2.000550441118179e-07,0.2012880005352731,2.000550441118177e-07,0.2012880024295771,2.000550441118179e-07,0.2012880035945238,2.000550441118179e-07,0.2012880005352731,2.000550441118177e-07,0.2012880024295771,2.000550441118179e-07,0.2012880035945238,2.000550622442123e-07,0.1984461089521065,2.000550622442123e-07,0.1984461111063925,2.000550622442124e-07,0.1984461125577959,2.000550622442123e-07,0.1984461089521065,2.000550622442123e-07,0.1984461111063925,2.000550622442124e-07,0.1984461125577959,2.000550622442123e-07,0.1984461089521065,2.000550622442123e-07,0.1984461111063925,2.000550622442124e-07,0.1984461125577959,2.000550494650572e-07,0.1988141164339014,2.000550494650565e-07,0.198814118422421,2.000550494650572e-07,0.1988141199352333,2.000550494650572e-07,0.1988141164339014,2.000550494650565e-07,0.198814118422421,2.000550494650572e-07,0.1988141199352333,2.000550494650572e-07,0.1988141164339014,2.000550494650565e-07,0.198814118422421,2.000550494650572e-07,0.1988141199352333,2.000709871787653e-07,0.2806886891592432,2.000709871785499e-07,0.2806886899259292,2.000709871788911e-07,0.2806886956027741,2.000709871787653e-07,0.2806886891592432,2.000709871785499e-07,0.2806886899259292,2.000709871788911e-07,0.2806886956027741,2.000709871787653e-07,0.2806886891592432,2.000709871785499e-07,0.2806886899259292,2.000709871788911e-07,0.2806886956027741
2.000719404239149e-07,0.2893884998736224,2.000719404235668e-07,0.2893885000063292,2.000719404240047e-07,0.289388504775055,2.000719404239149e-07,0.2893884998736224,2.000719404235668e-07,0.2893885000063292,2.000719404240047e-07,0.289388504775055,2.000719404239149e-07,0.2893884998736224,2.000719404235668e-07,0.2893885000063292,2.000719404240047e-07,0.289388504775055,2.000918718205478e-07,0.4068212484508738,2.000918718203813e-07,0.4068212562263954,2.000918718206044e-07,0.4068212667678084,2.000918718205478e-07,0.4068212484508738,2.000918718203813e-07,0.4068212562263954,2.000918718206044e-07,0.4068212667678084,2.000918718205478e-07,0.4068212484508738,2.000918718203813e-07,0.4068212562263954,2.000918718206044e-07,0.4068212667678084,2.001e-07,0.4587504968240931,2.001e-07,0.458750544053687,2.001e-07,0.4587505969088821,2.001e-07,0.4587504968240931,2.001e-07,0.458750544053687,2.001e-07,0.4587505969088821,2.001e-07,0.4587504968240931,2.001e-07,0.458750544053687,2.001e-07,0.4587505969088821,2.000350240954099e-07,0.1145939751144935,2.000350240954098e-07,0.1145939767762484,2.000350240954099e-07,0.1145939768108449,2.000350240954099e-07,0.1145939751144935,2.000350240954098e-07,0.1145939767762484,2.000350240954099e-07,0.1145939768108449,2.000350240954099e-07,0.1145939751144935,2.000350240954098e-07,0.1145939767762484,2.000350240954099e-07,0.1145939768108449,2.00071439156464e-07,0.284913404939894,2.000714391561935e-07,0.2849134053801507,2.000714391565756e-07,0.2849134100269334,2.00071439156464e-07,0.284913404939894,2.000714391561935e-07,0.2849134053801507,2.000714391565756e-07,0.2849134100269334,2.00071439156464e-07,0.284913404939894,2.000714391561935e-07,0.2849134053801507,2.000714391565756e-07,0.2849134100269334,2.000712486936649e-07,0.284869468149649,2.000712486934063e-07,0.2848694685708442,2.000712486937713e-07,0.2848694730702589,2.000712486936649e-07,0.284869468149649,2.000712486934063e-07,0.2848694685708442,2.000712486937713e-07,0.2848694730702589,2.000712486936649e-07,0.284869468149649,2.000712486934063e-07,0.2848694685708442,2.000712486937713e-07,0.2848694730702589,2.000713995285676e-07,0.2809190432167648,2.000713995283294e-07,0.2809190441245667,2.000713995286874e-07,0.2809190490173518,2.000713995285676e-07,0.2809190432167648,2.000713995283294e-07,0.2809190441245667,2.000713995286874e-07,0.2809190490173518,2.000713995285676e-07,0.2809190432167648,2.000713995283294e-07,0.2809190441245667,2.000713995286874e-07,0.2809190490173518,2.000711745111486e-07,0.2807031078981008,2.000711745109281e-07,0.2807031087140971,2.000711745112742e-07,0.2807031137710244,2.000711745111486e-07,0.2807031078981008,2.000711745109281e-07,0.2807031087140971,2.000711745112742e-07,0.2807031137710244,2.000711745111486e-07,0.2807031078981008,2.000711745109281e-07,0.2807031087140971,2.000711745112742e-07,0.2807031137710244,2.000832697332125e-07,0.3502938732495953,2.000832697329799e-07,0.3502938753205257,2.00083269733342e-07,0.3502938819573134,2.000832697332125e-07,0.3502938732495953,2.000832697329799e-07,0.3502938753205257,2.00083269733342e-07,0.3502938819573134,2.000832697332125e-07,0.3502938732495953,2.000832697329799e-07,0.3502938753205257,2.00083269733342e-07,0.3502938819573134
2.000837919669398e-07,0.35670599629423,2.000837919665702e-07,0.3567059977172782,2.000837919670318e-07,0.3567060031961096,2.000837919669398e-07,0.35670599629423,2.000837919665702e-07,0.3567059977172782,2.000837919670318e-07,0.3567060031961096,2.000837919669398e-07,0.35670599629423,2.000837919665702e-07,0.3567059977172782,2.000837919670318e-07,0.3567060031961096,2.001e-07,0.4580005947726863,2.001e-07,0.4580006322475861,2.001e-07,0.4580006748799609,2.001e-07,0.4580005947726863,2.001e-07,0.4580006322475861,2.001e-07,0.4580006748799609,2.001e-07,0.4580005947726863,2.001e-07,0.4580006322475861,2.001e-07,0.4580006748799609,2.00102142456725e-07,0.4717427354910588,2.001021424597799e-07,0.4717428250105273,2.001021424619992e-07,0.4717429143606392,2.00102142456725e-07,0.4717427354910588,2.001021424597799e-07,0.4717428250105273,2.001021424619992e-07,0.4717429143606392,2.00102142456725e-07,0.4717427354910588,2.001021424597799e-07,0.4717428250105273,2.001021424619992e-07,0.4717429143606392,2.000550722862297e-07,0.2005683475328493,2.000550722862293e-07,0.2005683495238098,2.000550722862298e-07,0.200568350624266,2.000550722862297e-07,0.2005683475328493,2.000550722862293e-07,0.2005683495238098,2.000550722862298e-07,0.200568350624266,2.000550722862297e-07,0.2005683475328493,2.000550722862293e-07,0.2005683495238098,2.000550722862298e-07,0.200568350624266,2.000834535296665e-07,0.3530592193909551,2.000834535293763e-07,0.3530592210612267,2.000834535297805e-07,0.3530592263828982,2.000834535296665e-07,0.3530592193909551,2.000834535293763e-07,0.3530592210612267,2.000834535297805e-07,0.3530592263828982,2.000834535296665e-07,0.3530592193909551,2.000834535293763e-07,0.3530592210612267,2.000834535297805e-07,0.3530592263828982,2.000835623766725e-07,0.3551111968961304,2.000835623763938e-07,0.3551111986462841,2.000835623767809e-07,0.3551112038837254,2.000835623766725e-07,0.3551111968961304,2.000835623763938e-07,0.3551111986462841,2.000835623767809e-07,0.3551112038837254,2.000835623766725e-07,0.3551111968961304,2.000835623763938e-07,0.3551111986462841,2.000835623767809e-07,0.3551112038837254,2.000832055500443e-07,0.3470867068191757,2.000832055497905e-07,0.3470867086871335,2.000832055501677e-07,0.3470867143330881,2.000832055500443e-07,0.3470867068191757,2.000832055497905e-07,0.3470867086871335,2.000832055501677e-07,0.3470867143330881,2.000832055500443e-07,0.3470867068191757,2.000832055497905e-07,0.3470867086871335,2.000832055501677e-07,0.3470867143330881,2.000831625355168e-07,0.3482478225462354,2.000831625352798e-07,0.3482478244618408,2.000831625356459e-07,0.3482478303718113,2.000831625355168e-07,0.3482478225462354,2.000831625352798e-07,0.3482478244618408,2.000831625356459e-07,0.3482478303718113,2.000831625355168e-07,0.3482478225462354,2.000831625352798e-07,0.3482478244618408,2.000831625356459e-07,0.3482478303718113,2.000916348666063e-07,0.4006936936672597,2.0009163486649e-07,0.4006937012507626,2.00091634866671e-07,0.4006937127172294,2.000916348666063e-07,0.4006936936672597,2.0009163486649e-07,0.4006937012507626,2.00091634866671e-07,0.4006937127172294,2.000916348666063e-07,0.4006936936672597,2.0009163486649e-07,0.4006937012507626,2.00091634866671e-07,0.4006937127172294
2.000918959834699e-07,0.4053198499100491,2.000918959832851e-07,0.4053198569364673,2.000918959835159e-07,0.4053198674415507,2.000918959834699e-07,0.4053198499100491,2.000918959832851e-07,0.4053198569364673,2.000918959835159e-07,0.4053198674415507,2.000918959834699e-07,0.4053198499100491,2.000918959832851e-07,0.4053198569364673,2.000918959835159e-07,0.4053198674415507,2.001029348862914e-07,0.4753945369805953,2.001029348947361e-07,0.4753946461497457,2.001029349031619e-07,0.4753947602852376,2.001029348862914e-07,0.4753945369805953,2.001029348947361e-07,0.4753946461497457,2.001029349031619e-07,0.4753947602852376,2.001029348862914e-07,0.4753945369805953,2.001029348947361e-07,0.4753946461497457,2.001029349031619e-07,0.4753947602852376,2.001064203346856e-07,0.4966645847217337,2.001064203379435e-07,0.4966647411637953,2.001064203376736e-07,0.4966648865363282,2.001064203346856e-07,0.4966645847217337,2.001064203379435e-07,0.4966647411637953,2.001064203376736e-07,0.4966648865363282,2.001064203346856e-07,0.4966645847217337,2.001064203379435e-07,0.4966647411637953,2.001064203376736e-07,0.4966648865363282,2.000714915861681e-07,0.2842123007011785,2.000714915861178e-07,0.2842123024014169,2.000714915861695e-07,0.2842123051682302,2.000714915861681e-07,0.2842123007011785,2.000714915861178e-07,0.2842123024014169,2.000714915861695e-07,0.2842123051682302,2.000714915861681e-07,0.2842123007011785,2.000714915861178e-07,0.2842123024014169,2.000714915861695e-07,0.2842123051682302,2.000917267648333e-07,0.4027798270212394,2.000917267646881e-07,0.4027798342835193,2.000917267648902e-07,0.4027798445607672,2.000917267648333e-07,0.4027798270212394,2.000917267646881e-07,0.4027798342835193,2.000917267648902e-07,0.4027798445607672,2.000917267648333e-07,0.4027798270212394,2.000917267646881e-07,0.4027798342835193,2.000917267648902e-07,0.4027798445607672,2.000917811883363e-07,0.4047811533161413,2.000917811881969e-07,0.4047811610352819,2.000917811883904e-07,0.4047811712670554,2.000917811883363e-07,0.4047811533161413,2.000917811881969e-07,0.4047811610352819,2.000917811883904e-07,0.4047811712670554,2.000917811883363e-07,0.4047811533161413,2.000917811881969e-07,0.4047811610352819,2.000917811883904e-07,0.4047811712670554,2.000916027750222e-07,0.3971280443416347,2.000916027748953e-07,0.3971280504777985,2.000916027750839e-07,0.397128059253587,2.000916027750222e-07,0.3971280443416347,2.000916027748953e-07,0.3971280504777985,2.000916027750839e-07,0.397128059253587,2.000916027750222e-07,0.3971280443416347,2.000916027748953e-07,0.3971280504777985,2.000916027750839e-07,0.397128059253587,2.000915812677584e-07,0.3986795338203035,2.000915812676399e-07,0.3986795400841936,2.000915812678229e-07,0.3986795504569447,2.000915812677584e-07,0.3986795338203035,2.000915812676399e-07,0.3986795400841936,2.000915812678229e-07,0.3986795504569447,2.000915812677584e-07,0.3986795338203035,2.000915812676399e-07,0.3986795400841936,2.000915812678229e-07,0.3986795504569447,2.000958174333031e-07,0.4268016982244686,2.00095817433245e-07,0.426801715160246,2.000958174333355e-07,0.4268017375194332,2.000958174333031e-07,0.4268016982244686,2.00095817433245e-07,0.426801715160246,2.000958174333355e-07,0.4268017375194332,2.000958174333031e-07,0.4268016982244686,2.00095817433245e-07,0.426801715160246,2.000958174333355e-07,0.4268017375194332
2.001e-07,0.4561047750696735,2.001e-07,0.4561048083006979,2.001e-07,0.4561048462589682,2.001e-07,0.4561047750696735,2.001e-07,0.4561048083006979,2.001e-07,0.4561048462589682,2.001e-07,0.4561047750696735,2.001e-07,0.4561048083006979,2.001e-07,0.4561048462589682,2.001088046588743e-07,0.5083608992543253,2.001088046842082e-07,0.5083611807552093,2.001088047094858e-07,0.5083614748034558,2.001088046588743e-07,0.5083608992543253,2.001088046842082e-07,0.5083611807552093,2.001088047094858e-07,0.5083614748034558,2.001088046588743e-07,0.5083608992543253,2.001088046842082e-07,0.5083611807552093,2.001088047094858e-07,0.5083614748034558,2.001106476140043e-07,0.5193833307430037,2.001106476176238e-07,0.5193835957682963,2.001106476178067e-07,0.5193838583674769,2.001106476140043e-07,0.5193833307430037,2.001106476176238e-07,0.5193835957682963,2.001106476178067e-07,0.5193838583674769,2.001106476140043e-07,0.5193833307430037,2.001106476176238e-07,0.5193835957682963,2.001106476178067e-07,0.5193838583674769,2.000832223943212e-07,0.3503127892060636,2.000832223942568e-07,0.3503127920201958,2.00083222394323e-07,0.3503127953390603,2.000832223943212e-07,0.3503127892060636,2.000832223942568e-07,0.3503127920201958,2.00083222394323e-07,0.3503127953390603,2.000832223943212e-07,0.3503127892060636,2.000832223942568e-07,0.3503127920201958,2.00083222394323e-07,0.3503127953390603,2.000958633824166e-07,0.4284918006782436,2.000958633823441e-07,0.4284918156741573,2.000958633824451e-07,0.4284918374451834,2.000958633824166e-07,0.4284918006782436,2.000958633823441e-07,0.4284918156741573,2.000958633824451e-07,0.4284918374451834,2.000958633824166e-07,0.4284918006782436,2.000958633823441e-07,0.4284918156741573,2.000958633824451e-07,0.4284918374451834,2.000958905941681e-07,0.4304550219467639,2.000958905940984e-07,0.4304550422418442,2.000958905941952e-07,0.4304550635847296,2.000958905941681e-07,0.4304550219467639,2.000958905940984e-07,0.4304550422418442,2.000958905941952e-07,0.4304550635847296,2.000958905941681e-07,0.4304550219467639,2.000958905940984e-07,0.4304550422418442,2.000958905941952e-07,0.4304550635847296,2.000958013875111e-07,0.4230691067310362,2.000958013874476e-07,0.4230691227751887,2.000958013875419e-07,0.4230691383985863,2.000958013875111e-07,0.4230691067310362,2.000958013874476e-07,0.4230691227751887,2.000958013875419e-07,0.4230691383985863,2.000958013875111e-07,0.4230691067310362,2.000958013874476e-07,0.4230691227751887,2.000958013875419e-07,0.4230691383985863,2.000957906338792e-07,0.4248170926959989,2.0009579063382e-07,0.4248171076517661,2.000957906339115e-07,0.4248171263027355,2.000957906338792e-07,0.4248170926959989,2.0009579063382e-07,0.4248171076517661,2.000957906339115e-07,0.4248171263027355,2.000957906338792e-07,0.4248170926959989,2.0009579063382e-07,0.4248171076517661,2.000957906339115e-07,0.4248171263027355,2.001e-07,0.4535862767155614,2.001e-07,0.45358631663909,2.001e-07,0.4535863588714364,2.001e-07,0.4535862767155614,2.001e-07,0.45358631663909,2.001e-07,0.4535863588714364,2.001e-07,0.4535862767155614,2.001e-07,0.45358631663909,2.001e-07,0.4535863588714364
2.001031318167468e-07,0.4745116334634324,2.001031318261018e-07,0.4745117462761467,2.001031318354001e-07,0.4745118628094007,2.001031318167468e-07,0.4745116334634324,2.001031318261018e-07,0.4745117462761467,2.001031318354001e-07,0.4745118628094007,2.001031318167468e-07,0.4745116334634324,2.001031318261018e-07,0.4745117462761467,2.001031318354001e-07,0.4745118628094007,2.001131780619928e-07,0.5306929727675512,2.001131780918146e-07,0.5306933787439672,2.001131781217991e-07,0.5306938015742708,2.001131780619928e-07,0.5306929727675512,2.001131780918146e-07,0.5306933787439672,2.001131781217991e-07,0.5306938015742708,2.001131780619928e-07,0.5306929727675512,2.001131780918146e-07,0.5306933787439672,2.001131781217991e-07,0.5306938015742708,2.001137737101857e-07,0.5350963304523216,2.00113773703074e-07,0.5350966549135326,2.001137736884539e-07,0.5350969621896935,2.001137737101857e-07,0.5350963304523216,2.00113773703074e-07,0.5350966549135326,2.001137736884539e-07,0.5350969621896935,2.001137737101857e-07,0.5350963304523216,2.00113773703074e-07,0.5350966549135326,2.001137736884539e-07,0.5350969621896935,2.000916111971606e-07,0.4004163752759492,2.000916111971284e-07,0.4004163819446969,2.000916111971615e-07,0.4004163901592599,2.000916111971606e-07,0.4004163752759492,2.000916111971284e-07,0.4004163819446969,2.000916111971615e-07,0.4004163901592599,2.000916111971606e-07,0.4004163752759492,2.000916111971284e-07,0.4004163819446969,2.000916111971615e-07,0.4004163901592599,2.001e-07,0.4548339458807879,2.001e-07,0.4548339822106729,2.001e-07,0.4548340245046245,2.001e-07,0.4548339458807879,2.001e-07,0.4548339822106729,2.001e-07,0.4548340245046245,2.001e-07,0.4548339458807879,2.001e-07,0.4548339822106729,2.001e-07,0.4548340245046245,2.001e-07,0.4567537210927927,2.001e-07,0.4567537631717367,2.001e-07,0.4567538054706178,2.001e-07,0.4567537210927927,2.001e-07,0.4567537631717367,2.001e-07,0.4567538054706178,2.001e-07,0.4567537210927927,2.001e-07,0.4567537631717367,2.001e-07,0.4567538054706178,2.001e-07,0.4496905665500187,2.001e-07,0.4496905992033706,2.001e-07,0.4496906315107891,2.001e-07,0.4496905665500187,2.001e-07,0.4496905992033706,2.001e-07,0.4496906315107891,2.001e-07,0.4496905665500187,2.001e-07,0.4496905992033706,2.001e-07,0.4496906315107891,2.001e-07,0.4516387016431706,2.001e-07,0.451638733514867,2.001e-07,0.4516387733059024,2.001e-07,0.4516387016431706,2.001e-07,0.451638733514867,2.001e-07,0.4516387733059024,2.001e-07,0.4516387016431706,2.001e-07,0.451638733514867,2.001e-07,0.4516387733059024,2.001025830149747e-07,0.4691468663075933,2.001025830154106e-07,0.4691469242645521,2.001025830119977e-07,0.4691469663145342,2.001025830149747e-07,0.4691468663075933,2.001025830154106e-07,0.4691469242645521,2.001025830119977e-07,0.4691469663145342,2.001025830149747e-07,0.4691468663075933,2.001025830154106e-07,0.4691469242645521,2.001025830119977e-07,0.4691469663145342
2.001090054695566e-07,0.5072356008819382,2.001090054709944e-07,0.50723575348849,2.001090054721008e-07,0.5072359136363298,2.001090054695566e-07,0.5072356008819382,2.001090054709944e-07,0.50723575348849,2.001090054721008e-07,0.5072359136363298,2.001090054695566e-07,0.5072356008819382,2.001090054709944e-07,0.50723575348849,2.001090054721008e-07,0.5072359136363298,2.001163591004149e-07,0.5458883650002195,2.001163591447812e-07,0.5458889423575154,2.001163591911985e-07,0.5458895449585883,2.001163591004149e-07,0.5458883650002195,2.001163591447812e-07,0.5458889423575154,2.001163591911985e-07,0.5458895449585883,2.001163591004149e-07,0.5458883650002195,2.001163591447812e-07,0.5458889423575154,2.001163591911985e-07,0.5458895449585883,2.001168387294347e-07,0.549689297734353,2.001168387184614e-07,0.5496897279884804,2.001168386973105e-07,0.5496901332204965,2.001168387294347e-07,0.549689297734353,2.001168387184614e-07,0.5496897279884804,2.001168386973105e-07,0.5496901332204965,2.001168387294347e-07,0.549689297734353,2.001168387184614e-07,0.5496897279884804,2.001168386973105e-07,0.5496901332204965,2.000958055985803e-07,0.4263457222122318,2.000958055985642e-07,0.42634573876003,2.000958055985807e-07,0.426345754048877,2.000958055985803e-07,0.4263457222122318,2.000958055985642e-07,0.42634573876003,2.000958055985807e-07,0.426345754048877,2.000958055985803e-07,0.4263457222122318,2.000958055985642e-07,0.42634573876003,2.000958055985807e-07,0.426345754048877,2.00102738382052e-07,0.4711636946450062,2.001027383846647e-07,0.4711637670229039,2.001027383871078e-07,0.4711638429163487,2.00102738382052e-07,0.4711636946450062,2.001027383846647e-07,0.4711637670229039,2.001027383871078e-07,0.4711638429163487,2.00102738382052e-07,0.4711636946450062,2.001027383846647e-07,0.4711637670229039,2.001027383871078e-07,0.4711638429163487,2.001024664092875e-07,0.4716056738455298,2.001024664119483e-07,0.4716057498490021,2.001024664147543e-07,0.4716058313155276,2.001024664092875e-07,0.4716056738455298,2.001024664119483e-07,0.4716057498490021,2.001024664147543e-07,0.4716058313155276,2.001024664092875e-07,0.4716056738455298,2.001024664119483e-07,0.4716057498490021,2.001024664147543e-07,0.4716058313155276,2.001031598051013e-07,0.4683465240039155,2.001031598072322e-07,0.4683465884387205,2.001031598097849e-07,0.4683466596103634,2.001031598051013e-07,0.4683465240039155,2.001031598072322e-07,0.4683465884387205,2.001031598097849e-07,0.4683466596103634,2.001031598051013e-07,0.4683465240039155,2.001031598072322e-07,0.4683465884387205,2.001031598097849e-07,0.4683466596103634,2.001028937195902e-07,0.4688897462025703,2.001028937209902e-07,0.4688898068260452,2.001028937191995e-07,0.4688898552154811,2.001028937195902e-07,0.4688897462025703,2.001028937209902e-07,0.4688898068260452,2.001028937191995e-07,0.4688898552154811,2.001028937195902e-07,0.4688897462025703,2.001028937209902e-07,0.4688898068260452,2.001028937191995e-07,0.4688898552154811,2.001068206745838e-07,0.4937215974666234,2.001068206751811e-07,0.4937217029042153,2.001068206705344e-07,0.4937217919534287,2.001068206745838e-07,0.4937215974666234,2.001068206751811e-07,0.4937217029042153,2.001068206705344e-07,0.4937217919534287,2.001068206745838e-07,0.4937215974666234,2.001068206751811e-07,0.4937217029042153,2.001068206705344e-07,0.4937217919534287
2.001133923638174e-07,0.529469832832928,2.001133923682074e-07,0.5294701036875196,2.001133923724539e-07,0.5294703944121341,2.001133923638174e-07,0.529469832832928,2.001133923682074e-07,0.5294701036875196,2.001133923724539e-07,0.5294703944121341,2.001133923638174e-07,0.529469832832928,2.001133923682074e-07,0.5294701036875196,2.001133923724539e-07,0.5294703944121341,2.001196239180293e-07,0.5606528139290219,2.001196239781169e-07,0.5606535573874969,2.001196240428881e-07,0.5606543325698827,2.001196239180293e-07,0.5606528139290219,2.001196239781169e-07,0.5606535573874969,2.001196240428881e-07,0.5606543325698827,2.001196239180293e-07,0.5606528139290219,2.001196239781169e-07,0.5606535573874969,2.001196240428881e-07,0.5606543325698827,2.00120582781279e-07,0.5664877726094314,2.001205827089711e-07,0.5664880470336794,2.001205825964366e-07,0.5664881700709724,2.00120582781279e-07,0.5664877726094314,2.001205827089711e-07,0.5664880470336794,2.001205825964366e-07,0.5664881700709724,2.00120582781279e-07,0.5664877726094314,2.001205827089711e-07,0.5664880470336794,2.001205825964366e-07,0.5664881700709724,2.001e-07,0.4529203734718152,2.001e-07,0.4529204075448997,2.001e-07,0.4529204434490425,2.001e-07,0.4529203734718152,2.001e-07,0.4529204075448997,2.001e-07,0.4529204434490425,2.001e-07,0.4529203734718152,2.001e-07,0.4529204075448997,2.001e-07,0.4529204434490425,2.001070098109885e-07,0.4956655616454502,2.001070098144858e-07,0.4956656873227894,2.001070098176683e-07,0.4956658200576544,2.001070098109885e-07,0.4956655616454502,2.001070098144858e-07,0.4956656873227894,2.001070098176683e-07,0.4956658200576544,2.001070098109885e-07,0.4956655616454502,2.001070098144858e-07,0.4956656873227894,2.001070098176683e-07,0.4956658200576544,2.001066314280268e-07,0.4957473459126446,2.001066314316005e-07,0.4957474787290511,2.001066314352504e-07,0.4957476201366336,2.001066314280268e-07,0.4957473459126446,2.001066314316005e-07,0.4957474787290511,2.001066314352504e-07,0.4957476201366336,2.001066314280268e-07,0.4957473459126446,2.001066314316005e-07,0.4957474787290511,2.001066314352504e-07,0.4957476201366336,2.001076003137868e-07,0.4935544673183649,2.00107600316618e-07,0.4935545794785004,2.001076003199207e-07,0.4935547034322378,2.001076003137868e-07,0.4935544673183649,2.00107600316618e-07,0.4935545794785004,2.001076003199207e-07,0.4935547034322378,2.001076003137868e-07,0.4935544673183649,2.00107600316618e-07,0.4935545794785004,2.001076003199207e-07,0.4935547034322378,2.001072495391086e-07,0.4938692206530205,2.001072495409586e-07,0.4938693266498808,2.00107249538494e-07,0.4938694203432071,2.001072495391086e-07,0.4938692206530205,2.001072495409586e-07,0.4938693266498808,2.00107249538494e-07,0.4938694203432071,2.001072495391086e-07,0.4938692206530205,2.001072495409586e-07,0.4938693266498808,2.00107249538494e-07,0.4938694203432071,2.001107000052999e-07,0.514616776619032,2.001107000091585e-07,0.5146169668490119,2.001107000069091e-07,0.5146171399450529,2.001107000052999e-07,0.514616776619032,2.001107000091585e-07,0.5146169668490119,2.001107000069091e-07,0.5146171399450529,2.001107000052999e-07,0.514616776619032,2.001107000091585e-07,0.5146169668490119,2.001107000069091e-07,0.5146171399450529
2.00116655879167e-07,0.5449396702458744,2.00116655901186e-07,0.5449401296071913,2.001166559261693e-07,0.5449406289059255,2.00116655879167e-07,0.5449396702458744,2.00116655901186e-07,0.5449401296071913,2.001166559261693e-07,0.5449406289059255,2.00116655879167e-07,0.5449396702458744,2.00116655901186e-07,0.5449401296071913,2.001166559261693e-07,0.5449406289059255,2.001228351214314e-07,0.5743737421235099,2.001228351952108e-07,0.5743745722071399,2.001228352753559e-07,0.5743754327628002,2.001228351214314e-07,0.5743737421235099,2.001228351952108e-07,0.5743745722071399,2.001228352753559e-07,0.5743754327628002,2.001228351214314e-07,0.5743737421235099,2.001228351952108e-07,0.5743745722071399,2.001228352753559e-07,0.5743754327628002,2.001242889371058e-07,0.5820579409875676,2.00124288833376e-07,0.5820581049410252,2.001242886895402e-07,0.5820581093818153,2.001242889371058e-07,0.5820579409875676,2.00124288833376e-07,0.5820581049410252,2.001242886895402e-07,0.5820581093818153,2.001242889371058e-07,0.5820579409875676,2.00124288833376e-07,0.5820581049410252,2.001242886895402e-07,0.5820581093818153,2.001031009569923e-07,0.471201396175616,2.001031009603837e-07,0.4712014717989702,2.001031009634574e-07,0.4712015522433208,2.001031009569923e-07,0.471201396175616,2.001031009603837e-07,0.4712014717989702,2.001031009634574e-07,0.4712015522433208,2.001031009569923e-07,0.471201396175616,2.001031009603837e-07,0.4712014717989702,2.001031009634574e-07,0.4712015522433208,2.00110856459622e-07,0.5161375766310765,2.001108564654935e-07,0.5161377854921552,2.001108564724753e-07,0.5161380120955336,2.00110856459622e-07,0.5161375766310765,2.001108564654935e-07,0.5161377854921552,2.001108564724753e-07,0.5161380120955336,2.00110856459622e-07,0.5161375766310765,2.001108564654935e-07,0.5161377854921552,2.001108564724753e-07,0.5161380120955336,2.001104852025825e-07,0.5164787158443265,2.001104852093057e-07,0.5164789422036347,2.001104852154857e-07,0.5164791783889252,2.001104852025825e-07,0.5164787158443265,2.001104852093057e-07,0.5164789422036347,2.001104852154857e-07,0.5164791783889252,2.001104852025825e-07,0.5164787158443265,2.001104852093057e-07,0.5164789422036347,2.001104852154857e-07,0.5164791783889252,2.001114734265266e-07,0.5139648759911819,2.001114734321776e-07,0.5139650617361179,2.00111473437845e-07,0.5139652613045279,2.001114734265266e-07,0.5139648759911819,2.001114734321776e-07,0.5139650617361179,2.00111473437845e-07,0.5139652613045279,2.001114734265266e-07,0.5139648759911819,2.001114734321776e-07,0.5139650617361179,2.00111473437845e-07,0.5139652613045279,2.001111306222673e-07,0.5145325694959531,2.001111306257706e-07,0.5145327457035177,2.001111306264073e-07,0.5145329207154856,2.001111306222673e-07,0.5145325694959531,2.001111306257706e-07,0.5145327457035177,2.001111306264073e-07,0.5145329207154856,2.001111306222673e-07,0.5145325694959531,2.001111306257706e-07,0.5145327457035177,2.001111306264073e-07,0.5145329207154856,2.001150815766022e-07,0.5365911756233881,2.00115081581074e-07,0.5365914785811555,2.001150815790859e-07,0.5365917666070952,2.001150815766022e-07,0.5365911756233881,2.00115081581074e-07,0.5365914785811555,2.001150815790859e-07,0.5365917666070952,2.001150815766022e-07,0.5365911756233881,2.00115081581074e-07,0.5365914785811555,2.001150815790859e-07,0.5365917666070952
2.001200008701388e-07,0.5599394613993426,2.001200009106572e-07,0.5599401060371764,2.001200009572387e-07,0.559940797992761,2.001200008701388e-07,0.5599394613993426,2.001200009106572e-07,0.5599401060371764,2.001200009572387e-07,0.559940797992761,2.001200008701388e-07,0.5599394613993426,2.001200009106572e-07,0.5599401060371764,2.001200009572387e-07,0.559940797992761,2.001265446208251e-07,0.5892994518841596,2.001265447124737e-07,0.5893002415518406,2.001265448210539e-07,0.5893010831112114,2.001265446208251e-07,0.5892994518841596,2.001265447124737e-07,0.5893002415518406,2.001265448210539e-07,0.5893010831112114,2.001265446208251e-07,0.5892994518841596,2.001265447124737e-07,0.5893002415518406,2.001265448210539e-07,0.5893010831112114,2.001288834350702e-07,0.599981703756161,2.001288832338469e-07,0.5999812244056111,2.001288829712306e-07,0.5999804892045423,2.001288834350702e-07,0.599981703756161,2.001288832338469e-07,0.5999812244056111,2.001288829712306e-07,0.5999804892045423,2.001288834350702e-07,0.599981703756161,2.001288832338469e-07,0.5999812244056111,2.001288829712306e-07,0.5999804892045423,2.001075218650159e-07,0.4962466616405343,2.001075218694928e-07,0.4962467943626719,2.001075218735182e-07,0.4962469329416915,2.001075218650159e-07,0.4962466616405343,2.001075218694928e-07,0.4962467943626719,2.001075218735182e-07,0.4962469329416915,2.001075218650159e-07,0.4962466616405343,2.001075218694928e-07,0.4962467943626719,2.001075218735182e-07,0.4962469329416915,2.001152332395146e-07,0.5378148294988619,2.001152332791928e-07,0.5378153207974885,2.001152333155746e-07,0.5378158119716753,2.001152332395146e-07,0.5378148294988619,2.001152332791928e-07,0.5378153207974885,2.001152333155746e-07,0.5378158119716753,2.001152332395146e-07,0.5378148294988619,2.001152332791928e-07,0.5378153207974885,2.001152333155746e-07,0.5378158119716753,2.001148098965534e-07,0.5381211459720114,2.001148099043357e-07,0.5381215032545634,2.001148099114358e-07,0.5381218769238543,2.001148098965534e-07,0.5381211459720114,2.001148099043357e-07,0.5381215032545634,2.001148099114358e-07,0.5381218769238543,2.001148098965534e-07,0.5381211459720114,2.001148099043357e-07,0.5381215032545634,2.001148099114358e-07,0.5381218769238543,2.001158536616876e-07,0.535490963648414,2.001158536994907e-07,0.5354913977172261,2.001158537353633e-07,0.5354918403583713,2.001158536616876e-07,0.535490963648414,2.001158536994907e-07,0.5354913977172261,2.001158537353633e-07,0.5354918403583713,2.001158536616876e-07,0.535490963648414,2.001158536994907e-07,0.5354913977172261,2.001158537353633e-07,0.5354918403583713,2.001155310820291e-07,0.5363602421575143,2.001155311221684e-07,0.5363606984355037,2.001155311494681e-07,0.5363611072052837,2.001155310820291e-07,0.5363602421575143,2.001155311221684e-07,0.5363606984355037,2.001155311494681e-07,0.5363611072052837,2.001155310820291e-07,0.5363602421575143,2.001155311221684e-07,0.5363606984355037,2.001155311494681e-07,0.5363611072052837,2.001186716663565e-07,0.5534311916760842,2.001186717029309e-07,0.5534317382084546,2.001186717447666e-07,0.5534323284600769,2.001186716663565e-07,0.5534311916760842,2.001186717029309e-07,0.5534317382084546,2.001186717447666e-07,0.5534323284600769,2.001186716663565e-07,0.5534311916760842,2.001186717029309e-07,0.5534317382084546,2.001186717447666e-07,0.5534323284600769
2.001231776267285e-07,0.5734038351662167,2.001231776921097e-07,0.5734046234081921,2.001231777526356e-07,0.5734054017322245,2.001231776267285e-07,0.5734038351662167,2.001231776921097e-07,0.5734046234081921,2.001231777526356e-07,0.5734054017322245,2.001231776267285e-07,0.5734038351662167,2.001231776921097e-07,0.5734046234081921,2.001231777526356e-07,0.5734054017322245,2.001306914199429e-07,0.6048468563979069,2.001306914896324e-07,0.6048471960582499,2.001306915724977e-07,0.6048475267028622,2.001306914199429e-07,0.6048468563979069,2.001306914896324e-07,0.6048471960582499,2.001306915724977e-07,0.6048475267028622,2.001306914199429e-07,0.6048468563979069,2.001306914896324e-07,0.6048471960582499,2.001306915724977e-07,0.6048475267028622,2.001352567176436e-07,0.6224683266328612,2.001352561999043e-07,0.6224661150759037,2.001352556247395e-07,0.6224636293558189,2.001352567176436e-07,0.6224683266328612,2.001352561999043e-07,0.6224661150759037,2.001352556247395e-07,0.6224636293558189,2.001352567176436e-07,0.6224683266328612,2.001352561999043e-07,0.6224661150759037,2.001352556247395e-07,0.6224636293558189,2.001113882589469e-07,0.5165513538610246,2.001113882663845e-07,0.5165515730940534,2.001113882729138e-07,0.516551800181614,2.001113882589469e-07,0.5165513538610246,2.001113882663845e-07,0.5165515730940534,2.001113882729138e-07,0.516551800181614,2.001113882589469e-07,0.5165513538610246,2.001113882663845e-07,0.5165515730940534,2.001113882729138e-07,0.516551800181614,2.001188778621469e-07,0.554683019065176,2.00118877927283e-07,0.5546837211795044,2.001188779939902e-07,0.5546844435078221,2.001188778621469e-07,0.554683019065176,2.00118877927283e-07,0.5546837211795044,2.001188779939902e-07,0.5546844435078221,2.001188778621469e-07,0.554683019065176,2.00118877927283e-07,0.5546837211795044,2.001188779939902e-07,0.5546844435078221,2.001183314509439e-07,0.5546006892847136,2.001183314870746e-07,0.5546012879966514,2.001183315267014e-07,0.5546019253338776,2.001183314509439e-07,0.5546006892847136,2.001183314870746e-07,0.5546012879966514,2.001183315267014e-07,0.5546019253338776,2.001183314509439e-07,0.5546006892847136,2.001183314870746e-07,0.5546012879966514,2.001183315267014e-07,0.5546019253338776,2.001197549077506e-07,0.5534070718320947,2.001197549846677e-07,0.5534077595969462,2.001197550677745e-07,0.5534084887162609,2.001197549077506e-07,0.5534070718320947,2.001197549846677e-07,0.5534077595969462,2.001197550677745e-07,0.5534084887162609,2.001197549077506e-07,0.5534070718320947,2.001197549846677e-07,0.5534077595969462,2.001197550677745e-07,0.5534084887162609,2.001192342511941e-07,0.5535362167711811,2.00119234321824e-07,0.553536886570139,2.001192343888079e-07,0.5535375549544238,2.001192342511941e-07,0.5535362167711811,2.00119234321824e-07,0.553536886570139,2.001192343888079e-07,0.5535375549544238,2.001192342511941e-07,0.5535362167711811,2.00119234321824e-07,0.553536886570139,2.001192343888079e-07,0.5535375549544238,2.00121890018937e-07,0.5676811727711422,2.001218900750236e-07,0.567681849076641,2.001218901323253e-07,0.5676825420968432,2.00121890018937e-07,0.5676811727711422,2.001218900750236e-07,0.567681849076641,2.001218901323253e-07,0.5676825420968432,2.00121890018937e-07,0.5676811727711422,2.001218900750236e-07,0.567681849076641,2.001218901323253e-07,0.5676825420968432
2.001269929350939e-07,0.5886341288720992,2.001269930119364e-07,0.5886348580018491,2.00126993100297e-07,0.5886356173297618,2.001269929350939e-07,0.5886341288720992,2.001269930119364e-07,0.5886348580018491,2.00126993100297e-07,0.5886356173297618,2.001269929350939e-07,0.5886341288720992,2.001269930119364e-07,0.5886348580018491,2.00126993100297e-07,0.5886356173297618,2.001363637005164e-07,0.6242950349590209,2.001363636260074e-07,0.6242941727732843,2.001363635133697e-07,0.6242930782083632,2.001363637005164e-07,0.6242950349590209,2.001363636260074e-07,0.6242941727732843,2.001363635133697e-07,0.6242930782083632,2.001363637005164e-07,0.6242950349590209,2.001363636260074e-07,0.6242941727732843,2.001363635133697e-07,0.6242930782083632,2.001441252864153e-07,0.6493973444538288,2.001441246889542e-07,0.6493936881338939,2.001441240446372e-07,0.6493897423207957,2.001441252864153e-07,0.6493973444538288,2.001441246889542e-07,0.6493936881338939,2.001441240446372e-07,0.6493897423207957,2.001441252864153e-07,0.6493973444538288,2.001441246889542e-07,0.6493936881338939,2.001441240446372e-07,0.6493897423207957,2.001157855900041e-07,0.5380529021451025,2.0011578563031e-07,0.5380533913707306,2.001157856738647e-07,0.5380539179502184,2.001157855900041e-07,0.5380529021451025,2.0011578563031e-07,0.5380533913707306,2.001157856738647e-07,0.5380539179502184,2.001157855900041e-07,0.5380529021451025,2.0011578563031e-07,0.5380533913707306,2.001157856738647e-07,0.5380539179502184,2.001220859190527e-07,0.5686885843860561,2.001220860008082e-07,0.5686893911567248,2.001220860965635e-07,0.5686902640605145,2.001220859190527e-07,0.5686885843860561,2.001220860008082e-07,0.5686893911567248,2.001220860965635e-07,0.5686902640605145,2.001220859190527e-07,0.5686885843860561,2.001220860008082e-07,0.5686893911567248,2.001220860965635e-07,0.5686902640605145,2.001215238580153e-07,0.568699170045821,2.001215239167513e-07,0.5686999255943809,2.001215239803591e-07,0.5687007211110049,2.001215238580153e-07,0.568699170045821,2.001215239167513e-07,0.5686999255943809,2.001215239803591e-07,0.5687007211110049,2.001215238580153e-07,0.568699170045821,2.001215239167513e-07,0.5686999255943809,2.001215239803591e-07,0.5687007211110049,2.001229536863057e-07,0.5672607874330866,2.001229537659403e-07,0.5672615014892479,2.001229538489174e-07,0.5672622352978991,2.001229536863057e-07,0.5672607874330866,2.001229537659403e-07,0.5672615014892479,2.001229538489174e-07,0.5672622352978991,2.001229536863057e-07,0.5672607874330866,2.001229537659403e-07,0.5672615014892479,2.001229538489174e-07,0.5672622352978991,2.001224602031861e-07,0.567655897207992,2.001224602802344e-07,0.5676566138636016,2.001224603467046e-07,0.5676572891363381,2.001224602031861e-07,0.567655897207992,2.001224602802344e-07,0.5676566138636016,2.001224603467046e-07,0.5676572891363381,2.001224602031861e-07,0.567655897207992,2.001224602802344e-07,0.5676566138636016,2.001224603467046e-07,0.5676572891363381,2.001269356418191e-07,0.5884958050958505,2.00126935437327e-07,0.588495314797327,2.001269352299818e-07,0.5884947975444728,2.001269356418191e-07,0.5884958050958505,2.00126935437327e-07,0.588495314797327,2.001269352299818e-07,0.5884947975444728,2.001269356418191e-07,0.5884958050958505,2.00126935437327e-07,0.588495314797327,2.001269352299818e-07,0.5884947975444728
2.001310895860368e-07,0.6038809845812624,2.001310896584531e-07,0.6038813408761077,2.001310897086935e-07,0.6038815576582762,2.001310895860368e-07,0.6038809845812624,2.001310896584531e-07,0.6038813408761077,2.001310897086935e-07,0.6038815576582762,2.001310895860368e-07,0.6038809845812624,2.001310896584531e-07,0.6038813408761077,2.001310897086935e-07,0.6038815576582762,2.001447462483455e-07,0.6493361156294167,2.00144746130024e-07,0.6493337521376246,2.001447459444321e-07,0.6493310446447998,2.001447462483455e-07,0.6493361156294167,2.00144746130024e-07,0.6493337521376246,2.001447459444321e-07,0.6493310446447998,2.001447462483455e-07,0.6493361156294167,2.00144746130024e-07,0.6493337521376246,2.001447459444321e-07,0.6493310446447998,2.001553022680878e-07,0.6769266778920729,2.001553014435038e-07,0.6769214802824458,2.001553005009262e-07,0.6769158434346141,2.001553022680878e-07,0.6769266778920729,2.001553014435038e-07,0.6769214802824458,2.001553005009262e-07,0.6769158434346141,2.001553022680878e-07,0.6769266778920729,2.001553014435038e-07,0.6769214802824458,2.001553005009262e-07,0.6769158434346141,2.001195115570219e-07,0.5550784532890993,2.001195116248985e-07,0.5550791620238663,2.001195117000733e-07,0.5550799226527821,2.001195115570219e-07,0.5550784532890993,2.001195116248985e-07,0.5550791620238663,2.001195117000733e-07,0.5550799226527821,2.001195115570219e-07,0.5550784532890993,2.001195116248985e-07,0.5550791620238663,2.001195117000733e-07,0.5550799226527821,2.001269997324677e-07,0.5887025111431006,2.001269998593493e-07,0.5887033350781711,2.001269997623249e-07,0.5887032692167915,2.001269997324677e-07,0.5887025111431006,2.001269998593493e-07,0.5887033350781711,2.001269997623249e-07,0.5887032692167915,2.001269997324677e-07,0.5887025111431006,2.001269998593493e-07,0.5887033350781711,2.001269997623249e-07,0.5887032692167915,2.001266976294158e-07,0.5899543540594941,2.001266974418142e-07,0.589954030440234,2.001266972184022e-07,0.5899535432407307,2.001266976294158e-07,0.5899543540594941,2.001266974418142e-07,0.589954030440234,2.001266972184022e-07,0.5899535432407307,2.001266976294158e-07,0.5899543540594941,2.001266974418142e-07,0.589954030440234,2.001266972184022e-07,0.5899535432407307,2.001275414428059e-07,0.5858776613291498,2.001275414327371e-07,0.5858778664546862,2.001275414055432e-07,0.5858779776798665,2.001275414428059e-07,0.5858776613291498,2.001275414327371e-07,0.5858778664546862,2.001275414055432e-07,0.5858779776798665,2.001275414428059e-07,0.5858776613291498,2.001275414327371e-07,0.5858778664546862,2.001275414055432e-07,0.5858779776798665,2.001273233600584e-07,0.5875333383218581,2.001273232506995e-07,0.5875331517706003,2.001273231002868e-07,0.5875327715355489,2.001273233600584e-07,0.5875333383218581,2.001273232506995e-07,0.5875331517706003,2.001273231002868e-07,0.5875327715355489,2.001273233600584e-07,0.5875333383218581,2.001273232506995e-07,0.5875331517706003,2.001273231002868e-07,0.5875327715355489,2.001309315598679e-07,0.6036966176239712,2.001309313210614e-07,0.6036957394902155,2.001309310877774e-07,0.6036948027477398,2.001309315598679e-07,0.6036966176239712,2.001309313210614e-07,0.6036957394902155,2.001309310877774e-07,0.6036948027477398,2.001309315598679e-07,0.6036966176239712,2.001309313210614e-07,0.6036957394902155,2.001309310877774e-07,0.6036948027477398
2.001366768859156e-07,0.622944671725925,2.00136676839513e-07,0.6229439228210546,2.001366766897209e-07,0.622942724735762,2.001366768859156e-07,0.622944671725925,2.00136676839513e-07,0.6229439228210546,2.001366766897209e-07,0.622942724735762,2.001366768859156e-07,0.622944671725925,2.00136676839513e-07,0.6229439228210546,2.001366766897209e-07,0.622942724735762,2.001549693531589e-07,0.6745386466119553,2.001549691898382e-07,0.6745347620460601,2.001549689398869e-07,0.6745305376682568,2.001549693531589e-07,0.6745386466119553,2.001549691898382e-07,0.6745347620460601,2.001549689398869e-07,0.6745305376682568,2.001549693531589e-07,0.6745386466119553,2.001549691898382e-07,0.6745347620460601,2.001549689398869e-07,0.6745305376682568,2.001701099073414e-07,0.7042230092223033,2.00170108317091e-07,0.7042169029318371,2.00170106602065e-07,0.7042104341480814,2.001701099073414e-07,0.7042230092223033,2.00170108317091e-07,0.7042169029318371,2.00170106602065e-07,0.7042104341480814,2.001701099073414e-07,0.7042230092223033,2.00170108317091e-07,0.7042169029318371,2.00170106602065e-07,0.7042104341480814,2.001227348115861e-07,0.5689700865912736,2.001227348874228e-07,0.5689708610754233,2.001227349715163e-07,0.5689716788255775,2.001227348115861e-07,0.5689700865912736,2.001227348874228e-07,0.5689708610754233,2.001227349715163e-07,0.5689716788255775,2.001227348115861e-07,0.5689700865912736,2.001227348874228e-07,0.5689708610754233,2.001227349715163e-07,0.5689716788255775,2.001309782788149e-07,0.6036721078624309,2.001309783925241e-07,0.603672500672082,2.001309782525383e-07,0.6036719125664259,2.001309782788149e-07,0.6036721078624309,2.001309783925241e-07,0.603672500672082,2.001309782525383e-07,0.6036719125664259,2.001309782788149e-07,0.6036721078624309,2.001309783925241e-07,0.603672500672082,2.001309782525383e-07,0.6036719125664259,2.00130671580325e-07,0.6049814330571951,2.001306713708523e-07,0.604980741476377,2.001306711235028e-07,0.6049798460290819,2.00130671580325e-07,0.6049814330571951,2.001306713708523e-07,0.604980741476377,2.001306711235028e-07,0.6049798460290819,2.00130671580325e-07,0.6049814330571951,2.001306713708523e-07,0.604980741476377,2.001306711235028e-07,0.6049798460290819,2.001314878028859e-07,0.6007514583609854,2.001314877635457e-07,0.6007512122859686,2.001314876933462e-07,0.6007507828538905,2.001314878028859e-07,0.6007514583609854,2.001314877635457e-07,0.6007512122859686,2.001314876933462e-07,0.6007507828538905,2.001314878028859e-07,0.6007514583609854,2.001314877635457e-07,0.6007512122859686,2.001314876933462e-07,0.6007507828538905,2.001313204600959e-07,0.6026424291656806,2.001313203098842e-07,0.6026417389599141,2.001313201059542e-07,0.6026408246350877,2.001313204600959e-07,0.6026424291656806,2.001313203098842e-07,0.6026417389599141,2.001313201059542e-07,0.6026408246350877,2.001313204600959e-07,0.6026424291656806,2.001313203098842e-07,0.6026417389599141,2.001313201059542e-07,0.6026408246350877,2.001364118458665e-07,0.6228195179764842,2.001364114372812e-07,0.6228149024416749,2.001364110026085e-07,0.6228126274722282,2.001364118458665e-07,0.6228195179764842,2.001364114372812e-07,0.6228149024416749,2.001364110026085e-07,0.6228126274722282,2.001364118458665e-07,0.6228195179764842,2.001364114372812e-07,0.6228149024416749,2.001364110026085e-07,0.6228126274722282
2.001450183667309e-07,0.6478290660002709,2.001450183089237e-07,0.6478268930598131,2.001450180938122e-07,0.6478241315896865,2.001450183667309e-07,0.6478290660002709,2.001450183089237e-07,0.6478268930598131,2.001450180938122e-07,0.6478241315896865,2.001450183667309e-07,0.6478290660002709,2.001450183089237e-07,0.6478268930598131,2.001450180938122e-07,0.6478241315896865,2.001683411177732e-07,0.6999663108277758,2.001683405200529e-07,0.6999613728511366,2.00168339904994e-07,0.6999563179603536,2.001683411177732e-07,0.6999663108277758,2.001683405200529e-07,0.6999613728511366,2.00168339904994e-07,0.6999563179603536,2.001683411177732e-07,0.6999663108277758,2.001683405200529e-07,0.6999613728511366,2.00168339904994e-07,0.6999563179603536,2.001889387807999e-07,0.7274855701874032,2.001886309882269e-07,0.7271753376055891,2.001883259440694e-07,0.7268657399086333,2.001889387807999e-07,0.7274855701874032,2.001886309882269e-07,0.7271753376055891,2.001883259440694e-07,0.7268657399086333,2.001889387807999e-07,0.7274855701874032,2.001886309882269e-07,0.7271753376055891,2.001883259440694e-07,0.7268657399086333,2.001276293029847e-07,0.5886680024062373,2.001276292406455e-07,0.5886680847477199,2.001276293165739e-07,0.5886686732335226,2.001276293029847e-07,0.5886680024062373,2.001276292406455e-07,0.5886680847477199,2.001276293165739e-07,0.5886686732335226,2.001276293029847e-07,0.5886680024062373,2.001276292406455e-07,0.5886680847477199,2.001276293165739e-07,0.5886686732335226,2.001363977287691e-07,0.6224007851583911,2.001363977248834e-07,0.6224000634251856,2.001363974122077e-07,0.6223982198433192,2.001363977287691e-07,0.6224007851583911,2.001363977248834e-07,0.6224000634251856,2.001363974122077e-07,0.6223982198433192,2.001363977287691e-07,0.6224007851583911,2.001363977248834e-07,0.6224000634251856,2.001363974122077e-07,0.6223982198433192,2.001361842886743e-07,0.6240887804380607,2.001361838972945e-07,0.6240868625150503,2.001361834277204e-07,0.6240845767910013,2.001361842886743e-07,0.6240887804380607,2.001361838972945e-07,0.6240868625150503,2.001361834277204e-07,0.6240845767910013,2.001361842886743e-07,0.6240887804380607,2.001361838972945e-07,0.6240868625150503,2.001361834277204e-07,0.6240845767910013,2.001367860267002e-07,0.6191474982427945,2.001367858285523e-07,0.6191460648831372,2.001367855878979e-07,0.6191444980199892,2.001367860267002e-07,0.6191474982427945,2.001367858285523e-07,0.6191460648831372,2.001367855878979e-07,0.6191444980199892,2.001367860267002e-07,0.6191474982427945,2.001367858285523e-07,0.6191460648831372,2.001367855878979e-07,0.6191444980199892,2.001367384528897e-07,0.6214579320786953,2.00136738132516e-07,0.6214569521441056,2.001367377495784e-07,0.621454775928307,2.001367384528897e-07,0.6214579320786953,2.00136738132516e-07,0.6214569521441056,2.001367377495784e-07,0.621454775928307,2.001367384528897e-07,0.6214579320786953,2.00136738132516e-07,0.6214569521441056,2.001367377495784e-07,0.621454775928307,2.001442322405926e-07,0.6467536921894848,2.001442272655654e-07,0.6467353248741845,2.001442263871721e-07,0.6467306367710811,2.001442322405926e-07,0.6467536921894848,2.001442272655654e-07,0.6467353248741845,2.001442263871721e-07,0.6467306367710811,2.001442322405926e-07,0.6467536921894848,2.001442272655654e-07,0.6467353248741845,2.001442263871721e-07,0.6467306367710811
2.001551499626471e-07,0.672882059824725,2.001551498687876e-07,0.6728783259464315,2.001551495986161e-07,0.6728740436078091,2.001551499626471e-07,0.672882059824725,2.001551498687876e-07,0.6728783259464315,2.001551495986161e-07,0.6728740436078091,2.001551499626471e-07,0.672882059824725,2.001551498687876e-07,0.6728783259464315,2.001551495986161e-07,0.6728740436078091,2.001869791944531e-07,0.7244226913336631,2.001869783278432e-07,0.7244183025569214,2.001869773449913e-07,0.7244137194256677,2.001869791944531e-07,0.7244226913336631,2.001869783278432e-07,0.7244183025569214,2.001869773449913e-07,0.7244137194256677,2.001869791944531e-07,0.7244226913336631,2.001869783278432e-07,0.7244183025569214,2.001869773449913e-07,0.7244137194256677,2.00205726374766e-07,0.7405167766232302,2.00205248745119e-07,0.7402067291831808,2.002047736256286e-07,0.7398946449914277,2.00205726374766e-07,0.7405167766232302,2.00205248745119e-07,0.7402067291831808,2.002047736256286e-07,0.7398946449914277,2.00205726374766e-07,0.7405167766232302,2.00205248745119e-07,0.7402067291831808,2.002047736256286e-07,0.7398946449914277,2.001316213871682e-07,0.6035263089809152,2.001316212945513e-07,0.6035259348048685,2.001316213445156e-07,0.6035260153501117,2.001316213871682e-07,0.6035263089809152,2.001316212945513e-07,0.6035259348048685,2.001316213445156e-07,0.6035260153501117,2.001316213871682e-07,0.6035263089809152,2.001316212945513e-07,0.6035259348048685,2.001316213445156e-07,0.6035260153501117,2.001441773411514e-07,0.6460442423069972,2.001441769205091e-07,0.6460410297697661,2.001441763569962e-07,0.6460372671896241,2.001441773411514e-07,0.6460442423069972,2.001441769205091e-07,0.6460410297697661,2.001441763569962e-07,0.6460372671896241,2.001441773411514e-07,0.6460442423069972,2.001441769205091e-07,0.6460410297697661,2.001441763569962e-07,0.6460372671896241,2.001440293903586e-07,0.6479079648939776,2.001440286055333e-07,0.6479037933334612,2.001440278181903e-07,0.6478994714039551,2.001440293903586e-07,0.6479079648939776,2.001440286055333e-07,0.6479037933334612,2.001440278181903e-07,0.6478994714039551,2.001440293903586e-07,0.6479079648939776,2.001440286055333e-07,0.6479037933334612,2.001440278181903e-07,0.6478994714039551,2.00144349745462e-07,0.6423958749665579,2.001443493863366e-07,0.6423928685622542,2.001443409763649e-07,0.6423667604721822,2.00144349745462e-07,0.6423958749665579,2.001443493863366e-07,0.6423928685622542,2.001443409763649e-07,0.6423667604721822,2.00144349745462e-07,0.6423958749665579,2.001443493863366e-07,0.6423928685622542,2.001443409763649e-07,0.6423667604721822,2.001444922171804e-07,0.6451613312909833,2.001444996181539e-07,0.6451809710270806,2.001444987720927e-07,0.6451762846680892,2.001444922171804e-07,0.6451613312909833,2.001444996181539e-07,0.6451809710270806,2.001444987720927e-07,0.6451762846680892,2.001444922171804e-07,0.6451613312909833,2.001444996181539e-07,0.6451809710270806,2.001444987720927e-07,0.6451762846680892,2.001547336751843e-07,0.673346164375749,2.001545814274964e-07,0.6729951200076644,2.001545803493693e-07,0.6729889528076306,2.001547336751843e-07,0.673346164375749,2.001545814274964e-07,0.6729951200076644,2.001545803493693e-07,0.6729889528076306,2.001547336751843e-07,0.673346164375749,2.001545814274964e-07,0.6729951200076644,2.001545803493693e-07,0.6729889528076306
2.001683646280945e-07,0.6982534612986967,2.001683641576102e-07,0.6982486668991202,2.001683634898417e-07,0.6982434334695428,2.001683646280945e-07,0.6982534612986967,2.001683641576102e-07,0.6982486668991202,2.001683634898417e-07,0.6982434334695428,2.001683646280945e-07,0.6982534612986967,2.001683641576102e-07,0.6982486668991202,2.001683634898417e-07,0.6982434334695428,2.002036314575446e-07,0.7383443276086873,2.002034502125336e-07,0.7382158379808254,2.002032777660303e-07,0.7380927372972866,2.002036314575446e-07,0.7383443276086873,2.002034502125336e-07,0.7382158379808254,2.002032777660303e-07,0.7380927372972866,2.002036314575446e-07,0.7383443276086873,2.002034502125336e-07,0.7382158379808254,2.002032777660303e-07,0.7380927372972866,2.002229685986489e-07,0.7489779103663052,2.002222666256273e-07,0.7486926427751712,2.002215831052701e-07,0.748409683741748,2.002229685986489e-07,0.7489779103663052,2.002222666256273e-07,0.7486926427751712,2.002215831052701e-07,0.748409683741748,2.002229685986489e-07,0.7489779103663052,2.002222666256273e-07,0.7486926427751712,2.002215831052701e-07,0.748409683741748,2.001370631841422e-07,0.6221435895953626,2.001370629624182e-07,0.6221421208896893,2.001370628523483e-07,0.6221409187349971,2.001370631841422e-07,0.6221435895953626,2.001370629624182e-07,0.6221421208896893,2.001370628523483e-07,0.6221409187349971,2.001370631841422e-07,0.6221435895953626,2.001370629624182e-07,0.6221421208896893,2.001370628523483e-07,0.6221409187349971,2.001543616295777e-07,0.6718051269927947,2.001543611451123e-07,0.6718004509579578,2.001543605046483e-07,0.6717952540591401,2.001543616295777e-07,0.6718051269927947,2.001543611451123e-07,0.6718004509579578,2.001543605046483e-07,0.6717952540591401,2.001543616295777e-07,0.6718051269927947,2.001543611451123e-07,0.6718004509579578,2.001543605046483e-07,0.6717952540591401,2.00154345071558e-07,0.6738456839691264,2.001543441347411e-07,0.6738401166885063,2.001543432124027e-07,0.6738344004083121,2.00154345071558e-07,0.6738456839691264,2.001543441347411e-07,0.6738401166885063,2.001543432124027e-07,0.6738344004083121,2.00154345071558e-07,0.6738456839691264,2.001543441347411e-07,0.6738401166885063,2.001543432124027e-07,0.6738344004083121,2.001545623385855e-07,0.6686727961291272,2.001545620924526e-07,0.6686686684386339,2.001543886213501e-07,0.6682619498766171,2.001545623385855e-07,0.6686727961291272,2.001545620924526e-07,0.6686686684386339,2.001543886213501e-07,0.6682619498766171,2.001545623385855e-07,0.6686727961291272,2.001545620924526e-07,0.6686686684386339,2.001543886213501e-07,0.6682619498766171,2.001547421256392e-07,0.6712445759711929,2.001549045111572e-07,0.6716130626301199,2.001549034820261e-07,0.671606874758485,2.001547421256392e-07,0.6712445759711929,2.001549045111572e-07,0.6716130626301199,2.001549034820261e-07,0.671606874758485,2.001547421256392e-07,0.6712445759711929,2.001549045111572e-07,0.6716130626301199,2.001549034820261e-07,0.671606874758485,2.001680710323176e-07,0.6992692519517875,2.001680812962541e-07,0.699282685549212,2.001680794272241e-07,0.6992753678187773,2.001680710323176e-07,0.6992692519517875,2.001680812962541e-07,0.699282685549212,2.001680794272241e-07,0.6992753678187773,2.001680710323176e-07,0.6992692519517875,2.001680812962541e-07,0.699282685549212,2.001680794272241e-07,0.6992753678187773
2.001866454676324e-07,0.7227430070602908,2.001866448284374e-07,0.7227387939796519,2.001866437909362e-07,0.7227340076751055,2.001866454676324e-07,0.7227430070602908,2.001866448284374e-07,0.7227387939796519,2.001866437909362e-07,0.7227340076751055,2.001866454676324e-07,0.7227430070602908,2.001866448284374e-07,0.7227387939796519,2.001866437909362e-07,0.7227340076751055,2.002208435016463e-07,0.747537925424325,2.002204671169371e-07,0.7473703352781469,2.00220120509612e-07,0.747214173485038,2.002208435016463e-07,0.747537925424325,2.002204671169371e-07,0.7473703352781469,2.00220120509612e-07,0.747214173485038,2.002208435016463e-07,0.747537925424325,2.002204671169371e-07,0.7473703352781469,2.00220120509612e-07,0.747214173485038,2.002433251053029e-07,0.7549463520781258,2.002426766955659e-07,0.754798479350513,2.002420632345691e-07,0.7546562241033954,2.002433251053029e-07,0.7549463520781258,2.002426766955659e-07,0.754798479350513,2.002420632345691e-07,0.7546562241033954,2.002433251053029e-07,0.7549463520781258,2.002426766955659e-07,0.754798479350513,2.002420632345691e-07,0.7546562241033954,2.001448990227665e-07,0.645742423366345,2.001448984596755e-07,0.645738769642842,2.00144897998711e-07,0.6457352693354518,2.001448990227665e-07,0.645742423366345,2.001448984596755e-07,0.645738769642842,2.00144897998711e-07,0.6457352693354518,2.001448990227665e-07,0.645742423366345,2.001448984596755e-07,0.645738769642842,2.00144897998711e-07,0.6457352693354518,2.001676116645305e-07,0.6977495285773307,2.001676106230996e-07,0.6977436680164474,2.001676093153857e-07,0.6977372028238654,2.001676116645305e-07,0.6977495285773307,2.001676106230996e-07,0.6977436680164474,2.001676093153857e-07,0.6977372028238654,2.001676116645305e-07,0.6977495285773307,2.001676106230996e-07,0.6977436680164474,2.001676093153857e-07,0.6977372028238654,2.001678340852019e-07,0.6998844798794925,2.001678324183742e-07,0.6998777933213454,2.00167830745989e-07,0.6998709196548688,2.001678340852019e-07,0.6998844798794925,2.001678324183742e-07,0.6998777933213454,2.00167830745989e-07,0.6998709196548688,2.001678340852019e-07,0.6998844798794925,2.001678324183742e-07,0.6998777933213454,2.00167830745989e-07,0.6998709196548688,2.001673398382616e-07,0.6943696256858076,2.001673390618546e-07,0.6943640985662558,2.001673384911062e-07,0.6943602283047262,2.001673398382616e-07,0.6943696256858076,2.001673390618546e-07,0.6943640985662558,2.001673384911062e-07,0.6943602283047262,2.001673398382616e-07,0.6943696256858076,2.001673390618546e-07,0.6943640985662558,2.001673384911062e-07,0.6943602283047262,2.001680499431096e-07,0.6974369980183709,2.001680423045311e-07,0.6974192556929536,2.001680405681149e-07,0.6974119803783494,2.001680499431096e-07,0.6974369980183709,2.001680423045311e-07,0.6974192556929536,2.001680405681149e-07,0.6974119803783494,2.001680499431096e-07,0.6974369980183709,2.001680423045311e-07,0.6974192556929536,2.001680405681149e-07,0.6974119803783494,2.001872052924777e-07,0.7247297062737698,2.001870961192483e-07,0.7246093603715775,2.001870934117988e-07,0.7246028877207021,2.001872052924777e-07,0.7247297062737698,2.001870961192483e-07,0.7246093603715775,2.001870934117988e-07,0.7246028877207021,2.001872052924777e-07,0.7247297062737698,2.001870961192483e-07,0.7246093603715775,2.001870934117988e-07,0.7246028877207021
2.00203307110539e-07,0.73713951336772,2.002031309196429e-07,0.7370102353856093,2.002029541757396e-07,0.7368799345425324,2.00203307110539e-07,0.73713951336772,2.002031309196429e-07,0.7370102353856093,2.002029541757396e-07,0.7368799345425324,2.00203307110539e-07,0.73713951336772,2.002031309196429e-07,0.7370102353856093,2.002029541757396e-07,0.7368799345425324,2.002400782491971e-07,0.7538056262259595,2.002397393443571e-07,0.753716905124642,2.002394183044106e-07,0.7536320088172591,2.002400782491971e-07,0.7538056262259595,2.002397393443571e-07,0.753716905124642,2.002394183044106e-07,0.7536320088172591,2.002400782491971e-07,0.7538056262259595,2.002397393443571e-07,0.753716905124642,2.002394183044106e-07,0.7536320088172591,2.002657330209861e-07,0.7585150426175339,2.002644990637203e-07,0.7583665434810866,2.002633936685414e-07,0.7582291861629116,2.002657330209861e-07,0.7585150426175339,2.002644990637203e-07,0.7583665434810866,2.002633936685414e-07,0.7582291861629116,2.002657330209861e-07,0.7585150426175339,2.002644990637203e-07,0.7583665434810866,2.002633936685414e-07,0.7582291861629116,2.001551038129319e-07,0.671360560151151,2.001551031499741e-07,0.6713554572479533,2.001551026312764e-07,0.671350510330621,2.001551038129319e-07,0.671360560151151,2.001551031499741e-07,0.6713554572479533,2.001551026312764e-07,0.671350510330621,2.001551038129319e-07,0.671360560151151,2.001551031499741e-07,0.6713554572479533,2.001551026312764e-07,0.671350510330621,2.001860786792452e-07,0.7228367111979487,2.001860772436327e-07,0.7228316292644951,2.001860753231711e-07,0.7228258388601912,2.001860786792452e-07,0.7228367111979487,2.001860772436327e-07,0.7228316292644951,2.001860753231711e-07,0.7228258388601912,2.001860786792452e-07,0.7228367111979487,2.001860772436327e-07,0.7228316292644951,2.001860753231711e-07,0.7228258388601912,2.001868282408314e-07,0.7249579056919508,2.001868257778361e-07,0.7249519435902843,2.001868231725564e-07,0.7249456642038259,2.001868282408314e-07,0.7249579056919508,2.001868257778361e-07,0.7249519435902843,2.001868231725564e-07,0.7249456642038259,2.001868282408314e-07,0.7249579056919508,2.001868257778361e-07,0.7249519435902843,2.001868231725564e-07,0.7249456642038259,2.001853341116122e-07,0.7199247548537462,2.001853326147659e-07,0.7199194110707492,2.001852108083724e-07,0.7197751232039199,2.001853341116122e-07,0.7199247548537462,2.001853326147659e-07,0.7199194110707492,2.001852108083724e-07,0.7197751232039199,2.001853341116122e-07,0.7199247548537462,2.001853326147659e-07,0.7199194110707492,2.001852108083724e-07,0.7197751232039199,2.001866425927625e-07,0.7227823080058658,2.001867571397743e-07,0.7229048896934603,2.00186754365186e-07,0.7228981374954254,2.001866425927625e-07,0.7227823080058658,2.001867571397743e-07,0.7229048896934603,2.00186754365186e-07,0.7228981374954254,2.001866425927625e-07,0.7227823080058658,2.001867571397743e-07,0.7229048896934603,2.00186754365186e-07,0.7228981374954254,2.002041335253297e-07,0.7388570203171082,2.002038830087083e-07,0.7386811318476199,2.002037002767654e-07,0.73855159533587,2.002041335253297e-07,0.7388570203171082,2.002038830087083e-07,0.7386811318476199,2.002037002767654e-07,0.73855159533587,2.002041335253297e-07,0.7388570203171082,2.002038830087083e-07,0.7386811318476199,2.002037002767654e-07,0.73855159533587
2.002204913531943e-07,0.7466900537693334,2.002201054659026e-07,0.7465109572802505,2.002197432658797e-07,0.7463409381792682,2.002204913531943e-07,0.7466900537693334,2.002201054659026e-07,0.7465109572802505,2.002197432658797e-07,0.7463409381792682,2.002204913531943e-07,0.7466900537693334,2.002201054659026e-07,0.7465109572802505,2.002197432658797e-07,0.7463409381792682,2.002648059030849e-07,0.7582085675433597,2.002632689814133e-07,0.7580043174681715,2.002619645323985e-07,0.7578246748784628,2.002648059030849e-07,0.7582085675433597,2.002632689814133e-07,0.7580043174681715,2.002619645323985e-07,0.7578246748784628,2.002648059030849e-07,0.7582085675433597,2.002632689814133e-07,0.7580043174681715,2.002619645323985e-07,0.7578246748784628,2.002885885866354e-07,0.7603606022056304,2.002873545875051e-07,0.7602871929855983,2.002862656171639e-07,0.7602203366041862,2.002885885866354e-07,0.7603606022056304,2.002873545875051e-07,0.7602871929855983,2.002862656171639e-07,0.7602203366041862,2.002885885866354e-07,0.7603606022056304,2.002873545875051e-07,0.7602871929855983,2.002862656171639e-07,0.7602203366041862,2.001683725994167e-07,0.6972182391927452,2.001683713182818e-07,0.6972119759306505,2.001683702356923e-07,0.6972058640809357,2.001683725994167e-07,0.6972182391927452,2.001683713182818e-07,0.6972119759306505,2.001683702356923e-07,0.6972058640809357,2.001683725994167e-07,0.6972182391927452,2.001683713182818e-07,0.6972119759306505,2.001683702356923e-07,0.6972058640809357,2.002029062607866e-07,0.7374444757905657,2.002027334245163e-07,0.7373173202674438,2.002025566968887e-07,0.7371869164572997,2.002029062607866e-07,0.7374444757905657,2.002027334245163e-07,0.7373173202674438,2.002025566968887e-07,0.7371869164572997,2.002029062607866e-07,0.7374444757905657,2.002027334245163e-07,0.7373173202674438,2.002025566968887e-07,0.7371869164572997,2.002036319524506e-07,0.7389138429651222,2.002034524100937e-07,0.7387878530780426,2.002032714807098e-07,0.7386602273608617,2.002036319524506e-07,0.7389138429651222,2.002034524100937e-07,0.7387878530780426,2.002032714807098e-07,0.7386602273608617,2.002036319524506e-07,0.7389138429651222,2.002034524100937e-07,0.7387878530780426,2.002032714807098e-07,0.7386602273608617,2.002023583778352e-07,0.7355829174036099,2.002021635960604e-07,0.7354320494224923,2.002019011346439e-07,0.735229631222728,2.002023583778352e-07,0.7355829174036099,2.002021635960604e-07,0.7354320494224923,2.002019011346439e-07,0.735229631222728,2.002023583778352e-07,0.7355829174036099,2.002021635960604e-07,0.7354320494224923,2.002019011346439e-07,0.735229631222728,2.002036291222133e-07,0.7375271413522527,2.002035253720764e-07,0.7374496977324349,2.002033483178153e-07,0.737319328287243,2.002036291222133e-07,0.7375271413522527,2.002035253720764e-07,0.7374496977324349,2.002033483178153e-07,0.737319328287243,2.002036291222133e-07,0.7375271413522527,2.002035253720764e-07,0.7374496977324349,2.002033483178153e-07,0.737319328287243,2.002215506527996e-07,0.7480300781946535,2.002210402336418e-07,0.7478075963853698,2.002206622097452e-07,0.7476400562073977,2.002215506527996e-07,0.7480300781946535,2.002210402336418e-07,0.7478075963853698,2.002206622097452e-07,0.7476400562073977,2.002215506527996e-07,0.7480300781946535,2.002210402336418e-07,0.7478075963853698,2.002206622097452e-07,0.7476400562073977
2.002394774620953e-07,0.753190801939893,2.002391908581944e-07,0.7531112612116696,2.00238833311477e-07,0.753011409496395,2.002394774620953e-07,0.753190801939893,2.002391908581944e-07,0.7531112612116696,2.00238833311477e-07,0.753011409496395,2.002394774620953e-07,0.753190801939893,2.002391908581944e-07,0.7531112612116696,2.00238833311477e-07,0.753011409496395,2.002868328884245e-07,0.7601429992234228,2.002852303269504e-07,0.7600332446819326,2.002838961337959e-07,0.7599383102370598,2.002868328884245e-07,0.7601429992234228,2.002852303269504e-07,0.7600332446819326,2.002838961337959e-07,0.7599383102370598,2.002868328884245e-07,0.7601429992234228,2.002852303269504e-07,0.7600332446819326,2.002838961337959e-07,0.7599383102370598,2.003169307717903e-07,0.7614083143937839,2.003155844378273e-07,0.7613771966965561,2.003144123634116e-07,0.7613491009201649,2.003169307717903e-07,0.7614083143937839,2.003155844378273e-07,0.7613771966965561,2.003144123634116e-07,0.7613491009201649,2.003169307717903e-07,0.7614083143937839,2.003155844378273e-07,0.7613771966965561,2.003144123634116e-07,0.7613491009201649,2.001868110670911e-07,0.722258041575497,2.001868092513105e-07,0.7222524944696677,2.001868076457759e-07,0.7222469944964319,2.001868110670911e-07,0.722258041575497,2.001868092513105e-07,0.7222524944696677,2.001868076457759e-07,0.7222469944964319,2.001868110670911e-07,0.722258041575497,2.001868092513105e-07,0.7222524944696677,2.001868076457759e-07,0.7222469944964319,2.002201754085831e-07,0.7470041897677012,2.00219780258787e-07,0.7468220804846515,2.002193975146818e-07,0.7466437996249881,2.002201754085831e-07,0.7470041897677012,2.00219780258787e-07,0.7468220804846515,2.002193975146818e-07,0.7466437996249881,2.002201754085831e-07,0.7470041897677012,2.00219780258787e-07,0.7468220804846515,2.002193975146818e-07,0.7466437996249881,2.002209278230186e-07,0.7480093671791351,2.002205425745103e-07,0.7478409916529272,2.002201825830253e-07,0.747681836904213,2.002209278230186e-07,0.7480093671791351,2.002205425745103e-07,0.7478409916529272,2.002201825830253e-07,0.747681836904213,2.002209278230186e-07,0.7480093671791351,2.002205425745103e-07,0.7478409916529272,2.002201825830253e-07,0.747681836904213,2.002196805810632e-07,0.7457819931186561,2.002192803231865e-07,0.7455857166330925,2.002187834190838e-07,0.7453409582806084,2.002196805810632e-07,0.7457819931186561,2.002192803231865e-07,0.7455857166330925,2.002187834190838e-07,0.7453409582806084,2.002196805810632e-07,0.7457819931186561,2.002192803231865e-07,0.7455857166330925,2.002187834190838e-07,0.7453409582806084,2.002209849033696e-07,0.7470994636764323,2.002207007551027e-07,0.7469680114011736,2.002203000419954e-07,0.7467828527699322,2.002209849033696e-07,0.7470994636764323,2.002207007551027e-07,0.7469680114011736,2.002203000419954e-07,0.7467828527699322,2.002209849033696e-07,0.7470994636764323,2.002207007551027e-07,0.7469680114011736,2.002203000419954e-07,0.7467828527699322,2.002404140858916e-07,0.7540551192012234,2.002400027557773e-07,0.7539492961715898,2.00239687563268e-07,0.7538669567523736,2.002404140858916e-07,0.7540551192012234,2.002400027557773e-07,0.7539492961715898,2.00239687563268e-07,0.7538669567523736,2.002404140858916e-07,0.7540551192012234,2.002400027557773e-07,0.7539492961715898,2.00239687563268e-07,0.7538669567523736
2.002651013187465e-07,0.7580009052195243,2.00263431467972e-07,0.7577679728860958,2.002619443579872e-07,0.7575528846479339,2.002651013187465e-07,0.7580009052195243,2.00263431467972e-07,0.7577679728860958,2.002619443579872e-07,0.7575528846479339,2.002651013187465e-07,0.7580009052195243,2.00263431467972e-07,0.7577679728860958,2.002619443579872e-07,0.7575528846479339,2.003145633483987e-07,0.761299977313935,2.003127629917715e-07,0.7612494263590448,2.003113254885153e-07,0.7612072715192382,2.003145633483987e-07,0.761299977313935,2.003127629917715e-07,0.7612494263590448,2.003113254885153e-07,0.7612072715192382,2.003145633483987e-07,0.761299977313935,2.003127629917715e-07,0.7612494263590448,2.003113254885153e-07,0.7612072715192382,2.003550326193955e-07,0.7618754226706579,2.003538620672268e-07,0.7618705280390349,2.003529119334718e-07,0.7618668209962247,2.003550326193955e-07,0.7618754226706579,2.003538620672268e-07,0.7618705280390349,2.003529119334718e-07,0.7618668209962247,2.003550326193955e-07,0.7618754226706579,2.003538620672268e-07,0.7618705280390349,2.003529119334718e-07,0.7618668209962247,2.002036303268471e-07,0.7369415286654816,2.002034559582498e-07,0.7368122853957872,2.00203276398079e-07,0.7366788226243302,2.002036303268471e-07,0.7369415286654816,2.002034559582498e-07,0.7368122853957872,2.00203276398079e-07,0.7366788226243302,2.002036303268471e-07,0.7369415286654816,2.002034559582498e-07,0.7368122853957872,2.00203276398079e-07,0.7366788226243302,2.002388624800967e-07,0.7533512995180348,2.002385439424588e-07,0.7532633854769535,2.002382557221089e-07,0.7531830301599481,2.002388624800967e-07,0.7533512995180348,2.002385439424588e-07,0.7532633854769535,2.002382557221089e-07,0.7531830301599481,2.002388624800967e-07,0.7533512995180348,2.002385439424588e-07,0.7532633854769535,2.002382557221089e-07,0.7531830301599481,2.002399785782202e-07,0.7540863784077034,2.002396914688584e-07,0.7540125162673096,2.002393302834181e-07,0.7539191098771593,2.002399785782202e-07,0.7540863784077034,2.002396914688584e-07,0.7540125162673096,2.002393302834181e-07,0.7539191098771593,2.002399785782202e-07,0.7540863784077034,2.002396914688584e-07,0.7540125162673096,2.002393302834181e-07,0.7539191098771593,2.002379227619316e-07,0.7524447170558708,2.002374901512699e-07,0.7523153891857558,2.002369916288937e-07,0.7521656509356627,2.002379227619316e-07,0.7524447170558708,2.002374901512699e-07,0.7523153891857558,2.002369916288937e-07,0.7521656509356627,2.002379227619316e-07,0.7524447170558708,2.002374901512699e-07,0.7523153891857558,2.002369916288937e-07,0.7521656509356627,2.002396267570528e-07,0.753399624909637,2.002393747024701e-07,0.7533295607944509,2.002390896462178e-07,0.7532505104279716,2.002396267570528e-07,0.753399624909637,2.002393747024701e-07,0.7533295607944509,2.002390896462178e-07,0.7532505104279716,2.002396267570528e-07,0.753399624909637,2.002393747024701e-07,0.7533295607944509,2.002390896462178e-07,0.7532505104279716,2.002664781734606e-07,0.7585383643889942,2.002647912732019e-07,0.7583263559340088,2.002632377909074e-07,0.7581222482425305,2.002664781734606e-07,0.7585383643889942,2.002647912732019e-07,0.7583263559340088,2.002632377909074e-07,0.7581222482425305,2.002664781734606e-07,0.7585383643889942,2.002647912732019e-07,0.7583263559340088,2.002632377909074e-07,0.7581222482425305
2.002870081262355e-07,0.7600136878231776,2.002852677263314e-07,0.7598869109358998,2.002837143770944e-07,0.7597691639834394,2.002870081262355e-07,0.7600136878231776,2.002852677263314e-07,0.7598869109358998,2.002837143770944e-07,0.7597691639834394,2.002870081262355e-07,0.7600136878231776,2.002852677263314e-07,0.7598869109358998,2.002837143770944e-07,0.7597691639834394,2.003503015294461e-07,0.7618318085467354,2.003486858143884e-07,0.7618210131220522,2.003474647760715e-07,0.7618127811401167,2.003503015294461e-07,0.7618318085467354,2.003486858143884e-07,0.7618210131220522,2.003474647760715e-07,0.7618127811401167,2.003503015294461e-07,0.7618318085467354,2.003486858143884e-07,0.7618210131220522,2.003474647760715e-07,0.7618127811401167,2.004103395547897e-07,0.7619565137929426,2.004091316957245e-07,0.7619578073764567,2.004082594983254e-07,0.7619589668356096,2.004103395547897e-07,0.7619565137929426,2.004091316957245e-07,0.7619578073764567,2.004082594983254e-07,0.7619589668356096,2.004103395547897e-07,0.7619565137929426,2.004091316957245e-07,0.7619578073764567,2.004082594983254e-07,0.7619589668356096,2.0022090645498e-07,0.7466121894340704,2.002205068702665e-07,0.7464255338411216,2.00220126451883e-07,0.7462459447394814,2.0022090645498e-07,0.7466121894340704,2.002205068702665e-07,0.7464255338411216,2.00220126451883e-07,0.7462459447394814,2.0022090645498e-07,0.7466121894340704,2.002205068702665e-07,0.7464255338411216,2.00220126451883e-07,0.7462459447394814,2.002656266350653e-07,0.7582698573555655,2.002638778080108e-07,0.7580350785183049,2.002622426674004e-07,0.7578062238294098,2.002656266350653e-07,0.7582698573555655,2.002638778080108e-07,0.7580350785183049,2.002622426674004e-07,0.7578062238294098,2.002656266350653e-07,0.7582698573555655,2.002638778080108e-07,0.7580350785183049,2.002622426674004e-07,0.7578062238294098,2.002653461084519e-07,0.7584611910256666,2.002637239231125e-07,0.7582541873176393,2.002622842799508e-07,0.7580638109040509,2.002653461084519e-07,0.7584611910256666,2.002637239231125e-07,0.7582541873176393,2.002622842799508e-07,0.7580638109040509,2.002653461084519e-07,0.7584611910256666,2.002637239231125e-07,0.7582541873176393,2.002622842799508e-07,0.7580638109040509,2.002657009884305e-07,0.757970359459862,2.002644587394323e-07,0.7577945306757576,2.002632203554577e-07,0.7576146865655832,2.002657009884305e-07,0.757970359459862,2.002644587394323e-07,0.7577945306757576,2.002632203554577e-07,0.7576146865655832,2.002657009884305e-07,0.757970359459862,2.002644587394323e-07,0.7577945306757576,2.002632203554577e-07,0.7576146865655832,2.002666297431622e-07,0.758328047363244,2.002650441094134e-07,0.7581170458707739,2.002634215538044e-07,0.7578931893878103,2.002666297431622e-07,0.758328047363244,2.002650441094134e-07,0.7581170458707739,2.002634215538044e-07,0.7578931893878103,2.002666297431622e-07,0.758328047363244,2.002650441094134e-07,0.7581170458707739,2.002634215538044e-07,0.7578931893878103,2.00288406310842e-07,0.7603264295169591,2.002866306003206e-07,0.760212101449576,2.002850179863683e-07,0.7601031612437376,2.00288406310842e-07,0.7603264295169591,2.002866306003206e-07,0.760212101449576,2.002850179863683e-07,0.7601031612437376,2.00288406310842e-07,0.7603264295169591,2.002866306003206e-07,0.760212101449576,2.002850179863683e-07,0.7601031612437376
2.003146835740505e-07,0.7612385863157969,2.003127186005135e-07,0.7611788082308083,2.003109833634867e-07,0.7611232665722204,2.003146835740505e-07,0.7612385863157969,2.003127186005135e-07,0.7611788082308083,2.003109833634867e-07,0.7611232665722204,2.003146835740505e-07,0.7612385863157969,2.003127186005135e-07,0.7611788082308083,2.003109833634867e-07,0.7611232665722204,2.004039474275824e-07,0.7619633925798328,2.004018190837074e-07,0.7619642152489889,2.004003324413325e-07,0.7619649352070997,2.004039474275824e-07,0.7619633925798328,2.004018190837074e-07,0.7619642152489889,2.004003324413325e-07,0.7619649352070997,2.004039474275824e-07,0.7619633925798328,2.004018190837074e-07,0.7619642152489889,2.004003324413325e-07,0.7619649352070997,2.004942719602346e-07,0.7618897408369575,2.004934216993137e-07,0.7618902843863349,2.004931072219315e-07,0.761890332698534,2.004942719602346e-07,0.7618897408369575,2.004934216993137e-07,0.7618902843863349,2.004931072219315e-07,0.761890332698534,2.004942719602346e-07,0.7618897408369575,2.004934216993137e-07,0.7618902843863349,2.004931072219315e-07,0.761890332698534,2.002396935665588e-07,0.7530946734318279,2.002393869900765e-07,0.7530085111097248,2.002390908534896e-07,0.752924613521449,2.002396935665588e-07,0.7530946734318279,2.002393869900765e-07,0.7530085111097248,2.002390908534896e-07,0.752924613521449,2.002396935665588e-07,0.7530946734318279,2.002393869900765e-07,0.7530085111097248,2.002390908534896e-07,0.752924613521449,2.002874229700692e-07,0.7601640941851424,2.002855835506332e-07,0.7600358544235462,2.002838816595058e-07,0.7599115874485254,2.002874229700692e-07,0.7601640941851424,2.002855835506332e-07,0.7600358544235462,2.002838816595058e-07,0.7599115874485254,2.002874229700692e-07,0.7601640941851424,2.002855835506332e-07,0.7600358544235462,2.002838816595058e-07,0.7599115874485254,2.002873190218747e-07,0.7602860701261688,2.002856287102857e-07,0.7601757363120784,2.002841359833128e-07,0.7600744261261061,2.002873190218747e-07,0.7602860701261688,2.002856287102857e-07,0.7601757363120784,2.002841359833128e-07,0.7600744261261061,2.002873190218747e-07,0.7602860701261688,2.002856287102857e-07,0.7601757363120784,2.002841359833128e-07,0.7600744261261061,2.002872565223887e-07,0.7599812374945027,2.002858773413715e-07,0.7598783687680984,2.002845413768296e-07,0.7597755159492874,2.002872565223887e-07,0.7599812374945027,2.002858773413715e-07,0.7598783687680984,2.002845413768296e-07,0.7597755159492874,2.002872565223887e-07,0.7599812374945027,2.002858773413715e-07,0.7598783687680984,2.002845413768296e-07,0.7597755159492874,2.002884240514762e-07,0.7601976567892381,2.002867526965359e-07,0.7600823021969435,2.002850620276299e-07,0.7599607384826687,2.002884240514762e-07,0.7601976567892381,2.002867526965359e-07,0.7600823021969435,2.002850620276299e-07,0.7599607384826687,2.002884240514762e-07,0.7601976567892381,2.002867526965359e-07,0.7600823021969435,2.002850620276299e-07,0.7599607384826687,2.003162203308582e-07,0.7613911070343637,2.003142119197586e-07,0.7613393190359184,2.003123941702975e-07,0.7612893943511025,2.003162203308582e-07,0.7613911070343637,2.003142119197586e-07,0.7613393190359184,2.003123941702975e-07,0.7612893943511025,2.003162203308582e-07,0.7613911070343637,2.003142119197586e-07,0.7613393190359184,2.003123941702975e-07,0.7612893943511025
2.003499711019364e-07,0.7618098006348695,2.003482007807989e-07,0.7617959732301685,2.003466270713499e-07,0.7617833042555744,2.003499711019364e-07,0.7618098006348695,2.003482007807989e-07,0.7617959732301685,2.003466270713499e-07,0.7617833042555744,2.003499711019364e-07,0.7618098006348695,2.003482007807989e-07,0.7617959732301685,2.003466270713499e-07,0.7617833042555744,2.004832349593839e-07,0.7619023170291565,2.004807647118662e-07,0.7619042145402017,2.004792951981372e-07,0.7619054298536156,2.004832349593839e-07,0.7619023170291565,2.004807647118662e-07,0.7619042145402017,2.004792951981372e-07,0.7619054298536156,2.004832349593839e-07,0.7619023170291565,2.004807647118662e-07,0.7619042145402017,2.004792951981372e-07,0.7619054298536156,2.006417760713039e-07,0.7618562033333103,2.00641650131222e-07,0.7618559771877075,2.006425795188467e-07,0.7618557849990631,2.006417760713039e-07,0.7618562033333103,2.00641650131222e-07,0.7618559771877075,2.006425795188467e-07,0.7618557849990631,2.006417760713039e-07,0.7618562033333103,2.00641650131222e-07,0.7618559771877075,2.006425795188467e-07,0.7618557849990631,2.00266175225346e-07,0.758079253665299,2.002644093314467e-07,0.7578345742617691,2.002628284432084e-07,0.7576066163174903,2.00266175225346e-07,0.758079253665299,2.002644093314467e-07,0.7578345742617691,2.002628284432084e-07,0.7576066163174903,2.00266175225346e-07,0.758079253665299,2.002644093314467e-07,0.7578345742617691,2.002628284432084e-07,0.7576066163174903,2.00315123727371e-07,0.7613131962095705,2.003130331860708e-07,0.7612533231273007,2.003111207237118e-07,0.7611952136421316,2.00315123727371e-07,0.7613131962095705,2.003130331860708e-07,0.7612533231273007,2.003111207237118e-07,0.7611952136421316,2.00315123727371e-07,0.7613131962095705,2.003130331860708e-07,0.7612533231273007,2.003111207237118e-07,0.7611952136421316,2.003150809274284e-07,0.761369606016563,2.003131761453253e-07,0.7613195478947317,2.003115478896852e-07,0.7612746642735935,2.003150809274284e-07,0.761369606016563,2.003131761453253e-07,0.7613195478947317,2.003115478896852e-07,0.7612746642735935,2.003150809274284e-07,0.761369606016563,2.003131761453253e-07,0.7613195478947317,2.003115478896852e-07,0.7612746642735935,2.003147475856213e-07,0.7612294744983528,2.003131407466646e-07,0.7611791311078943,2.003116475455643e-07,0.7611304143341637,2.003147475856213e-07,0.7612294744983528,2.003131407466646e-07,0.7611791311078943,2.003116475455643e-07,0.7611304143341637,2.003147475856213e-07,0.7612294744983528,2.003131407466646e-07,0.7611791311078943,2.003116475455643e-07,0.7611304143341637,2.003161418772414e-07,0.7613314259453557,2.00314274722248e-07,0.7612787433463082,2.003123735979902e-07,0.7612221405723563,2.003161418772414e-07,0.7613314259453557,2.00314274722248e-07,0.7612787433463082,2.003123735979902e-07,0.7612221405723563,2.003161418772414e-07,0.7613314259453557,2.00314274722248e-07,0.7612787433463082,2.003123735979902e-07,0.7612221405723563,2.003515108804265e-07,0.7618619840979532,2.003496346879655e-07,0.7618503730756262,2.003480070431269e-07,0.7618398854151608,2.003515108804265e-07,0.7618619840979532,2.003496346879655e-07,0.7618503730756262,2.003480070431269e-07,0.7618398854151608,2.003515108804265e-07,0.7618619840979532,2.003496346879655e-07,0.7618503730756262,2.003480070431269e-07,0.7618398854151608
2.004036657314749e-07,0.7619665402631969,2.004012257633575e-07,0.7619669085875599,2.003991744820681e-07,0.7619672345519317,2.004036657314749e-07,0.7619665402631969,2.004012257633575e-07,0.7619669085875599,2.003991744820681e-07,0.7619672345519317,2.004036657314749e-07,0.7619665402631969,2.004012257633575e-07,0.7619669085875599,2.003991744820681e-07,0.7619672345519317,2.006217118111905e-07,0.7618581160344189,2.006185399061974e-07,0.7618579737350661,2.006173831922591e-07,0.7618577614994944,2.006217118111905e-07,0.7618581160344189,2.006185399061974e-07,0.7618579737350661,2.006173831922591e-07,0.7618577614994944,2.006217118111905e-07,0.7618581160344189,2.006185399061974e-07,0.7618579737350661,2.006173831922591e-07,0.7618577614994944,2.008864639218417e-07,0.7618636444226498,2.008850898642114e-07,0.761863767313084,2.008852141153555e-07,0.7618638277622064,2.008864639218417e-07,0.7618636444226498,2.008850898642114e-07,0.761863767313084,2.008852141153555e-07,0.7618638277622064,2.008864639218417e-07,0.7618636444226498,2.008850898642114e-07,0.761863767313084,2.008852141153555e-07,0.7618638277622064,2.00288030490825e-07,0.7600553026982263,2.002861810907673e-07,0.7599213348448283,2.002845360449317e-07,0.7597968176439389,2.00288030490825e-07,0.7600553026982263,2.002861810907673e-07,0.7599213348448283,2.002845360449317e-07,0.7597968176439389,2.00288030490825e-07,0.7600553026982263,2.002861810907673e-07,0.7599213348448283,2.002845360449317e-07,0.7597968176439389,2.003499650395233e-07,0.7618326323455277,2.003480243802801e-07,0.761818368519842,2.003462976578153e-07,0.7618049932596761,2.003499650395233e-07,0.7618326323455277,2.003480243802801e-07,0.761818368519842,2.003462976578153e-07,0.7618049932596761,2.003499650395233e-07,0.7618326323455277,2.003480243802801e-07,0.761818368519842,2.003462976578153e-07,0.7618049932596761,2.003505886606626e-07,0.7618538847181785,2.003488793671326e-07,0.7618434195811061,2.003474208522692e-07,0.7618341698216858,2.003505886606626e-07,0.7618538847181785,2.003488793671326e-07,0.7618434195811061,2.003474208522692e-07,0.7618341698216858,2.003505886606626e-07,0.7618538847181785,2.003488793671326e-07,0.7618434195811061,2.003474208522692e-07,0.7618341698216858,2.00348457015984e-07,0.7618011073122982,2.003469970175813e-07,0.7617882932093895,2.003456212395343e-07,0.7617756853889697,2.00348457015984e-07,0.7618011073122982,2.003469970175813e-07,0.7617882932093895,2.003456212395343e-07,0.7617756853889697,2.00348457015984e-07,0.7618011073122982,2.003469970175813e-07,0.7617882932093895,2.003456212395343e-07,0.7617756853889697,2.003508924465884e-07,0.7618410701451266,2.003492248356713e-07,0.7618291812631354,2.003475116040416e-07,0.7618162545679698,2.003508924465884e-07,0.7618410701451266,2.003492248356713e-07,0.7618291812631354,2.003475116040416e-07,0.7618162545679698,2.003508924465884e-07,0.7618410701451266,2.003492248356713e-07,0.7618291812631354,2.003475116040416e-07,0.7618162545679698,2.004055907631526e-07,0.7619721388273581,2.004030329172177e-07,0.7619733799511126,2.004008465639288e-07,0.7619743086480942,2.004055907631526e-07,0.7619721388273581,2.004030329172177e-07,0.7619733799511126,2.004008465639288e-07,0.7619743086480942,2.004055907631526e-07,0.7619721388273581,2.004030329172177e-07,0.7619733799511126,2.004008465639288e-07,0.7619743086480942
2.004826036712516e-07,0.7619072141793893,2.004796283403801e-07,0.7619096016587799,2.004772566139165e-07,0.7619115671730842,2.004826036712516e-07,0.7619072141793893,2.004796283403801e-07,0.7619096016587799,2.004772566139165e-07,0.7619115671730842,2.004826036712516e-07,0.7619072141793893,2.004796283403801e-07,0.7619096016587799,2.004772566139165e-07,0.7619115671730842,2.008519792230518e-07,0.7618656048212408,2.00846117560415e-07,0.7618654875185552,2.008433280170492e-07,0.7618654756574998,2.008519792230518e-07,0.7618656048212408,2.00846117560415e-07,0.7618654875185552,2.008433280170492e-07,0.7618654756574998,2.008519792230518e-07,0.7618656048212408,2.00846117560415e-07,0.7618654875185552,2.008433280170492e-07,0.7618654756574998,2.013072924962896e-07,0.7618595747086243,2.01305286392782e-07,0.761859519479206,2.013053865353533e-07,0.761859444956881,2.013072924962896e-07,0.7618595747086243,2.01305286392782e-07,0.761859519479206,2.013053865353533e-07,0.761859444956881,2.013072924962896e-07,0.7618595747086243,2.01305286392782e-07,0.761859519479206,2.013053865353533e-07,0.761859444956881,2.003157686771583e-07,0.7612629410717744,2.003136687393382e-07,0.7611996256534513,2.003118175738342e-07,0.7611405578978896,2.003157686771583e-07,0.7612629410717744,2.003136687393382e-07,0.7611996256534513,2.003118175738342e-07,0.7611405578978896,2.003157686771583e-07,0.7612629410717744,2.003136687393382e-07,0.7611996256534513,2.003118175738342e-07,0.7611405578978896,2.00403954984143e-07,0.7619711032334253,2.004012068821414e-07,0.7619717615375374,2.003988353422086e-07,0.7619722060988259,2.00403954984143e-07,0.7619711032334253,2.004012068821414e-07,0.7619717615375374,2.003988353422086e-07,0.7619722060988259,2.00403954984143e-07,0.7619711032334253,2.004012068821414e-07,0.7619717615375374,2.003988353422086e-07,0.7619722060988259,2.004043978856863e-07,0.7619668327994666,2.004020772070882e-07,0.7619678993978731,2.00400209577515e-07,0.7619688173060561,2.004043978856863e-07,0.7619668327994666,2.004020772070882e-07,0.7619678993978731,2.00400209577515e-07,0.7619688173060561,2.004043978856863e-07,0.7619668327994666,2.004020772070882e-07,0.7619678993978731,2.00400209577515e-07,0.7619688173060561,2.004016121593326e-07,0.7619802297024739,2.003998404373727e-07,0.761980645294052,2.003982090738354e-07,0.7619809979614758,2.004016121593326e-07,0.7619802297024739,2.003998404373727e-07,0.761980645294052,2.003982090738354e-07,0.7619809979614758,2.004016121593326e-07,0.7619802297024739,2.003998404373727e-07,0.761980645294052,2.003982090738354e-07,0.7619809979614758,2.004049485698703e-07,0.7619765042619729,2.004026395012223e-07,0.7619772204120994,2.004002819460587e-07,0.7619777769093128,2.004049485698703e-07,0.7619765042619729,2.004026395012223e-07,0.7619772204120994,2.004002819460587e-07,0.7619777769093128,2.004049485698703e-07,0.7619765042619729,2.004026395012223e-07,0.7619772204120994,2.004002819460587e-07,0.7619777769093128,2.004850494882956e-07,0.7619080009478579,2.004818958339366e-07,0.7619102747107913,2.004792909706195e-07,0.7619122081582476,2.004850494882956e-07,0.7619080009478579,2.004818958339366e-07,0.7619102747107913,2.004792909706195e-07,0.7619122081582476,2.004850494882956e-07,0.7619080009478579,2.004818958339366e-07,0.7619102747107913,2.004792909706195e-07,0.7619122081582476
2.006204622089694e-07,0.761859409249794,2.00616301339158e-07,0.7618594191763091,2.006129793729005e-07,0.7618594452009969,2.006204622089694e-07,0.761859409249794,2.00616301339158e-07,0.7618594191763091,2.006129793729005e-07,0.7618594452009969,2.006204622089694e-07,0.761859409249794,2.00616301339158e-07,0.7618594191763091,2.006129793729005e-07,0.7618594452009969,2.012513850309007e-07,0.761861615554523,2.012404055302413e-07,0.7618615956143757,2.012342311158607e-07,0.7618615398997325,2.012513850309007e-07,0.761861615554523,2.012404055302413e-07,0.7618615956143757,2.012342311158607e-07,0.7618615398997325,2.012513850309007e-07,0.761861615554523,2.012404055302413e-07,0.7618615956143757,2.012342311158607e-07,0.7618615398997325,2.018978429958944e-07,0.7618611209894612,2.018941703420361e-07,0.7618611929030229,2.018938178641939e-07,0.7618612155815851,2.018978429958944e-07,0.7618611209894612,2.018941703420361e-07,0.7618611929030229,2.018938178641939e-07,0.7618612155815851,2.018978429958944e-07,0.7618611209894612,2.018941703420361e-07,0.7618611929030229,2.018938178641939e-07,0.7618612155815851,2.003508053776373e-07,0.7618192537040146,2.003488585028174e-07,0.7618038053754213,2.003471981962294e-07,0.7617903467562505,2.003508053776373e-07,0.7618192537040146,2.003488585028174e-07,0.7618038053754213,2.003471981962294e-07,0.7617903467562505,2.003508053776373e-07,0.7618192537040146,2.003488585028174e-07,0.7618038053754213,2.003471981962294e-07,0.7617903467562505,2.004828827162818e-07,0.7619087317294684,2.004793713624241e-07,0.7619114668023831,2.004764569866364e-07,0.7619138149503963,2.004828827162818e-07,0.7619087317294684,2.004793713624241e-07,0.7619114668023831,2.004764569866364e-07,0.7619138149503963,2.004828827162818e-07,0.7619087317294684,2.004793713624241e-07,0.7619114668023831,2.004764569866364e-07,0.7619138149503963,2.004837005285177e-07,0.7619036821782589,2.004809051223055e-07,0.76190571373816,2.004788124449296e-07,0.7619073121762187,2.004837005285177e-07,0.7619036821782589,2.004809051223055e-07,0.76190571373816,2.004788124449296e-07,0.7619073121762187,2.004837005285177e-07,0.7619036821782589,2.004809051223055e-07,0.76190571373816,2.004788124449296e-07,0.7619073121762187,2.004783258577437e-07,0.761922237878277,2.004764860692495e-07,0.7619238194520984,2.004748155481467e-07,0.7619252318201596,2.004783258577437e-07,0.761922237878277,2.004764860692495e-07,0.7619238194520984,2.004748155481467e-07,0.7619252318201596,2.004783258577437e-07,0.761922237878277,2.004764860692495e-07,0.7619238194520984,2.004748155481467e-07,0.7619252318201596,2.004838926414117e-07,0.7619133332088325,2.004810854594155e-07,0.7619155789694227,2.004782186577003e-07,0.7619178653268205,2.004838926414117e-07,0.7619133332088325,2.004810854594155e-07,0.7619155789694227,2.004782186577003e-07,0.7619178653268205,2.004838926414117e-07,0.7619133332088325,2.004810854594155e-07,0.7619155789694227,2.004782186577003e-07,0.7619178653268205,2.006241890316859e-07,0.7618674501251986,2.006197366293765e-07,0.7618673724944041,2.00616312802495e-07,0.7618671554576461,2.006241890316859e-07,0.7618674501251986,2.006197366293765e-07,0.7618673724944041,2.00616312802495e-07,0.7618671554576461,2.006241890316859e-07,0.7618674501251986,2.006197366293765e-07,0.7618673724944041,2.00616312802495e-07,0.7618671554576461
2.008474193824496e-07,0.7618666545741208,2.008401298248347e-07,0.761866503888136,2.008340890782162e-07,0.761866395427215,2.008474193824496e-07,0.7618666545741208,2.008401298248347e-07,0.761866503888136,2.008340890782162e-07,0.761866395427215,2.008474193824496e-07,0.7618666545741208,2.008401298248347e-07,0.761866503888136,2.008340890782162e-07,0.761866395427215,2.018095702203383e-07,0.7618633235907369,2.017930324159089e-07,0.7618632347214765,2.017837667317673e-07,0.7618632090354531,2.018095702203383e-07,0.7618633235907369,2.017930324159089e-07,0.7618632347214765,2.017837667317673e-07,0.7618632090354531,2.018095702203383e-07,0.7618633235907369,2.017930324159089e-07,0.7618632347214765,2.017837667317673e-07,0.7618632090354531,2.028104061777571e-07,0.7618583296782085,2.028062015886241e-07,0.761858303966333,2.028067514377216e-07,0.7618582483244535,2.028104061777571e-07,0.7618583296782085,2.028062015886241e-07,0.761858303966333,2.028067514377216e-07,0.7618582483244535,2.028104061777571e-07,0.7618583296782085,2.028062015886241e-07,0.761858303966333,2.028067514377216e-07,0.7618582483244535,2.00404832762978e-07,0.7619736579456621,2.00402085313989e-07,0.7619740375898441,2.003998412656975e-07,0.7619742975904756,2.00404832762978e-07,0.7619736579456621,2.00402085313989e-07,0.7619740375898441,2.003998412656975e-07,0.7619742975904756,2.00404832762978e-07,0.7619736579456621,2.00402085313989e-07,0.7619740375898441,2.003998412656975e-07,0.7619742975904756,2.006209555186031e-07,0.7618641498116524,2.006157502336505e-07,0.7618641261763607,2.006117974462897e-07,0.7618641163459052,2.006209555186031e-07,0.7618641498116524,2.006157502336505e-07,0.7618641261763607,2.006117974462897e-07,0.7618641163459052,2.006209555186031e-07,0.7618641498116524,2.006157502336505e-07,0.7618641261763607,2.006117974462897e-07,0.7618641163459052,2.006223234725786e-07,0.7618626409335119,2.00618506859206e-07,0.7618624904961846,2.006161796553861e-07,0.7618622963795524,2.006223234725786e-07,0.7618626409335119,2.00618506859206e-07,0.7618624904961846,2.006161796553861e-07,0.7618622963795524,2.006223234725786e-07,0.7618626409335119,2.00618506859206e-07,0.7618624904961846,2.006161796553861e-07,0.7618622963795524,2.006116443780686e-07,0.7618713315973388,2.006097340071711e-07,0.7618712516810426,2.006082658948261e-07,0.7618711050021231,2.006116443780686e-07,0.7618713315973388,2.006097340071711e-07,0.7618712516810426,2.006082658948261e-07,0.7618711050021231,2.006116443780686e-07,0.7618713315973388,2.006097340071711e-07,0.7618712516810426,2.006082658948261e-07,0.7618711050021231,2.006219769950306e-07,0.7618690384814469,2.006181778194156e-07,0.761868987403298,2.006142942556262e-07,0.7618689459870497,2.006219769950306e-07,0.7618690384814469,2.006181778194156e-07,0.761868987403298,2.006142942556262e-07,0.7618689459870497,2.006219769950306e-07,0.7618690384814469,2.006181778194156e-07,0.761868987403298,2.006142942556262e-07,0.7618689459870497,2.008567902982696e-07,0.7618749126042232,2.008489010657159e-07,0.7618747785314773,2.008426723805639e-07,0.7618745764597081,2.008567902982696e-07,0.7618749126042232,2.008489010657159e-07,0.7618747785314773,2.008426723805639e-07,0.7618745764597081,2.008567902982696e-07,0.7618749126042232,2.008489010657159e-07,0.7618747785314773,2.008426723805639e-07,0.7618745764597081
2.012402462288601e-07,0.7618629998538127,2.012256761508525e-07,0.7618630256853512,2.012140949219544e-07,0.7618630609831152,2.012402462288601e-07,0.7618629998538127,2.012256761508525e-07,0.7618630256853512,2.012140949219544e-07,0.7618630609831152,2.012402462288601e-07,0.7618629998538127,2.012256761508525e-07,0.7618630256853512,2.012140949219544e-07,0.7618630609831152,2.026843675692479e-07,0.7618603072604639,2.026612791255958e-07,0.7618602836371494,2.026486687358611e-07,0.7618602393996216,2.026843675692479e-07,0.7618603072604639,2.026612791255958e-07,0.7618602836371494,2.026486687358611e-07,0.7618602393996216,2.026843675692479e-07,0.7618603072604639,2.026612791255958e-07,0.7618602836371494,2.026486687358611e-07,0.7618602393996216,2.041442854256082e-07,0.761858484515177,2.041371316484961e-07,0.7618585483189934,2.041375952369209e-07,0.7618585599179327,2.041442854256082e-07,0.761858484515177,2.041371316484961e-07,0.7618585483189934,2.041375952369209e-07,0.7618585599179327,2.041442854256082e-07,0.761858484515177,2.041371316484961e-07,0.7618585483189934,2.041375952369209e-07,0.7618585599179327,2.004839914349516e-07,0.761912499867795,2.00480496939828e-07,0.7619152744297889,2.004778168655093e-07,0.7619174870758473,2.004839914349516e-07,0.761912499867795,2.00480496939828e-07,0.7619152744297889,2.004778168655093e-07,0.7619174870758473,2.004839914349516e-07,0.761912499867795,2.00480496939828e-07,0.7619152744297889,2.004778168655093e-07,0.7619174870758473,2.00849446444057e-07,0.7618713070053708,2.00840556362606e-07,0.7618711250255628,2.008335609271554e-07,0.7618709789997985,2.00849446444057e-07,0.7618713070053708,2.00840556362606e-07,0.7618711250255628,2.008335609271554e-07,0.7618709789997985,2.00849446444057e-07,0.7618713070053708,2.00840556362606e-07,0.7618711250255628,2.008335609271554e-07,0.7618709789997985,2.008544952844446e-07,0.7618700472601599,2.00847639201114e-07,0.7618699122286655,2.008430234578488e-07,0.7618698265662742,2.008544952844446e-07,0.7618700472601599,2.00847639201114e-07,0.7618699122286655,2.008430234578488e-07,0.7618698265662742,2.008544952844446e-07,0.7618700472601599,2.00847639201114e-07,0.7618699122286655,2.008430234578488e-07,0.7618698265662742,2.008317448966402e-07,0.7618769039236103,2.008276861319672e-07,0.7618768389558105,2.008244493173297e-07,0.7618768276060407,2.008317448966402e-07,0.7618769039236103,2.008276861319672e-07,0.7618768389558105,2.008244493173297e-07,0.7618768276060407,2.008317448966402e-07,0.7618769039236103,2.008276861319672e-07,0.7618768389558105,2.008244493173297e-07,0.7618768276060407,2.008506233170335e-07,0.76187612962944,2.008438603973325e-07,0.7618760871979556,2.008369709915019e-07,0.7618759574214959,2.008506233170335e-07,0.76187612962944,2.008438603973325e-07,0.7618760871979556,2.008369709915019e-07,0.7618759574214959,2.008506233170335e-07,0.76187612962944,2.008438603973325e-07,0.7618760871979556,2.008369709915019e-07,0.7618759574214959,2.012583484130404e-07,0.7618711626765566,2.012465824102993e-07,0.7618711738182632,2.01235661409932e-07,0.7618710767132856,2.012583484130404e-07,0.7618711626765566,2.012465824102993e-07,0.7618711738182632,2.01235661409932e-07,0.7618710767132856,2.012583484130404e-07,0.7618711626765566,2.012465824102993e-07,0.7618711738182632,2.01235661409932e-07,0.7618710767132856
2.018068174239107e-07,0.7618644346904493,2.017860757302305e-07,0.7618643474281237,2.017656956251725e-07,0.7618642949681113,2.018068174239107e-07,0.7618644346904493,2.017860757302305e-07,0.7618643474281237,2.017656956251725e-07,0.7618642949681113,2.018068174239107e-07,0.7618644346904493,2.017860757302305e-07,0.7618643474281237,2.017656956251725e-07,0.7618642949681113,2.039596879846352e-07,0.7618608123679741,2.039247788959865e-07,0.7618607446872594,2.039060858648679e-07,0.7618607229351216,2.039596879846352e-07,0.7618608123679741,2.039247788959865e-07,0.7618607446872594,2.039060858648679e-07,0.7618607229351216,2.039596879846352e-07,0.7618608123679741,2.039247788959865e-07,0.7618607446872594,2.039060858648679e-07,0.7618607229351216,2.062521413075592e-07,0.7618555237429513,2.062414470932497e-07,0.7618555139676408,2.062424595966217e-07,0.76185546404034,2.062521413075592e-07,0.7618555237429513,2.062414470932497e-07,0.7618555139676408,2.062424595966217e-07,0.76185546404034,2.062521413075592e-07,0.7618555237429513,2.062414470932497e-07,0.7618555139676408,2.062424595966217e-07,0.76185546404034,2.006225309116851e-07,0.7618653717671477,2.006173894236274e-07,0.7618654374623336,2.006135301548621e-07,0.7618654907831548,2.006225309116851e-07,0.7618653717671477,2.006173894236274e-07,0.7618654374623336,2.006135301548621e-07,0.7618654907831548,2.006225309116851e-07,0.7618653717671477,2.006173894236274e-07,0.7618654374623336,2.006135301548621e-07,0.7618654907831548,2.012474984263376e-07,0.7618678427441821,2.012297859948854e-07,0.7618678493843865,2.012157827699218e-07,0.7618678678444069,2.012474984263376e-07,0.7618678427441821,2.012297859948854e-07,0.7618678493843865,2.012157827699218e-07,0.7618678678444069,2.012474984263376e-07,0.7618678427441821,2.012297859948854e-07,0.7618678493843865,2.012157827699218e-07,0.7618678678444069,2.01254455422967e-07,0.7618662179947928,2.01244312105506e-07,0.7618661455498118,2.01236967520841e-07,0.7618661042529546,2.01254455422967e-07,0.7618662179947928,2.01244312105506e-07,0.7618661455498118,2.01236967520841e-07,0.7618661042529546,2.01254455422967e-07,0.7618662179947928,2.01244312105506e-07,0.7618661455498118,2.01236967520841e-07,0.7618661042529546,2.012104605677989e-07,0.7618748245098682,2.012025153501765e-07,0.7618748268474036,2.011953387743101e-07,0.7618748062706261,2.012104605677989e-07,0.7618748245098682,2.012025153501765e-07,0.7618748268474036,2.011953387743101e-07,0.7618748062706261,2.012104605677989e-07,0.7618748245098682,2.012025153501765e-07,0.7618748268474036,2.011953387743101e-07,0.7618748062706261,2.012489795615451e-07,0.7618728537183309,2.012352414260145e-07,0.7618728803809017,2.012213802498863e-07,0.7618728859446519,2.012489795615451e-07,0.7618728537183309,2.012352414260145e-07,0.7618728803809017,2.012213802498863e-07,0.7618728859446519,2.012489795615451e-07,0.7618728537183309,2.012352414260145e-07,0.7618728803809017,2.012213802498863e-07,0.7618728859446519,2.018229663260356e-07,0.7618729732932805,2.01804362320335e-07,0.7618728677415236,2.017878102262862e-07,0.7618726914654385,2.018229663260356e-07,0.7618729732932805,2.01804362320335e-07,0.7618728677415236,2.017878102262862e-07,0.7618726914654385,2.018229663260356e-07,0.7618729732932805,2.01804362320335e-07,0.7618728677415236,2.017878102262862e-07,0.7618726914654385
2.02636196220091e-07,0.7618616843924526,2.026036840008776e-07,0.7618616978623903,2.025949024252587e-07,0.7618617019776972,2.02636196220091e-07,0.7618616843924526,2.026036840008776e-07,0.7618616978623903,2.025949024252587e-07,0.7618617019776972,2.02636196220091e-07,0.7618616843924526,2.026036840008776e-07,0.7618616978623903,2.025949024252587e-07,0.7618617019776972,2.059821979744592e-07,0.7618575023896451,2.059267311037492e-07,0.7618574865126567,2.058966899492481e-07,0.7618574499120351,2.059821979744592e-07,0.7618575023896451,2.059267311037492e-07,0.7618574865126567,2.058966899492481e-07,0.7618574499120351,2.059821979744592e-07,0.7618575023896451,2.059267311037492e-07,0.7618574865126567,2.058966899492481e-07,0.7618574499120351,2.093606951221743e-07,0.7618549381818586,2.09352406545857e-07,0.7618549908594181,2.093523777875487e-07,0.76185499956257,2.093606951221743e-07,0.7618549381818586,2.09352406545857e-07,0.7618549908594181,2.093523777875487e-07,0.76185499956257,2.093606951221743e-07,0.7618549381818586,2.09352406545857e-07,0.7618549908594181,2.093523777875487e-07,0.76185499956257,2.008498921110716e-07,0.7618725146791726,2.008411124381423e-07,0.7618723215279568,2.008342727739644e-07,0.7618721579078466,2.008498921110716e-07,0.7618725146791726,2.008411124381423e-07,0.7618723215279568,2.008342727739644e-07,0.7618721579078466,2.008498921110716e-07,0.7618725146791726,2.008411124381423e-07,0.7618723215279568,2.008342727739644e-07,0.7618721579078466,2.018033136822156e-07,0.7618692569702827,2.017773432982445e-07,0.7618691393354572,2.017566845763384e-07,0.761869049242747,2.018033136822156e-07,0.7618692569702827,2.017773432982445e-07,0.7618691393354572,2.017566845763384e-07,0.761869049242747,2.018033136822156e-07,0.7618692569702827,2.017773432982445e-07,0.7618691393354572,2.017566845763384e-07,0.761869049242747,2.018170664449905e-07,0.7618679404510464,2.018008635602391e-07,0.7618678346062633,2.017893096976792e-07,0.7618677559832163,2.018170664449905e-07,0.7618679404510464,2.018008635602391e-07,0.7618678346062633,2.017893096976792e-07,0.7618677559832163,2.018170664449905e-07,0.7618679404510464,2.018008635602391e-07,0.7618678346062633,2.017893096976792e-07,0.7618677559832163,2.017611036942376e-07,0.7618753298591019,2.017492473235581e-07,0.7618752820994088,2.017393515164392e-07,0.7618752653128459,2.017611036942376e-07,0.7618753298591019,2.017492473235581e-07,0.7618752820994088,2.017393515164392e-07,0.7618752653128459,2.017611036942376e-07,0.7618753298591019,2.017492473235581e-07,0.7618752820994088,2.017393515164392e-07,0.7618752653128459,2.018059518898842e-07,0.7618742676015473,2.017856466683612e-07,0.7618742561264182,2.017652194859467e-07,0.7618741713592375,2.018059518898842e-07,0.7618742676015473,2.017856466683612e-07,0.7618742561264182,2.017652194859467e-07,0.7618741713592375,2.018059518898842e-07,0.7618742676015473,2.017856466683612e-07,0.7618742561264182,2.017652194859467e-07,0.7618741713592375,2.027043760539298e-07,0.7618703800663575,2.026784184971277e-07,0.7618703882518675,2.026550067375634e-07,0.7618702850054475,2.027043760539298e-07,0.7618703800663575,2.026784184971277e-07,0.7618703882518675,2.026550067375634e-07,0.7618702850054475,2.027043760539298e-07,0.7618703800663575,2.026784184971277e-07,0.7618703882518675,2.026550067375634e-07,0.7618702850054475
2.039545802324931e-07,0.761861948027757,2.039117729631187e-07,0.7618618909858759,2.038523033175625e-07,0.7618618811279785,2.039545802324931e-07,0.761861948027757,2.039117729631187e-07,0.7618618909858759,2.038523033175625e-07,0.7618618811279785,2.039545802324931e-07,0.761861948027757,2.039117729631187e-07,0.7618618909858759,2.038523033175625e-07,0.7618618811279785,2.090076174120725e-07,0.7618572834637116,2.089237564431412e-07,0.7618572330926953,2.088781923246744e-07,0.7618572181992547,2.090076174120725e-07,0.7618572834637116,2.089237564431412e-07,0.7618572330926953,2.088781923246744e-07,0.7618572181992547,2.090076174120725e-07,0.7618572834637116,2.089237564431412e-07,0.7618572330926953,2.088781923246744e-07,0.7618572181992547,2.125224495164693e-07,0.7618523726220249,2.125099729310087e-07,0.7618523582252754,2.125105707988638e-07,0.7618523116883297,2.125224495164693e-07,0.7618523726220249,2.125099729310087e-07,0.7618523582252754,2.125105707988638e-07,0.7618523116883297,2.125224495164693e-07,0.7618523726220249,2.125099729310087e-07,0.7618523582252754,2.125105707988638e-07,0.7618523116883297,2.012444537186509e-07,0.7618691713675677,2.012270764425276e-07,0.7618692184789457,2.012139396096384e-07,0.7618692904317094,2.012444537186509e-07,0.7618691713675677,2.012270764425276e-07,0.7618692184789457,2.012139396096384e-07,0.7618692904317094,2.012444537186509e-07,0.7618691713675677,2.012270764425276e-07,0.7618692184789457,2.012139396096384e-07,0.7618692904317094,2.026769667330724e-07,0.76186678103492,2.026399793831889e-07,0.761866773586437,2.026107187648925e-07,0.7618667780144035,2.026769667330724e-07,0.76186678103492,2.026399793831889e-07,0.761866773586437,2.026107187648925e-07,0.7618667780144035,2.026769667330724e-07,0.76186678103492,2.026399793831889e-07,0.761866773586437,2.026107187648925e-07,0.7618667780144035,2.026956739358707e-07,0.7618651930041971,2.026732661899917e-07,0.7618651174464116,2.026571744055865e-07,0.7618650787846959,2.026956739358707e-07,0.7618651930041971,2.026732661899917e-07,0.7618651174464116,2.026571744055865e-07,0.7618650787846959,2.026956739358707e-07,0.7618651930041971,2.026732661899917e-07,0.7618651174464116,2.026571744055865e-07,0.7618650787846959,2.0258824359647e-07,0.7618738948348728,2.025713910512039e-07,0.7618738956489944,2.025574835497766e-07,0.7618738814868324,2.0258824359647e-07,0.7618738948348728,2.025713910512039e-07,0.7618738956489944,2.025574835497766e-07,0.7618738814868324,2.0258824359647e-07,0.7618738948348728,2.025713910512039e-07,0.7618738956489944,2.025574835497766e-07,0.7618738814868324,2.026806240941488e-07,0.7618720428767952,2.026520602340308e-07,0.7618720636984886,2.026231423698198e-07,0.7618720574090539,2.026806240941488e-07,0.7618720428767952,2.026520602340308e-07,0.7618720636984886,2.026231423698198e-07,0.7618720574090539,2.026806240941488e-07,0.7618720428767952,2.026520602340308e-07,0.7618720636984886,2.026231423698198e-07,0.7618720574090539,2.039772636217608e-07,0.7618710242454725,2.039364173908335e-07,0.7618709417919366,2.039005721586809e-07,0.7618707878685801,2.039772636217608e-07,0.7618710242454725,2.039364173908335e-07,0.7618709417919366,2.039005721586809e-07,0.7618707878685801,2.039772636217608e-07,0.7618710242454725,2.039364173908335e-07,0.7618709417919366,2.039005721586809e-07,0.7618707878685801
2.059375976266379e-07,0.7618588432116687,2.058655556029144e-07,0.7618588610590712,2.058006436769243e-07,0.7618589015924033,2.059375976266379e-07,0.7618588432116687,2.058655556029144e-07,0.7618588610590712,2.058006436769243e-07,0.7618589015924033,2.059375976266379e-07,0.7618588432116687,2.058655556029144e-07,0.7618588610590712,2.058006436769243e-07,0.7618589015924033,2.1213397351133e-07,0.7618542553952982,2.120225718399851e-07,0.7618542484426917,2.120007890640898e-07,0.7618542008735468,2.1213397351133e-07,0.7618542553952982,2.120225718399851e-07,0.7618542484426917,2.120007890640898e-07,0.7618542008735468,2.1213397351133e-07,0.7618542553952982,2.120225718399851e-07,0.7618542484426917,2.120007890640898e-07,0.7618542008735468,2.181949396990117e-07,0.7618515256630491,2.181687459622655e-07,0.7618515795793354,2.181694421017118e-07,0.7618515863694633,2.181949396990117e-07,0.7618515256630491,2.181687459622655e-07,0.7618515795793354,2.181694421017118e-07,0.7618515863694633,2.181949396990117e-07,0.7618515256630491,2.181687459622655e-07,0.7618515795793354,2.181694421017118e-07,0.7618515863694633,2.018128219240545e-07,0.7618704750192037,2.017881361145692e-07,0.7618703634904427,2.017655638821216e-07,0.7618702714506482,2.018128219240545e-07,0.7618704750192037,2.017881361145692e-07,0.7618703634904427,2.017655638821216e-07,0.7618702714506482,2.018128219240545e-07,0.7618704750192037,2.017881361145692e-07,0.7618703634904427,2.017655638821216e-07,0.7618702714506482,2.039465712182033e-07,0.7618670334492775,2.038915343369263e-07,0.7618669531800072,2.03848014033698e-07,0.7618668939375943,2.039465712182033e-07,0.7618670334492775,2.038915343369263e-07,0.7618669531800072,2.03848014033698e-07,0.7618668939375943,2.039465712182033e-07,0.7618670334492775,2.038915343369263e-07,0.7618669531800072,2.03848014033698e-07,0.7618668939375943,2.039644880696301e-07,0.7618657090899806,2.039289974638195e-07,0.7618656253603462,2.039039135806244e-07,0.7618655607556281,2.039644880696301e-07,0.7618657090899806,2.039289974638195e-07,0.7618656253603462,2.039039135806244e-07,0.7618655607556281,2.039644880696301e-07,0.7618657090899806,2.039289974638195e-07,0.7618656253603462,2.039039135806244e-07,0.7618655607556281,2.038403832253151e-07,0.7618735236425953,2.038152633630353e-07,0.7618734900977558,2.037955403760756e-07,0.7618734790158995,2.038403832253151e-07,0.7618735236425953,2.038152633630353e-07,0.7618734900977558,2.037955403760756e-07,0.7618734790158995,2.038403832253151e-07,0.7618735236425953,2.038152633630353e-07,0.7618734900977558,2.037955403760756e-07,0.7618734790158995,2.039521035955168e-07,0.7618723515742111,2.039094488873169e-07,0.7618723641857988,2.038664626378507e-07,0.7618723070341188,2.039521035955168e-07,0.7618723515742111,2.039094488873169e-07,0.7618723641857988,2.038664626378507e-07,0.7618723070341188,2.039521035955168e-07,0.7618723515742111,2.039094488873169e-07,0.7618723641857988,2.038664626378507e-07,0.7618723070341188,2.059973166713799e-07,0.7618681602719817,2.059376578682739e-07,0.7618681788053645,2.058846159099555e-07,0.761868083022089,2.059973166713799e-07,0.7618681602719817,2.059376578682739e-07,0.7618681788053645,2.058846159099555e-07,0.761868083022089,2.059973166713799e-07,0.7618681602719817,2.059376578682739e-07,0.7618681788053645,2.058846159099555e-07,0.761868083022089
2.089414457585296e-07,0.7618584594517479,2.088464486479772e-07,0.761858420098384,2.087438693930066e-07,0.7618584215910448,2.089414457585296e-07,0.7618584594517479,2.088464486479772e-07,0.761858420098384,2.087438693930066e-07,0.7618584215910448,2.089414457585296e-07,0.7618584594517479,2.088464486479772e-07,0.761858420098384,2.087438693930066e-07,0.7618584215910448,2.16907627261656e-07,0.7618540295695516,2.167177852930787e-07,0.7618540037408683,2.168644847164388e-07,0.7618539137289956,2.16907627261656e-07,0.7618540295695516,2.167177852930787e-07,0.7618540037408683,2.168644847164388e-07,0.7618539137289956,2.16907627261656e-07,0.7618540295695516,2.167177852930787e-07,0.7618540037408683,2.168644847164388e-07,0.7618539137289956,2.269819367966877e-07,0.7618482654562381,2.269470726003918e-07,0.7618482561918826,2.269483440929883e-07,0.7618482109447132,2.269819367966877e-07,0.7618482654562381,2.269470726003918e-07,0.7618482561918826,2.269483440929883e-07,0.7618482109447132,2.269819367966877e-07,0.7618482654562381,2.269470726003918e-07,0.7618482561918826,2.269483440929883e-07,0.7618482109447132,2.026466142690748e-07,0.7618681212263867,2.026077501555556e-07,0.7618681471416657,2.025955189742169e-07,0.7618681794493506,2.026466142690748e-07,0.7618681212263867,2.026077501555556e-07,0.7618681471416657,2.025955189742169e-07,0.7618681794493506,2.026466142690748e-07,0.7618681212263867,2.026077501555556e-07,0.7618681471416657,2.025955189742169e-07,0.7618681794493506,2.059635501397589e-07,0.7618642271893077,2.058752549276154e-07,0.7618642337328551,2.058056438850583e-07,0.7618642482279979,2.059635501397589e-07,0.7618642271893077,2.058752549276154e-07,0.7618642337328551,2.058056438850583e-07,0.7618642482279979,2.059635501397589e-07,0.7618642271893077,2.058752549276154e-07,0.7618642337328551,2.058056438850583e-07,0.7618642482279979,2.059785339356415e-07,0.7618626834718315,2.059270801784051e-07,0.7618626158145324,2.058904634007344e-07,0.7618625826435536,2.059785339356415e-07,0.7618626834718315,2.059270801784051e-07,0.7618626158145324,2.058904634007344e-07,0.7618625826435536,2.059785339356415e-07,0.7618626834718315,2.059270801784051e-07,0.7618626158145324,2.058904634007344e-07,0.7618625826435536,2.057830500731456e-07,0.7618716358075714,2.057430362268323e-07,0.7618716450121248,2.057109183005806e-07,0.7618716394690871,2.057830500731456e-07,0.7618716358075714,2.057430362268323e-07,0.7618716450121248,2.057109183005806e-07,0.7618716394690871,2.057830500731456e-07,0.7618716358075714,2.057430362268323e-07,0.7618716450121248,2.057109183005806e-07,0.7618716394690871,2.059714204694113e-07,0.7618698090838589,2.059033367310113e-07,0.7618698424808558,2.058345005359956e-07,0.7618698474688766,2.059714204694113e-07,0.7618698090838589,2.059033367310113e-07,0.7618698424808558,2.058345005359956e-07,0.7618698474688766,2.059714204694113e-07,0.7618698090838589,2.059033367310113e-07,0.7618698424808558,2.058345005359956e-07,0.7618698474688766,2.091649467136983e-07,0.7618678803820126,2.090656398545504e-07,0.7618678182832512,2.089774827425783e-07,0.7618676827791959,2.091649467136983e-07,0.7618678803820126,2.090656398545504e-07,0.7618678182832512,2.089774827425783e-07,0.7618676827791959,2.091649467136983e-07,0.7618678803820126,2.090656398545504e-07,0.7618678182832512,2.089774827425783e-07,0.7618676827791959
2.120047418245316e-07,0.7618555952272371,2.118760373035725e-07,0.7618556165544637,2.117636240627905e-07,0.761855659334465,2.120047418245316e-07,0.7618555952272371,2.118760373035725e-07,0.7618556165544637,2.117636240627905e-07,0.761855659334465,2.120047418245316e-07,0.7618555952272371,2.118760373035725e-07,0.7618556165544637,2.117636240627905e-07,0.761855659334465,2.253183821574609e-07,0.7618501758067885,2.250798629475102e-07,0.7618501776129091,2.25226514927258e-07,0.7618500784948633,2.253183821574609e-07,0.7618501758067885,2.250798629475102e-07,0.7618501776129091,2.25226514927258e-07,0.7618500784948633,2.253183821574609e-07,0.7618501758067885,2.250798629475102e-07,0.7618501776129091,2.25226514927258e-07,0.7618500784948633,2.395109144119017e-07,0.7618471864611539,2.394529108816311e-07,0.7618472405909282,2.394549612035442e-07,0.7618472466820764,2.395109144119017e-07,0.7618471864611539,2.394529108816311e-07,0.7618472405909282,2.394549612035442e-07,0.7618472466820764,2.395109144119017e-07,0.7618471864611539,2.394529108816311e-07,0.7618472405909282,2.394549612035442e-07,0.7618472466820764,2.039674979940811e-07,0.7618682533402109,2.039162865110142e-07,0.7618681804468806,2.03852424812289e-07,0.7618681393146183,2.039674979940811e-07,0.7618682533402109,2.039162865110142e-07,0.7618681804468806,2.03852424812289e-07,0.7618681393146183,2.039674979940811e-07,0.7618682533402109,2.039162865110142e-07,0.7618681804468806,2.03852424812289e-07,0.7618681393146183,2.089755269382935e-07,0.7618637327893852,2.088427406528011e-07,0.7618636809273449,2.087378851311366e-07,0.7618636446256061,2.089755269382935e-07,0.7618637327893852,2.088427406528011e-07,0.7618636809273449,2.087378851311366e-07,0.7618636446256061,2.089755269382935e-07,0.7618637327893852,2.088427406528011e-07,0.7618636809273449,2.087378851311366e-07,0.7618636446256061,2.091093549544528e-07,0.7618623793567127,2.090254472168917e-07,0.7618623113986241,2.089643455547022e-07,0.7618622580835483,2.091093549544528e-07,0.7618623793567127,2.090254472168917e-07,0.7618623113986241,2.089643455547022e-07,0.7618622580835483,2.091093549544528e-07,0.7618623793567127,2.090254472168917e-07,0.7618623113986241,2.089643455547022e-07,0.7618622580835483,2.087321983155036e-07,0.7618705078712164,2.086721384810862e-07,0.7618704886135387,2.086246144982313e-07,0.7618704860036908,2.087321983155036e-07,0.7618705078712164,2.086721384810862e-07,0.7618704886135387,2.086246144982313e-07,0.7618704860036908,2.087321983155036e-07,0.7618705078712164,2.086721384810862e-07,0.7618704886135387,2.086246144982313e-07,0.7618704860036908,2.090179054282238e-07,0.7618692835414647,2.089147166775242e-07,0.761869315961293,2.088110138596633e-07,0.7618692815070496,2.090179054282238e-07,0.7618692835414647,2.089147166775242e-07,0.761869315961293,2.088110138596633e-07,0.7618692815070496,2.090179054282238e-07,0.7618692835414647,2.089147166775242e-07,0.761869315961293,2.088110138596633e-07,0.7618692815070496,2.13836493573144e-07,0.7618646315472037,2.136835248536141e-07,0.7618646637728914,2.135501955507514e-07,0.7618645807474779,2.13836493573144e-07,0.7618646315472037,2.136835248536141e-07,0.7618646637728914,2.135501955507514e-07,0.7618645807474779,2.13836493573144e-07,0.7618646315472037,2.136835248536141e-07,0.7618646637728914,2.135501955507514e-07,0.7618645807474779
2.170531341736362e-07,0.7618550377099612,2.168443113449014e-07,0.7618550255827456,2.164332916636003e-07,0.7618551228357071,2.170531341736362e-07,0.7618550377099612,2.168443113449014e-07,0.7618550255827456,2.164332916636003e-07,0.7618551228357071,2.170531341736362e-07,0.7618550377099612,2.168443113449014e-07,0.7618550255827456,2.164332916636003e-07,0.7618551228357071,2.374348008467128e-07,0.7618493229982435,2.370136806970947e-07,0.7618493052641605,2.372293118327506e-07,0.7618492237823578,2.374348008467128e-07,0.7618493229982435,2.370136806970947e-07,0.7618493052641605,2.372293118327506e-07,0.7618492237823578,2.374348008467128e-07,0.7618493229982435,2.370136806970947e-07,0.7618493052641605,2.372293118327506e-07,0.7618492237823578,2.5e-07,0.7618448340799191,2.5e-07,0.7618448185954235,2.5e-07,0.7618447743061613,2.5e-07,0.7618448340799191,2.5e-07,0.7618448185954235,2.5e-07,0.7618447743061613,2.5e-07,0.7618448340799191,2.5e-07,0.7618448185954235,2.5e-07,0.7618447743061613,2.059606077203808e-07,0.7618655317893986,2.058743792229966e-07,0.7618655646094589,2.058019884207557e-07,0.76186562880855,2.059606077203808e-07,0.7618655317893986,2.058743792229966e-07,0.7618655646094589,2.058019884207557e-07,0.76186562880855,2.059606077203808e-07,0.7618655317893986,2.058743792229966e-07,0.7618655646094589,2.058019884207557e-07,0.76186562880855,2.124888365419585e-07,0.7618610190983096,2.123352943304101e-07,0.7618610251667916,2.122153956696231e-07,0.7618610383560788,2.124888365419585e-07,0.7618610190983096,2.123352943304101e-07,0.7618610251667916,2.122153956696231e-07,0.7618610383560788,2.124888365419585e-07,0.7618610190983096,2.123352943304101e-07,0.7618610251667916,2.122153956696231e-07,0.7618610383560788,2.126505680887959e-07,0.7618594735897224,2.125541919642802e-07,0.7618594077627446,2.124842635066048e-07,0.7618593764124187,2.126505680887959e-07,0.7618594735897224,2.125541919642802e-07,0.7618594077627446,2.124842635066048e-07,0.7618593764124187,2.126505680887959e-07,0.7618594735897224,2.125541919642802e-07,0.7618594077627446,2.124842635066048e-07,0.7618593764124187,2.132287247819675e-07,0.7618681264774695,2.131354342475943e-07,0.7618681468429994,2.130611555372668e-07,0.7618681486697469,2.132287247819675e-07,0.7618681264774695,2.131354342475943e-07,0.7618681468429994,2.130611555372668e-07,0.7618681486697469,2.132287247819675e-07,0.7618681264774695,2.131354342475943e-07,0.7618681468429994,2.130611555372668e-07,0.7618681486697469,2.136488495486823e-07,0.7618663392934752,2.134893918324338e-07,0.7618663808751933,2.133282663796196e-07,0.7618663991088748,2.136488495486823e-07,0.7618663392934752,2.134893918324338e-07,0.7618663808751933,2.133282663796196e-07,0.7618663991088748,2.136488495486823e-07,0.7618663392934752,2.134893918324338e-07,0.7618663808751933,2.133282663796196e-07,0.7618663991088748,2.184148569297887e-07,0.7618646657741477,2.185866873958498e-07,0.7618645122430826,2.181992879910368e-07,0.7618644462649595,2.184148569297887e-07,0.7618646657741477,2.185866873958498e-07,0.7618645122430826,2.181992879910368e-07,0.7618644462649595,2.184148569297887e-07,0.7618646657741477,2.185866873958498e-07,0.7618645122430826,2.181992879910368e-07,0.7618644462649595
2.256757020812544e-07,0.7618511622747314,2.253737901359365e-07,0.7618512008969063,2.248172272904641e-07,0.7618513424897886,2.256757020812544e-07,0.7618511622747314,2.253737901359365e-07,0.7618512008969063,2.248172272904641e-07,0.7618513424897886,2.256757020812544e-07,0.7618511622747314,2.253737901359365e-07,0.7618512008969063,2.248172272904641e-07,0.7618513424897886,2.5e-07,0.7618460482959554,2.5e-07,0.7618459926079868,2.5e-07,0.7618459289518775,2.5e-07,0.7618460482959554,2.5e-07,0.7618459926079868,2.5e-07,0.7618459289518775,2.5e-07,0.7618460482959554,2.5e-07,0.7618459926079868,2.5e-07,0.7618459289518775,2.501e-07,0.6246490532636491,2.501e-07,0.6246490433325302,2.501e-07,0.6246490952357592,2.501e-07,0.6246490532636491,2.501e-07,0.6246490433325302,2.501e-07,0.6246490952357592,2.501e-07,0.6246490532636491,2.501e-07,0.6246490433325302,2.501e-07,0.6246490952357592,2.08993193648677e-07,0.7618649649082848,2.088657317978043e-07,0.761864922029024,2.087468386306093e-07,0.7618648995451931,2.08993193648677e-07,0.7618649649082848,2.088657317978043e-07,0.761864922029024,2.087468386306093e-07,0.7618648995451931,2.08993193648677e-07,0.7618649649082848,2.088657317978043e-07,0.761864922029024,2.087468386306093e-07,0.7618648995451931,2.172139386019954e-07,0.7618605797678414,2.169672605045206e-07,0.7618605436056549,2.167876194805804e-07,0.7618605148552898,2.172139386019954e-07,0.7618605797678414,2.169672605045206e-07,0.7618605436056549,2.167876194805804e-07,0.7618605148552898,2.172139386019954e-07,0.7618605797678414,2.169672605045206e-07,0.7618605436056549,2.167876194805804e-07,0.7618605148552898,2.174514504470954e-07,0.7618593051166964,2.173038902210745e-07,0.7618592427309459,2.171976937890332e-07,0.7618591929928127,2.174514504470954e-07,0.7618593051166964,2.173038902210745e-07,0.7618592427309459,2.171976937890332e-07,0.7618591929928127,2.174514504470954e-07,0.7618593051166964,2.173038902210745e-07,0.7618592427309459,2.171976937890332e-07,0.7618591929928127,2.178337665717734e-07,0.7618671685137289,2.177422856108755e-07,0.7618671506421869,2.176487157260943e-07,0.7618671532483073,2.178337665717734e-07,0.7618671685137289,2.177422856108755e-07,0.7618671506421869,2.176487157260943e-07,0.7618671532483073,2.178337665717734e-07,0.7618671685137289,2.177422856108755e-07,0.7618671506421869,2.176487157260943e-07,0.7618671532483073,2.183660148174178e-07,0.7618660063561619,2.181731150287982e-07,0.7618660450005585,2.180066876425415e-07,0.7618660126612921,2.183660148174178e-07,0.7618660063561619,2.181731150287982e-07,0.7618660450005585,2.180066876425415e-07,0.7618660126612921,2.183660148174178e-07,0.7618660063561619,2.181731150287982e-07,0.7618660450005585,2.180066876425415e-07,0.7618660126612921,2.264306379341935e-07,0.7618615522420016,2.257043388944933e-07,0.7618616729955792,2.25799069079161e-07,0.7618615267198399,2.264306379341935e-07,0.7618615522420016,2.257043388944933e-07,0.7618616729955792,2.25799069079161e-07,0.7618615267198399,2.264306379341935e-07,0.7618615522420016,2.257043388944933e-07,0.7618616729955792,2.25799069079161e-07,0.7618615267198399
2.378145256029374e-07,0.7618499911339597,2.373270191084902e-07,0.761849995978656,2.365096633844139e-07,0.7618501051768779,2.378145256029374e-07,0.7618499911339597,2.373270191084902e-07,0.761849995978656,2.365096633844139e-07,0.7618501051768779,2.378145256029374e-07,0.7618499911339597,2.373270191084902e-07,0.761849995978656,2.365096633844139e-07,0.7618501051768779,2.501e-07,0.6247605908204414,2.501e-07,0.6247605474587479,2.501e-07,0.6247604979054271,2.501e-07,0.6247605908204414,2.501e-07,0.6247605474587479,2.501e-07,0.6247604979054271,2.501e-07,0.6247605908204414,2.501e-07,0.6247605474587479,2.501e-07,0.6247604979054271,2.501135700910383e-07,0.6098724179400611,2.501135700910381e-07,0.6098724077894689,2.501135700910383e-07,0.6098724482005334,2.501135700910383e-07,0.6098724179400611,2.501135700910381e-07,0.6098724077894689,2.501135700910383e-07,0.6098724482005334,2.501135700910383e-07,0.6098724179400611,2.501135700910381e-07,0.6098724077894689,2.501135700910383e-07,0.6098724482005334,2.124320739332455e-07,0.7618623375130823,2.122830871627703e-07,0.7618623690642652,2.122284904947091e-07,0.7618624000921176,2.124320739332455e-07,0.7618623375130823,2.122830871627703e-07,0.7618623690642652,2.122284904947091e-07,0.7618624000921176,2.124320739332455e-07,0.7618623375130823,2.122830871627703e-07,0.7618623690642652,2.122284904947091e-07,0.7618624000921176,2.257057364811869e-07,0.7618572553573655,2.255385321665166e-07,0.7618572348011251,2.251519863906431e-07,0.761857287337675,2.257057364811869e-07,0.7618572553573655,2.255385321665166e-07,0.7618572348011251,2.251519863906431e-07,0.761857287337675,2.257057364811869e-07,0.7618572553573655,2.255385321665166e-07,0.7618572348011251,2.251519863906431e-07,0.761857287337675,2.257849697306435e-07,0.7618559347521046,2.254910535688865e-07,0.7618558938747801,2.252831239468145e-07,0.7618558798175736,2.257849697306435e-07,0.7618559347521046,2.254910535688865e-07,0.7618558938747801,2.252831239468145e-07,0.7618558798175736,2.257849697306435e-07,0.7618559347521046,2.254910535688865e-07,0.7618558938747801,2.252831239468145e-07,0.7618558798175736,2.254084155442086e-07,0.7618648235156305,2.248586578451354e-07,0.7618649355785099,2.247026328120581e-07,0.7618649465489625,2.254084155442086e-07,0.7618648235156305,2.248586578451354e-07,0.7618649355785099,2.247026328120581e-07,0.7618649465489625,2.254084155442086e-07,0.7618648235156305,2.248586578451354e-07,0.7618649355785099,2.247026328120581e-07,0.7618649465489625,2.254869762655701e-07,0.7618633218539017,2.260347678153736e-07,0.7618631906532086,2.251584505393285e-07,0.7618633380106308,2.254869762655701e-07,0.7618633218539017,2.260347678153736e-07,0.7618631906532086,2.251584505393285e-07,0.7618633380106308,2.254869762655701e-07,0.7618633218539017,2.260347678153736e-07,0.7618631906532086,2.251584505393285e-07,0.7618633380106308,2.386765539949606e-07,0.7618609782872771,2.376875351390313e-07,0.7618610003268435,2.378800193084344e-07,0.7618608135604428,2.386765539949606e-07,0.7618609782872771,2.376875351390313e-07,0.7618610003268435,2.378800193084344e-07,0.7618608135604428,2.386765539949606e-07,0.7618609782872771,2.376875351390313e-07,0.7618610003268435,2.378800193084344e-07,0.7618608135604428
2.5e-07,0.7618467790540828,2.5e-07,0.7618467414636494,2.5e-07,0.761846740623685,2.5e-07,0.7618467790540828,2.5e-07,0.7618467414636494,2.5e-07,0.761846740623685,2.5e-07,0.7618467790540828,2.5e-07,0.7618467414636494,2.5e-07,0.761846740623685,2.501135792207379e-07,0.6099457875535557,2.501135792207376e-07,0.6099457475804505,2.50113579220738e-07,0.6099457020760815,2.501135792207379e-07,0.6099457875535557,2.501135792207376e-07,0.6099457475804505,2.50113579220738e-07,0.6099457020760815,2.501135792207379e-07,0.6099457875535557,2.501135792207376e-07,0.6099457475804505,2.50113579220738e-07,0.6099457020760815,2.501401375171368e-07,0.5863751161807175,2.501401380291021e-07,0.5863747470652241,2.501401380111002e-07,0.5863747833967086,2.501401375171368e-07,0.5863751161807175,2.501401380291021e-07,0.5863747470652241,2.501401380111002e-07,0.5863747833967086,2.501401375171368e-07,0.5863751161807175,2.501401380291021e-07,0.5863747470652241,2.501401380111002e-07,0.5863747833967086,2.171843309343758e-07,0.7618617968270549,2.169434458808485e-07,0.7618617724212658,2.167964537655622e-07,0.761861737978564,2.171843309343758e-07,0.7618617968270549,2.169434458808485e-07,0.7618617724212658,2.167964537655622e-07,0.761861737978564,2.171843309343758e-07,0.7618617968270549,2.169434458808485e-07,0.7618617724212658,2.167964537655622e-07,0.761861737978564,2.378047641198094e-07,0.7618561862572063,2.374039296450237e-07,0.7618561331488908,2.368943023857085e-07,0.7618561320232282,2.378047641198094e-07,0.7618561862572063,2.374039296450237e-07,0.7618561331488908,2.368943023857085e-07,0.7618561320232282,2.378047641198094e-07,0.7618561862572063,2.374039296450237e-07,0.7618561331488908,2.368943023857085e-07,0.7618561320232282,2.379808471217535e-07,0.7618552774158158,2.375800797935069e-07,0.7618552303665561,2.372912918250093e-07,0.7618551919568437,2.379808471217535e-07,0.7618552774158158,2.375800797935069e-07,0.7618552303665561,2.372912918250093e-07,0.7618551919568437,2.379808471217535e-07,0.7618552774158158,2.375800797935069e-07,0.7618552303665561,2.372912918250093e-07,0.7618551919568437,2.375526038676363e-07,0.7618630858283724,2.368375823678885e-07,0.7618631652275863,2.366339442822658e-07,0.76186317419434,2.375526038676363e-07,0.7618630858283724,2.368375823678885e-07,0.7618631652275863,2.366339442822658e-07,0.76186317419434,2.375526038676363e-07,0.7618630858283724,2.368375823678885e-07,0.7618631652275863,2.366339442822658e-07,0.76186317419434,2.377254889084946e-07,0.7618623103978881,2.38007197624817e-07,0.7618622426075443,2.371784267515041e-07,0.7618622965181692,2.377254889084946e-07,0.7618623103978881,2.38007197624817e-07,0.7618622426075443,2.371784267515041e-07,0.7618622965181692,2.377254889084946e-07,0.7618623103978881,2.38007197624817e-07,0.7618622426075443,2.371784267515041e-07,0.7618622965181692,2.5e-07,0.7618583935022021,2.5e-07,0.7618583744466985,2.5e-07,0.7618582463212926,2.5e-07,0.7618583935022021,2.5e-07,0.7618583744466985,2.5e-07,0.7618582463212926,2.5e-07,0.7618583935022021,2.5e-07,0.7618583744466985,2.5e-07,0.7618582463212926
2.501e-07,0.6248493864772072,2.501e-07,0.6248493434648035,2.501e-07,0.6248493291214033,2.501e-07,0.6248493864772072,2.501e-07,0.6248493434648035,2.501e-07,0.6248493291214033,2.501e-07,0.6248493864772072,2.501e-07,0.6248493434648035,2.501e-07,0.6248493291214033,2.501401851600951e-07,0.5863437654074463,2.501401876971992e-07,0.5863419424875829,2.501401864187166e-07,0.5863428048141367,2.501401851600951e-07,0.5863437654074463,2.501401876971992e-07,0.5863419424875829,2.501401864187166e-07,0.5863428048141367,2.501401851600951e-07,0.5863437654074463,2.501401876971992e-07,0.5863419424875829,2.501401864187166e-07,0.5863428048141367,2.50165534273787e-07,0.5727807830078954,2.501655348166793e-07,0.5727805527858599,2.501655347975901e-07,0.5727805761139209,2.50165534273787e-07,0.5727807830078954,2.501655348166793e-07,0.5727805527858599,2.501655347975901e-07,0.5727805761139209,2.50165534273787e-07,0.5727807830078954,2.501655348166793e-07,0.5727805527858599,2.501655347975901e-07,0.5727805761139209,2.258027252693996e-07,0.7618584099714117,2.254758863599639e-07,0.7618584555738122,2.253044330508237e-07,0.7618585011938814,2.258027252693996e-07,0.7618584099714117,2.254758863599639e-07,0.7618584555738122,2.253044330508237e-07,0.7618585011938814,2.258027252693996e-07,0.7618584099714117,2.254758863599639e-07,0.7618584555738122,2.253044330508237e-07,0.7618585011938814,2.5e-07,0.7618534544418366,2.5e-07,0.7618533936584788,2.5e-07,0.7618533589463882,2.5e-07,0.7618534544418366,2.5e-07,0.7618533936584788,2.5e-07,0.7618533589463882,2.5e-07,0.7618534544418366,2.5e-07,0.7618533936584788,2.5e-07,0.7618533589463882,2.5e-07,0.7618525578740688,2.5e-07,0.7618524568026142,2.5e-07,0.7618523998076585,2.5e-07,0.7618525578740688,2.5e-07,0.7618524568026142,2.5e-07,0.7618523998076585,2.5e-07,0.7618525578740688,2.5e-07,0.7618524568026142,2.5e-07,0.7618523998076585,2.5e-07,0.7618609374706703,2.5e-07,0.7618609308826145,2.5e-07,0.7618609060688636,2.5e-07,0.7618609374706703,2.5e-07,0.7618609308826145,2.5e-07,0.7618609060688636,2.5e-07,0.7618609374706703,2.5e-07,0.7618609308826145,2.5e-07,0.7618609060688636,2.5e-07,0.7618598159172729,2.5e-07,0.7618597888329921,2.5e-07,0.7618597592495872,2.5e-07,0.7618598159172729,2.5e-07,0.7618597888329921,2.5e-07,0.7618597592495872,2.5e-07,0.7618598159172729,2.5e-07,0.7618597888329921,2.5e-07,0.7618597592495872,2.501e-07,0.6267676931574657,2.501e-07,0.6267676923973287,2.501e-07,0.626767631052378,2.501e-07,0.6267676931574657,2.501e-07,0.6267676923973287,2.501e-07,0.626767631052378,2.501e-07,0.6267676931574657,2.501e-07,0.6267676923973287,2.501e-07,0.626767631052378
2.50113587878891e-07,0.6100003554233727,2.501135878788911e-07,0.6100003139629316,2.501135878788911e-07,0.6100002978258714,2.50113587878891e-07,0.6100003554233727,2.501135878788911e-07,0.6100003139629316,2.501135878788911e-07,0.6100002978258714,2.50113587878891e-07,0.6100003554233727,2.501135878788911e-07,0.6100003139629316,2.501135878788911e-07,0.6100002978258714,2.50165596148912e-07,0.5726755131699607,2.501655988393124e-07,0.5726743738548847,2.501655974835822e-07,0.5726748968986587,2.50165596148912e-07,0.5726755131699607,2.501655988393124e-07,0.5726743738548847,2.501655974835822e-07,0.5726748968986587,2.50165596148912e-07,0.5726755131699607,2.501655988393124e-07,0.5726743738548847,2.501655974835822e-07,0.5726748968986587,2.502077467142533e-07,0.5620770568845312,2.502077477299421e-07,0.5620769042265994,2.502077476942676e-07,0.5620769166207691,2.502077467142533e-07,0.5620770568845312,2.502077477299421e-07,0.5620769042265994,2.502077476942676e-07,0.5620769166207691,2.502077467142533e-07,0.5620770568845312,2.502077477299421e-07,0.5620769042265994,2.502077476942676e-07,0.5620769166207691,2.380398896680789e-07,0.7618571451033711,2.375983643575446e-07,0.7618571178036456,2.372415691885559e-07,0.7618570988866056,2.380398896680789e-07,0.7618571451033711,2.375983643575446e-07,0.7618571178036456,2.372415691885559e-07,0.7618570988866056,2.380398896680789e-07,0.7618571451033711,2.375983643575446e-07,0.7618571178036456,2.372415691885559e-07,0.7618570988866056,2.501e-07,0.625817416050116,2.501e-07,0.6258173607037917,2.501e-07,0.6258173179096806,2.501e-07,0.625817416050116,2.501e-07,0.6258173607037917,2.501e-07,0.6258173179096806,2.501e-07,0.625817416050116,2.501e-07,0.6258173607037917,2.501e-07,0.6258173179096806,2.501e-07,0.6257085599999294,2.501e-07,0.6257085936600446,2.501e-07,0.6257085517125154,2.501e-07,0.6257085599999294,2.501e-07,0.6257085936600446,2.501e-07,0.6257085517125154,2.501e-07,0.6257085599999294,2.501e-07,0.6257085936600446,2.501e-07,0.6257085517125154,2.501e-07,0.6270045521573404,2.501e-07,0.627004533987551,2.501e-07,0.6270045076973086,2.501e-07,0.6270045521573404,2.501e-07,0.627004533987551,2.501e-07,0.6270045076973086,2.501e-07,0.6270045521573404,2.501e-07,0.627004533987551,2.501e-07,0.6270045076973086,2.501e-07,0.6268994495257219,2.501e-07,0.6268993926849249,2.501e-07,0.626899360369903,2.501e-07,0.6268994495257219,2.501e-07,0.6268993926849249,2.501e-07,0.626899360369903,2.501e-07,0.6268994495257219,2.501e-07,0.6268993926849249,2.501e-07,0.626899360369903,2.501135595756674e-07,0.6121795340857885,2.501135595756669e-07,0.6121795263337192,2.501135595756671e-07,0.6121794738236362,2.501135595756674e-07,0.6121795340857885,2.501135595756669e-07,0.6121795263337192,2.501135595756671e-07,0.6121794738236362,2.501135595756674e-07,0.6121795340857885,2.501135595756669e-07,0.6121795263337192,2.501135595756671e-07,0.6121794738236362
2.501402132825773e-07,0.5863133626231499,2.501402163864776e-07,0.5863111291500863,2.501402210935935e-07,0.5863077823743995,2.501402132825773e-07,0.5863133626231499,2.501402163864776e-07,0.5863111291500863,2.501402210935935e-07,0.5863077823743995,2.501402132825773e-07,0.5863133626231499,2.501402163864776e-07,0.5863111291500863,2.501402210935935e-07,0.5863077823743995,2.502078125846786e-07,0.5619278947479406,2.502078176076166e-07,0.5619271367046982,2.502078150785592e-07,0.5619274688636653,2.502078125846786e-07,0.5619278947479406,2.502078176076166e-07,0.5619271367046982,2.502078150785592e-07,0.5619274688636653,2.502078125846786e-07,0.5619278947479406,2.502078176076166e-07,0.5619271367046982,2.502078150785592e-07,0.5619274688636653,2.502542384550296e-07,0.5591145366462709,2.502542393803118e-07,0.5591145115057543,2.502542393458063e-07,0.5591145151581824,2.502542384550296e-07,0.5591145366462709,2.502542393803118e-07,0.5591145115057543,2.502542393458063e-07,0.5591145151581824,2.502542384550296e-07,0.5591145366462709,2.502542393803118e-07,0.5591145115057543,2.502542393458063e-07,0.5591145151581824,2.5e-07,0.7618543900076047,2.5e-07,0.7618543569692844,2.5e-07,0.7618543623821943,2.5e-07,0.7618543900076047,2.5e-07,0.7618543569692844,2.5e-07,0.7618543623821943,2.5e-07,0.7618543900076047,2.5e-07,0.7618543569692844,2.5e-07,0.7618543623821943,2.501135743559199e-07,0.6110986328647334,2.501135743559196e-07,0.6110985802112675,2.5011357435592e-07,0.6110985394886012,2.501135743559199e-07,0.6110986328647334,2.501135743559196e-07,0.6110985802112675,2.5011357435592e-07,0.6110985394886012,2.501135743559199e-07,0.6110986328647334,2.501135743559196e-07,0.6110985802112675,2.5011357435592e-07,0.6110985394886012,2.501135650674591e-07,0.611024350208959,2.501135650674589e-07,0.6110243627907781,2.501135650674591e-07,0.6110243241044192,2.501135650674591e-07,0.611024350208959,2.501135650674589e-07,0.6110243627907781,2.501135650674591e-07,0.6110243241044192,2.501135650674591e-07,0.611024350208959,2.501135650674589e-07,0.6110243627907781,2.501135650674591e-07,0.6110243241044192,2.50113578175088e-07,0.6123484902554872,2.50113578175088e-07,0.6123484707818889,2.50113578175088e-07,0.6123484441564035,2.50113578175088e-07,0.6123484902554872,2.50113578175088e-07,0.6123484707818889,2.50113578175088e-07,0.6123484441564035,2.50113578175088e-07,0.6123484902554872,2.50113578175088e-07,0.6123484707818889,2.50113578175088e-07,0.6123484441564035,2.50113568936654e-07,0.6122762878299104,2.501135689366535e-07,0.6122762283642373,2.501135689366539e-07,0.6122761976698431,2.50113568936654e-07,0.6122762878299104,2.501135689366535e-07,0.6122762283642373,2.501135689366539e-07,0.6122761976698431,2.50113568936654e-07,0.6122762878299104,2.501135689366535e-07,0.6122762283642373,2.501135689366539e-07,0.6122761976698431,2.501401072877936e-07,0.5887563465607885,2.501401142318034e-07,0.588751411297998,2.501401129679024e-07,0.5887522672441865,2.501401072877936e-07,0.5887563465607885,2.501401142318034e-07,0.588751411297998,2.501401129679024e-07,0.5887522672441865,2.501401072877936e-07,0.5887563465607885,2.501401142318034e-07,0.588751411297998,2.501401129679024e-07,0.5887522672441865
2.501656367370254e-07,0.5725710873514305,2.501656400285235e-07,0.5725696908726378,2.501656450201291e-07,0.572567610484557,2.501656367370254e-07,0.5725710873514305,2.501656400285235e-07,0.5725696908726378,2.501656450201291e-07,0.572567610484557,2.501656367370254e-07,0.5725710873514305,2.501656400285235e-07,0.5725696908726378,2.501656450201291e-07,0.572567610484557,2.502543984253865e-07,0.5589788643267396,2.502544030007778e-07,0.5589787349179924,2.502544006974971e-07,0.5589787499247778,2.502543984253865e-07,0.5589788643267396,2.502544030007778e-07,0.5589787349179924,2.502544006974971e-07,0.5589787499247778,2.502543984253865e-07,0.5589788643267396,2.502544030007778e-07,0.5589787349179924,2.502544006974971e-07,0.5589787499247778,2.503032311953109e-07,0.5590398853343075,2.503032323143929e-07,0.5590398882702463,2.503032322726653e-07,0.5590398887871036,2.503032311953109e-07,0.5590398853343075,2.503032323143929e-07,0.5590398882702463,2.503032322726653e-07,0.5590398887871036,2.503032311953109e-07,0.5590398853343075,2.503032323143929e-07,0.5590398882702463,2.503032322726653e-07,0.5590398887871036,2.501e-07,0.6259220287191395,2.501e-07,0.6259219827335994,2.501e-07,0.6259219578867933,2.501e-07,0.6259220287191395,2.501e-07,0.6259219827335994,2.501e-07,0.6259219578867933,2.501e-07,0.6259220287191395,2.501e-07,0.6259219827335994,2.501e-07,0.6259219578867933,2.50140165620237e-07,0.587536557778186,2.501401681820496e-07,0.5875346918534395,2.501401712158959e-07,0.587532503065806,2.50140165620237e-07,0.587536557778186,2.501401681820496e-07,0.5875346918534395,2.501401712158959e-07,0.587532503065806,2.50140165620237e-07,0.587536557778186,2.501401681820496e-07,0.5875346918534395,2.501401712158959e-07,0.587532503065806,2.501401316662435e-07,0.5875528197663498,2.501401342984104e-07,0.5875509404530261,2.501401360936076e-07,0.5875496368296429,2.501401316662435e-07,0.5875528197663498,2.501401342984104e-07,0.5875509404530261,2.501401360936076e-07,0.5875496368296429,2.501401316662435e-07,0.5875528197663498,2.501401342984104e-07,0.5875509404530261,2.501401360936076e-07,0.5875496368296429,2.501401807295747e-07,0.5887399627499117,2.501401850196661e-07,0.5887368855315789,2.501401861585957e-07,0.5887360458323497,2.501401807295747e-07,0.5887399627499117,2.501401850196661e-07,0.5887368855315789,2.501401861585957e-07,0.5887360458323497,2.501401807295747e-07,0.5887399627499117,2.501401850196661e-07,0.5887368855315789,2.501401861585957e-07,0.5887360458323497,2.501401470159972e-07,0.5887560358533248,2.501401451393662e-07,0.5887573041520638,2.5014015042792e-07,0.5887535227326786,2.501401470159972e-07,0.5887560358533248,2.501401451393662e-07,0.5887573041520638,2.5014015042792e-07,0.5887535227326786,2.501401470159972e-07,0.5887560358533248,2.501401451393662e-07,0.5887573041520638,2.5014015042792e-07,0.5887535227326786,2.501654891398554e-07,0.5748216738263143,2.501654965031823e-07,0.5748185337303543,2.501654951629613e-07,0.5748190679402519,2.501654891398554e-07,0.5748216738263143,2.501654965031823e-07,0.5748185337303543,2.501654951629613e-07,0.5748190679402519,2.501654891398554e-07,0.5748216738263143,2.501654965031823e-07,0.5748185337303543,2.501654951629613e-07,0.5748190679402519
2.50207844706792e-07,0.5617794116286471,2.502078508489059e-07,0.5617784852325048,2.502078601624272e-07,0.5617771171255697,2.50207844706792e-07,0.5617794116286471,2.502078508489059e-07,0.5617784852325048,2.502078601624272e-07,0.5617771171255697,2.50207844706792e-07,0.5617794116286471,2.502078508489059e-07,0.5617784852325048,2.502078601624272e-07,0.5617771171255697,2.503033919675918e-07,0.5589472970354116,2.503033974918599e-07,0.558947303014604,2.503033947140189e-07,0.5589472492736157,2.503033919675918e-07,0.5589472970354116,2.503033974918599e-07,0.558947303014604,2.503033947140189e-07,0.5589472492736157,2.503033919675918e-07,0.5589472970354116,2.503033974918599e-07,0.558947303014604,2.503033947140189e-07,0.5589472492736157,2.503602925192833e-07,0.5595447980045201,2.503602938398422e-07,0.5595448048902472,2.503602937880243e-07,0.559544804034018,2.503602925192833e-07,0.5595447980045201,2.503602938398422e-07,0.5595448048902472,2.503602937880243e-07,0.559544804034018,2.503602925192833e-07,0.5595447980045201,2.503602938398422e-07,0.5595448048902472,2.503602937880243e-07,0.559544804034018,2.501135854366222e-07,0.6111664063067898,2.50113585436622e-07,0.6111663610475732,2.501135854366223e-07,0.6111663329084411,2.501135854366222e-07,0.6111664063067898,2.50113585436622e-07,0.6111663610475732,2.501135854366223e-07,0.6111663329084411,2.501135854366222e-07,0.6111664063067898,2.50113585436622e-07,0.6111663610475732,2.501135854366223e-07,0.6111663329084411,2.501655693786588e-07,0.5736945301971644,2.501655720952382e-07,0.573693343154715,2.501655753123667e-07,0.5736919562348674,2.501655693786588e-07,0.5736945301971644,2.501655720952382e-07,0.573693343154715,2.501655753123667e-07,0.5736919562348674,2.501655693786588e-07,0.5736945301971644,2.501655720952382e-07,0.573693343154715,2.501655753123667e-07,0.5736919562348674,2.501655218214724e-07,0.5737880208044571,2.501655246126098e-07,0.5737868218626941,2.501655265162278e-07,0.5737859933383015,2.501655218214724e-07,0.5737880208044571,2.501655246126098e-07,0.5737868218626941,2.501655265162278e-07,0.5737859933383015,2.501655218214724e-07,0.5737880208044571,2.501655246126098e-07,0.5737868218626941,2.501655265162278e-07,0.5737859933383015,2.501655901503804e-07,0.574647144754053,2.501655946996785e-07,0.5746451889093086,2.501655959074211e-07,0.5746446508948646,2.501655901503804e-07,0.574647144754053,2.501655946996785e-07,0.5746451889093086,2.501655959074211e-07,0.5746446508948646,2.501655901503804e-07,0.574647144754053,2.501655946996785e-07,0.5746451889093086,2.501655959074211e-07,0.5746446508948646,2.501655429107101e-07,0.5747406216955857,2.501655409207242e-07,0.5747414044875834,2.501655465287209e-07,0.574738999302249,2.501655429107101e-07,0.5747406216955857,2.501655409207242e-07,0.5747414044875834,2.501655465287209e-07,0.574738999302249,2.501655429107101e-07,0.5747406216955857,2.501655409207242e-07,0.5747414044875834,2.501655465287209e-07,0.574738999302249,2.502077505560222e-07,0.5633303515811129,2.502077632913266e-07,0.5633283346767232,2.502077609767751e-07,0.5633286649156011,2.502077505560222e-07,0.5633303515811129,2.502077632913266e-07,0.5633283346767232,2.502077609767751e-07,0.5633286649156011,2.502077505560222e-07,0.5633303515811129,2.502077632913266e-07,0.5633283346767232,2.502077609767751e-07,0.5633286649156011
2.502545210140972e-07,0.5588402906994538,2.502545265954936e-07,0.5588401380906423,2.502545350573589e-07,0.5588399439263608,2.502545210140972e-07,0.5588402906994538,2.502545265954936e-07,0.5588401380906423,2.502545350573589e-07,0.5588399439263608,2.502545210140972e-07,0.5588402906994538,2.502545265954936e-07,0.5588401380906423,2.502545350573589e-07,0.5588399439263608,2.503604710276976e-07,0.5594925801796171,2.503604775403581e-07,0.5594926040767271,2.503604742653394e-07,0.5594925409036048,2.503604710276976e-07,0.5594925801796171,2.503604775403581e-07,0.5594926040767271,2.503604742653394e-07,0.5594925409036048,2.503604710276976e-07,0.5594925801796171,2.503604775403581e-07,0.5594926040767271,2.503604742653394e-07,0.5594925409036048,2.504398198937958e-07,0.5600412085339457,2.504398219360708e-07,0.5600412131973811,2.504398218745307e-07,0.5600412119731681,2.504398198937958e-07,0.5600412085339457,2.504398219360708e-07,0.5600412131973811,2.504398218745307e-07,0.5600412119731681,2.504398198937958e-07,0.5600412085339457,2.504398219360708e-07,0.5600412131973811,2.504398218745307e-07,0.5600412119731681,2.501402031435777e-07,0.5875127524283731,2.501402060679582e-07,0.5875106272683689,2.501402082852798e-07,0.5875090167262235,2.501402031435777e-07,0.5875127524283731,2.501402060679582e-07,0.5875106272683689,2.501402082852798e-07,0.5875090167262235,2.501402031435777e-07,0.5875127524283731,2.501402060679582e-07,0.5875106272683689,2.501402082852798e-07,0.5875090167262235,2.502077170596894e-07,0.5625653103864441,2.502077217603799e-07,0.5625645596686197,2.50207727334807e-07,0.562563687860216,2.502077170596894e-07,0.5625653103864441,2.502077217603799e-07,0.5625645596686197,2.50207727334807e-07,0.562563687860216,2.502077170596894e-07,0.5625653103864441,2.502077217603799e-07,0.5625645596686197,2.50207727334807e-07,0.562563687860216,2.502076810153592e-07,0.5627067970589466,2.502076858451467e-07,0.5627060365410423,2.502076891404897e-07,0.5627055124841365,2.502076810153592e-07,0.5627067970589466,2.502076858451467e-07,0.5627060365410423,2.502076891404897e-07,0.5627055124841365,2.502076810153592e-07,0.5627067970589466,2.502076858451467e-07,0.5627060365410423,2.502076891404897e-07,0.5627055124841365,2.502078408270193e-07,0.563051173249781,2.502078486886944e-07,0.5630499251676764,2.502078507737521e-07,0.5630495744313628,2.502078408270193e-07,0.563051173249781,2.502078486886944e-07,0.5630499251676764,2.502078507737521e-07,0.5630495744313628,2.502078408270193e-07,0.563051173249781,2.502078486886944e-07,0.5630499251676764,2.502078507737521e-07,0.5630495744313628,2.502078033309281e-07,0.5631942186615866,2.502077998886618e-07,0.5631946918378352,2.502078095892032e-07,0.563193152927875,2.502078033309281e-07,0.5631942186615866,2.502077998886618e-07,0.5631946918378352,2.502078095892032e-07,0.563193152927875,2.502078033309281e-07,0.5631942186615866,2.502077998886618e-07,0.5631946918378352,2.502078095892032e-07,0.563193152927875,2.502564270520526e-07,0.5596361129952575,2.5025643811252e-07,0.5596358045917976,2.502564361084777e-07,0.5596358224092114,2.502564270520526e-07,0.5596361129952575,2.5025643811252e-07,0.5596358045917976,2.502564361084777e-07,0.5596358224092114,2.502564270520526e-07,0.5596361129952575,2.5025643811252e-07,0.5596358045917976,2.502564361084777e-07,0.5596358224092114
2.503035103326685e-07,0.5588512631321075,2.503035170712208e-07,0.5588512763878625,2.503035272867571e-07,0.5588513343084961,2.503035103326685e-07,0.5588512631321075,2.503035170712208e-07,0.5588512763878625,2.503035272867571e-07,0.5588513343084961,2.503035103326685e-07,0.5588512631321075,2.503035170712208e-07,0.5588512763878625,2.503035272867571e-07,0.5588513343084961,2.504399936581072e-07,0.5600207320493265,2.504400037173116e-07,0.5600207440083782,2.504399986538342e-07,0.5600206867164964,2.504399936581072e-07,0.5600207320493265,2.504400037173116e-07,0.5600207440083782,2.504399986538342e-07,0.5600206867164964,2.504399936581072e-07,0.5600207320493265,2.504400037173116e-07,0.5600207440083782,2.504399986538342e-07,0.5600206867164964,2.50540820320152e-07,0.5602845429997332,2.505408229263847e-07,0.560284541961092,2.505408228422857e-07,0.5602845406573665,2.50540820320152e-07,0.5602845429997332,2.505408229263847e-07,0.560284541961092,2.505408228422857e-07,0.5602845406573665,2.50540820320152e-07,0.5602845429997332,2.505408229263847e-07,0.560284541961092,2.505408228422857e-07,0.5602845406573665,2.501656229485372e-07,0.573593478314527,2.501656260496525e-07,0.573592128674853,2.501656284009769e-07,0.5735911039902457,2.501656229485372e-07,0.573593478314527,2.501656260496525e-07,0.573592128674853,2.501656284009769e-07,0.5735911039902457,2.501656229485372e-07,0.573593478314527,2.501656260496525e-07,0.573592128674853,2.501656284009769e-07,0.5735911039902457,2.502553171924362e-07,0.559243970216143,2.502553213959182e-07,0.5592438291867765,2.502553263915348e-07,0.5592436799960409,2.502553171924362e-07,0.559243970216143,2.502553213959182e-07,0.5592438291867765,2.502553263915348e-07,0.5592436799960409,2.502553171924362e-07,0.559243970216143,2.502553213959182e-07,0.5592438291867765,2.502553263915348e-07,0.5592436799960409,2.502551579051418e-07,0.5593792328040299,2.50255162235843e-07,0.559379094412063,2.502551651925164e-07,0.5593789947683423,2.502551579051418e-07,0.5593792328040299,2.50255162235843e-07,0.559379094412063,2.502551651925164e-07,0.5593789947683423,2.502551579051418e-07,0.5593792328040299,2.50255162235843e-07,0.559379094412063,2.502551651925164e-07,0.5593789947683423,2.502568052532621e-07,0.5593641595575617,2.502568120080342e-07,0.5593639855664129,2.502568137879635e-07,0.5593639205219186,2.502568052532621e-07,0.5593641595575617,2.502568120080342e-07,0.5593639855664129,2.502568137879635e-07,0.5593639205219186,2.502568052532621e-07,0.5593641595575617,2.502568120080342e-07,0.5593639855664129,2.502568137879635e-07,0.5593639205219186,2.502566290048452e-07,0.5595025480808571,2.502566260202943e-07,0.5595025555311305,2.502566344048553e-07,0.5595023292457739,2.502566290048452e-07,0.5595025480808571,2.502566260202943e-07,0.5595025555311305,2.502566344048553e-07,0.5595023292457739,2.502566290048452e-07,0.5595025480808571,2.502566260202943e-07,0.5595025555311305,2.502566344048553e-07,0.5595023292457739,2.503063877320277e-07,0.5593045145098235,2.50306400609481e-07,0.5593045275242794,2.503063982782291e-07,0.5593044859728923,2.503063877320277e-07,0.5593045145098235,2.50306400609481e-07,0.5593045275242794,2.503063982782291e-07,0.5593044859728923,2.503063877320277e-07,0.5593045145098235,2.50306400609481e-07,0.5593045275242794,2.503063982782291e-07,0.5593044859728923
2.503606198612069e-07,0.5594376101553368,2.503606278075916e-07,0.5594376441719122,2.503606398541902e-07,0.5594377339787064,2.503606198612069e-07,0.5594376101553368,2.503606278075916e-07,0.5594376441719122,2.503606398541902e-07,0.5594377339787064,2.503606198612069e-07,0.5594376101553368,2.503606278075916e-07,0.5594376441719122,2.503606398541902e-07,0.5594377339787064,2.505409869831052e-07,0.5602797897223619,2.505409997402449e-07,0.5602797725616303,2.50540993314956e-07,0.5602797298129117,2.505409869831052e-07,0.5602797897223619,2.505409997402449e-07,0.5602797725616303,2.50540993314956e-07,0.5602797298129117,2.505409869831052e-07,0.5602797897223619,2.505409997402449e-07,0.5602797725616303,2.50540993314956e-07,0.5602797298129117,2.506786059808619e-07,0.56035642516776,2.506786097037544e-07,0.5603564216165895,2.506786095822908e-07,0.5603564204010894,2.506786059808619e-07,0.56035642516776,2.506786097037544e-07,0.5603564216165895,2.506786095822908e-07,0.5603564204010894,2.506786059808619e-07,0.56035642516776,2.506786097037544e-07,0.5603564216165895,2.506786095822908e-07,0.5603564204010894,2.502077696497284e-07,0.5624170124815547,2.502077750145425e-07,0.5624161636169239,2.502077790822212e-07,0.5624155175133696,2.502077696497284e-07,0.5624170124815547,2.502077750145425e-07,0.5624161636169239,2.502077790822212e-07,0.5624155175133696,2.502077696497284e-07,0.5624170124815547,2.502077750145425e-07,0.5624161636169239,2.502077790822212e-07,0.5624155175133696,2.503047598254894e-07,0.5590781255887421,2.50304764688286e-07,0.5590781057839709,2.503047704638072e-07,0.5590781011410976,2.503047598254894e-07,0.5590781255887421,2.50304764688286e-07,0.5590781057839709,2.503047704638072e-07,0.5590781011410976,2.503047598254894e-07,0.5590781255887421,2.50304764688286e-07,0.5590781057839709,2.503047704638072e-07,0.5590781011410976,2.503045946645899e-07,0.5591704650176011,2.503045996704081e-07,0.5591704535718124,2.50304603090956e-07,0.5591704397311095,2.503045946645899e-07,0.5591704650176011,2.503045996704081e-07,0.5591704535718124,2.50304603090956e-07,0.5591704397311095,2.503045946645899e-07,0.5591704650176011,2.503045996704081e-07,0.5591704535718124,2.50304603090956e-07,0.5591704397311095,2.503067772440364e-07,0.5591196183316233,2.503067851192241e-07,0.5591196382154698,2.503067872016652e-07,0.5591196234882885,2.503067772440364e-07,0.5591196183316233,2.503067851192241e-07,0.5591196382154698,2.503067872016652e-07,0.5591196234882885,2.503067772440364e-07,0.5591196183316233,2.503067851192241e-07,0.5591196382154698,2.503067872016652e-07,0.5591196234882885,2.50306596317352e-07,0.5592139858716333,2.503065928482555e-07,0.5592139062745457,2.503066026138068e-07,0.5592139222955073,2.50306596317352e-07,0.5592139858716333,2.503065928482555e-07,0.5592139062745457,2.503066026138068e-07,0.5592139222955073,2.50306596317352e-07,0.5592139858716333,2.503065928482555e-07,0.5592139062745457,2.503066026138068e-07,0.5592139222955073,2.503640423390138e-07,0.5596673009106014,2.503640576427079e-07,0.5596673665819384,2.503640548709746e-07,0.5596673146908826,2.503640423390138e-07,0.5596673009106014,2.503640576427079e-07,0.5596673665819384,2.503640548709746e-07,0.5596673146908826,2.503640423390138e-07,0.5596673009106014,2.503640576427079e-07,0.5596673665819384,2.503640548709746e-07,0.5596673146908826
2.504401231457199e-07,0.5599983397007177,2.504401353982836e-07,0.5599983579110853,2.504401539783466e-07,0.5599984239319036,2.504401231457199e-07,0.5599983397007177,2.504401353982836e-07,0.5599983579110853,2.504401539783466e-07,0.5599984239319036,2.504401231457199e-07,0.5599983397007177,2.504401353982836e-07,0.5599983579110853,2.504401539783466e-07,0.5599984239319036,2.506787566772619e-07,0.5603569438896351,2.506787748002209e-07,0.5603569135810006,2.506787656651762e-07,0.5603568775103148,2.506787566772619e-07,0.5603569438896351,2.506787748002209e-07,0.5603569135810006,2.506787656651762e-07,0.5603568775103148,2.506787566772619e-07,0.5603569438896351,2.506787748002209e-07,0.5603569135810006,2.506787656651762e-07,0.5603568775103148,2.508794203698823e-07,0.5603617477531052,2.508794260594789e-07,0.5603617434998404,2.508794258716644e-07,0.5603617422539214,2.508794203698823e-07,0.5603617477531052,2.508794260594789e-07,0.5603617434998404,2.508794258716644e-07,0.5603617422539214,2.508794203698823e-07,0.5603617477531052,2.508794260594789e-07,0.5603617434998404,2.508794258716644e-07,0.5603617422539214,2.502554928301284e-07,0.5591047254038596,2.50255497611097e-07,0.5591045777639397,2.502555012346045e-07,0.5591044633358668,2.502554928301284e-07,0.5591047254038596,2.50255497611097e-07,0.5591045777639397,2.502555012346045e-07,0.5591044633358668,2.502554928301284e-07,0.5591047254038596,2.50255497611097e-07,0.5591045777639397,2.502555012346045e-07,0.5591044633358668,2.503621128384164e-07,0.5595515806285033,2.503621186467966e-07,0.5595515779588986,2.503621255453066e-07,0.5595515937331639,2.503621128384164e-07,0.5595515806285033,2.503621186467966e-07,0.5595515779588986,2.503621255453066e-07,0.5595515937331639,2.503621128384164e-07,0.5595515806285033,2.503621186467966e-07,0.5595515779588986,2.503621255453066e-07,0.5595515937331639,2.503619274780147e-07,0.559603995749992,2.503619334535318e-07,0.5596040038496346,2.503619375393919e-07,0.5596040028571958,2.503619274780147e-07,0.559603995749992,2.503619334535318e-07,0.5596040038496346,2.503619375393919e-07,0.5596040028571958,2.503619274780147e-07,0.559603995749992,2.503619334535318e-07,0.5596040038496346,2.503619375393919e-07,0.5596040028571958,2.503644841080263e-07,0.5595625882723257,2.503644934650703e-07,0.5595626371095224,2.503644959382815e-07,0.559562630212739,2.503644841080263e-07,0.5595625882723257,2.503644934650703e-07,0.5595626371095224,2.503644959382815e-07,0.559562630212739,2.503644841080263e-07,0.5595625882723257,2.503644934650703e-07,0.5595626371095224,2.503644959382815e-07,0.559562630212739,2.503642774625409e-07,0.5596162669188541,2.5036427333727e-07,0.5596161742487191,2.503642849454524e-07,0.5596162275110873,2.503642774625409e-07,0.5596162669188541,2.5036427333727e-07,0.5596161742487191,2.503642849454524e-07,0.5596162275110873,2.503642774625409e-07,0.5596162669188541,2.5036427333727e-07,0.5596161742487191,2.503642849454524e-07,0.5596162275110873,2.504428189352442e-07,0.5600786111261533,2.504428423828866e-07,0.5600786613010031,2.504428381256625e-07,0.5600786118776818,2.504428189352442e-07,0.5600786111261533,2.504428423828866e-07,0.5600786613010031,2.504428381256625e-07,0.5600786118776818,2.504428189352442e-07,0.5600786111261533,2.504428423828866e-07,0.5600786613010031,2.504428381256625e-07,0.5600786118776818
2.505410944043598e-07,0.5602738640117917,2.505411099467171e-07,0.560273844769989,2.505411335191736e-07,0.5602738540676325,2.505410944043598e-07,0.5602738640117917,2.505411099467171e-07,0.560273844769989,2.505411335191736e-07,0.5602738540676325,2.505410944043598e-07,0.5602738640117917,2.505411099467171e-07,0.560273844769989,2.505411335191736e-07,0.5602738540676325,2.508794932267612e-07,0.560362867961737,2.508795207460619e-07,0.560362834250605,2.508795068730819e-07,0.5603627998240954,2.508794932267612e-07,0.560362867961737,2.508795207460619e-07,0.560362834250605,2.508795068730819e-07,0.5603627998240954,2.508794932267612e-07,0.560362867961737,2.508795207460619e-07,0.560362834250605,2.508795068730819e-07,0.5603627998240954,2.512291900689812e-07,0.5603612805406872,2.512292011655116e-07,0.5603612764221093,2.512292008232074e-07,0.5603612752233548,2.512291900689812e-07,0.5603612805406872,2.512292011655116e-07,0.5603612764221093,2.512292008232074e-07,0.5603612752233548,2.512291900689812e-07,0.5603612805406872,2.512292011655116e-07,0.5603612764221093,2.512292008232074e-07,0.5603612752233548,2.503049463942262e-07,0.5589829640593165,2.503049519261349e-07,0.5589829539356764,2.50304956118785e-07,0.558982944003004,2.503049463942262e-07,0.5589829640593165,2.503049519261349e-07,0.5589829539356764,2.50304956118785e-07,0.558982944003004,2.503049463942262e-07,0.5589829640593165,2.503049519261349e-07,0.5589829539356764,2.50304956118785e-07,0.558982944003004,2.50441163560122e-07,0.5600375023950825,2.504411724922009e-07,0.5600374910222879,2.504411830959639e-07,0.5600374965585239,2.50441163560122e-07,0.5600375023950825,2.504411724922009e-07,0.5600374910222879,2.504411830959639e-07,0.5600374965585239,2.50441163560122e-07,0.5600375023950825,2.504411724922009e-07,0.5600374910222879,2.504411830959639e-07,0.5600374965585239,2.504409996111087e-07,0.5600587414125384,2.504410088068082e-07,0.5600587419752177,2.50441015085775e-07,0.5600587354780322,2.504409996111087e-07,0.5600587414125384,2.504410088068082e-07,0.5600587419752177,2.50441015085775e-07,0.5600587354780322,2.504409996111087e-07,0.5600587414125384,2.504410088068082e-07,0.5600587419752177,2.50441015085775e-07,0.5600587354780322,2.504432343931233e-07,0.5600360013618623,2.504432487691078e-07,0.5600360380679684,2.504432525801022e-07,0.5600360278417998,2.504432343931233e-07,0.5600360013618623,2.504432487691078e-07,0.5600360380679684,2.504432525801022e-07,0.5600360278417998,2.504432343931233e-07,0.5600360013618623,2.504432487691078e-07,0.5600360380679684,2.504432525801022e-07,0.5600360278417998,2.504430404991234e-07,0.5600581153131753,2.504430341796401e-07,0.560058027346202,2.504430519790173e-07,0.5600580671789365,2.504430404991234e-07,0.5600581153131753,2.504430341796401e-07,0.560058027346202,2.504430519790173e-07,0.5600580671789365,2.504430404991234e-07,0.5600581153131753,2.504430341796401e-07,0.560058027346202,2.504430519790173e-07,0.5600580671789365,2.505442080110137e-07,0.5602986312559061,2.505442376598446e-07,0.5602986293006557,2.505442322716126e-07,0.5602985891352603,2.505442080110137e-07,0.5602986312559061,2.505442376598446e-07,0.5602986293006557,2.505442322716126e-07,0.5602985891352603,2.505442080110137e-07,0.5602986312559061,2.505442376598446e-07,0.5602986293006557,2.505442322716126e-07,0.5602985891352603
2.506788124531889e-07,0.5603566146517228,2.506788345242082e-07,0.5603565783389912,2.506788680060539e-07,0.5603565617578131,2.506788124531889e-07,0.5603566146517228,2.506788345242082e-07,0.5603565783389912,2.506788680060539e-07,0.5603565617578131,2.506788124531889e-07,0.5603566146517228,2.506788345242082e-07,0.5603565783389912,2.506788680060539e-07,0.5603565617578131,2.512287883844357e-07,0.5603623371091118,2.512288419333662e-07,0.5603623038727943,2.512288149197888e-07,0.5603622692720766,2.512287883844357e-07,0.5603623371091118,2.512288419333662e-07,0.5603623038727943,2.512288149197888e-07,0.5603622692720766,2.512287883844357e-07,0.5603623371091118,2.512288419333662e-07,0.5603623038727943,2.512288149197888e-07,0.5603622692720766,2.51928729467179e-07,0.5603611915830748,2.519287513775771e-07,0.5603611873626662,2.519287507262932e-07,0.5603611861192214,2.51928729467179e-07,0.5603611915830748,2.519287513775771e-07,0.5603611873626662,2.519287507262932e-07,0.5603611861192214,2.51928729467179e-07,0.5603611915830748,2.519287513775771e-07,0.5603611873626662,2.519287507262932e-07,0.5603611861192214,2.503623291229164e-07,0.5594975633707528,2.503623357293259e-07,0.5594975717383862,2.503623407363913e-07,0.5594975759874415,2.503623291229164e-07,0.5594975633707528,2.503623357293259e-07,0.5594975717383862,2.503623407363913e-07,0.5594975759874415,2.503623291229164e-07,0.5594975633707528,2.503623357293259e-07,0.5594975717383862,2.503623407363913e-07,0.5594975759874415,2.505422454035032e-07,0.5602863419694624,2.50542256752016e-07,0.5602863074864443,2.505422702282893e-07,0.5602862855870179,2.505422454035032e-07,0.5602863419694624,2.50542256752016e-07,0.5602863074864443,2.505422702282893e-07,0.5602862855870179,2.505422454035032e-07,0.5602863419694624,2.50542256752016e-07,0.5602863074864443,2.505422702282893e-07,0.5602862855870179,2.505420838038783e-07,0.5602918227081355,2.505420954892978e-07,0.5602918009962662,2.505421034650706e-07,0.5602917792105995,2.505420838038783e-07,0.5602918227081355,2.505420954892978e-07,0.5602918009962662,2.505421034650706e-07,0.5602917792105995,2.505420838038783e-07,0.5602918227081355,2.505420954892978e-07,0.5602918009962662,2.505421034650706e-07,0.5602917792105995,2.505446223724441e-07,0.5602879136971705,2.505446405252637e-07,0.5602879139470992,2.505446453264038e-07,0.5602878941569329,2.505446223724441e-07,0.5602879136971705,2.505446405252637e-07,0.5602879139470992,2.505446453264038e-07,0.5602878941569329,2.505446223724441e-07,0.5602879136971705,2.505446405252637e-07,0.5602879139470992,2.505446453264038e-07,0.5602878941569329,2.505444289042362e-07,0.5602937330029023,2.505444209078935e-07,0.5602936602451535,2.505444434068775e-07,0.5602936575298429,2.505444289042362e-07,0.5602937330029023,2.505444209078935e-07,0.5602936602451535,2.505444434068775e-07,0.5602936575298429,2.505444289042362e-07,0.5602937330029023,2.505444209078935e-07,0.5602936602451535,2.505444434068775e-07,0.5602936575298429,2.506811760277415e-07,0.5603665686653859,2.506812175506841e-07,0.5603665403604871,2.506812099935984e-07,0.560366504961777,2.506811760277415e-07,0.5603665686653859,2.506812175506841e-07,0.5603665403604871,2.506812099935984e-07,0.560366504961777,2.506811760277415e-07,0.5603665686653859,2.506812175506841e-07,0.5603665403604871,2.506812099935984e-07,0.560366504961777
2.50879426372575e-07,0.5603632868676274,2.508794598701071e-07,0.5603632460994006,2.508795106917048e-07,0.5603632227790317,2.50879426372575e-07,0.5603632868676274,2.508794598701071e-07,0.5603632460994006,2.508795106917048e-07,0.5603632227790317,2.50879426372575e-07,0.5603632868676274,2.508794598701071e-07,0.5603632460994006,2.508795106917048e-07,0.5603632227790317,2.519273786997847e-07,0.5603622558034901,2.519274843079749e-07,0.5603622222923164,2.519274310132027e-07,0.5603621877594046,2.519273786997847e-07,0.5603622558034901,2.519274843079749e-07,0.5603622222923164,2.519274310132027e-07,0.5603621877594046,2.519273786997847e-07,0.5603622558034901,2.519274843079749e-07,0.5603622222923164,2.519274310132027e-07,0.5603621877594046,2.533278082635745e-07,0.5603611722643196,2.533278518017082e-07,0.5603611680634243,2.53327850532465e-07,0.5603611668453429,2.533278082635745e-07,0.5603611722643196,2.533278518017082e-07,0.5603611680634243,2.53327850532465e-07,0.5603611668453429,2.533278082635745e-07,0.5603611722643196,2.533278518017082e-07,0.5603611680634243,2.53327850532465e-07,0.5603611668453429,2.504413814721976e-07,0.5600156051897724,2.5044139164152e-07,0.5600156028012823,2.504413993502984e-07,0.5600155990256309,2.504413814721976e-07,0.5600156051897724,2.5044139164152e-07,0.5600156028012823,2.504413993502984e-07,0.5600155990256309,2.504413814721976e-07,0.5600156051897724,2.5044139164152e-07,0.5600156028012823,2.504413993502984e-07,0.5600155990256309,2.506794020859605e-07,0.5603621099419676,2.506794180416782e-07,0.5603620640540077,2.506794369870342e-07,0.5603620286483456,2.506794020859605e-07,0.5603621099419676,2.506794180416782e-07,0.5603620640540077,2.506794369870342e-07,0.5603620286483456,2.506794020859605e-07,0.5603621099419676,2.506794180416782e-07,0.5603620640540077,2.506794369870342e-07,0.5603620286483456,2.506792627908255e-07,0.560362248891795,2.506792792316879e-07,0.5603622161936153,2.506792904544919e-07,0.5603621869144345,2.506792627908255e-07,0.560362248891795,2.506792792316879e-07,0.5603622161936153,2.506792904544919e-07,0.5603621869144345,2.506792627908255e-07,0.560362248891795,2.506792792316879e-07,0.5603622161936153,2.506792904544919e-07,0.5603621869144345,2.506815749120504e-07,0.5603667110236422,2.50681600315029e-07,0.5603666928564115,2.506816070412956e-07,0.5603666681235485,2.506815749120504e-07,0.5603667110236422,2.50681600315029e-07,0.5603666928564115,2.506816070412956e-07,0.5603666681235485,2.506815749120504e-07,0.5603667110236422,2.50681600315029e-07,0.5603666928564115,2.506816070412956e-07,0.5603666681235485,2.506813872400906e-07,0.5603669685115161,2.506813760582724e-07,0.5603669032413108,2.506814075395448e-07,0.5603668793607499,2.506813872400906e-07,0.5603669685115161,2.506813760582724e-07,0.5603669032413108,2.506814075395448e-07,0.5603668793607499,2.506813872400906e-07,0.5603669685115161,2.506813760582724e-07,0.5603669032413108,2.506814075395448e-07,0.5603668793607499,2.508794047734226e-07,0.5603726755337122,2.508794667615717e-07,0.5603726405394501,2.508794554750433e-07,0.5603726063114934,2.508794047734226e-07,0.5603726755337122,2.508794667615717e-07,0.5603726405394501,2.508794554750433e-07,0.5603726063114934,2.508794047734226e-07,0.5603726755337122,2.508794667615717e-07,0.5603726405394501,2.508794554750433e-07,0.5603726063114934
2.512281278138418e-07,0.5603626695034984,2.512281928528329e-07,0.560362629315232,2.512282915436988e-07,0.5603626068486618,2.512281278138418e-07,0.5603626695034984,2.512281928528329e-07,0.560362629315232,2.512282915436988e-07,0.5603626068486618,2.512281278138418e-07,0.5603626695034984,2.512281928528329e-07,0.560362629315232,2.512282915436988e-07,0.5603626068486618,2.533245593304827e-07,0.5603622180086796,2.533247690571923e-07,0.5603621845537525,2.533246632000305e-07,0.5603621500155522,2.533245593304827e-07,0.5603622180086796,2.533247690571923e-07,0.5603621845537525,2.533246632000305e-07,0.5603621500155522,2.533245593304827e-07,0.5603622180086796,2.533247690571923e-07,0.5603621845537525,2.533246632000305e-07,0.5603621500155522,2.561259658563656e-07,0.5603608765447733,2.561260526499702e-07,0.5603608723191503,2.561260501448086e-07,0.5603608711035024,2.561259658563656e-07,0.5603608765447733,2.561260526499702e-07,0.5603608723191503,2.561260501448086e-07,0.5603608711035024,2.561259658563656e-07,0.5603608765447733,2.561260526499702e-07,0.5603608723191503,2.561260501448086e-07,0.5603608711035024,2.505424752874137e-07,0.5602807181034009,2.505424882022654e-07,0.5602806878068827,2.505424979943498e-07,0.5602806628932556,2.505424752874137e-07,0.5602807181034009,2.505424882022654e-07,0.5602806878068827,2.505424979943498e-07,0.5602806628932556,2.505424752874137e-07,0.5602807181034009,2.505424882022654e-07,0.5602806878068827,2.505424979943498e-07,0.5602806628932556,2.508784852028915e-07,0.5603685858054832,2.508785091523358e-07,0.5603685369301815,2.508785375948484e-07,0.5603684979548302,2.508784852028915e-07,0.5603685858054832,2.508785091523358e-07,0.5603685369301815,2.508785375948484e-07,0.5603684979548302,2.508784852028915e-07,0.5603685858054832,2.508785091523358e-07,0.5603685369301815,2.508785375948484e-07,0.5603684979548302,2.508784110573242e-07,0.5603680982661481,2.508784357467242e-07,0.5603680626854918,2.508784526024921e-07,0.5603680314382828,2.508784110573242e-07,0.5603680982661481,2.508784357467242e-07,0.5603680626854918,2.508784526024921e-07,0.5603680314382828,2.508784110573242e-07,0.5603680982661481,2.508784357467242e-07,0.5603680626854918,2.508784526024921e-07,0.5603680314382828,2.508797250325891e-07,0.5603742524578723,2.508797629092659e-07,0.5603742292886975,2.508797729243062e-07,0.5603742032934222,2.508797250325891e-07,0.5603742524578723,2.508797629092659e-07,0.5603742292886975,2.508797729243062e-07,0.5603742032934222,2.508797250325891e-07,0.5603742524578723,2.508797629092659e-07,0.5603742292886975,2.508797729243062e-07,0.5603742032934222,2.508795776592185e-07,0.5603737258505186,2.508795609589483e-07,0.5603736627177418,2.50879607956641e-07,0.560373632940673,2.508795776592185e-07,0.5603737258505186,2.508795609589483e-07,0.5603736627177418,2.50879607956641e-07,0.560373632940673,2.508795776592185e-07,0.5603737258505186,2.508795609589483e-07,0.5603736627177418,2.50879607956641e-07,0.560373632940673,2.512174034830242e-07,0.5603721255145584,2.512175219516094e-07,0.5603720910179653,2.512175003652997e-07,0.5603720565993398,2.512174034830242e-07,0.5603721255145584,2.512175219516094e-07,0.5603720910179653,2.512175003652997e-07,0.5603720565993398,2.512174034830242e-07,0.5603721255145584,2.512175219516094e-07,0.5603720910179653,2.512175003652997e-07,0.5603720565993398
2.519255306963753e-07,0.5603626099772512,2.519256588182846e-07,0.5603625694527873,2.519258532476866e-07,0.5603625464879458,2.519255306963753e-07,0.5603626099772512,2.519256588182846e-07,0.5603625694527873,2.519258532476866e-07,0.5603625464879458,2.519255306963753e-07,0.5603626099772512,2.519256588182846e-07,0.5603625694527873,2.519258532476866e-07,0.5603625464879458,2.561189205918788e-07,0.5603618862036737,2.56119338555627e-07,0.5603618527346921,2.561191275736859e-07,0.5603618181926466,2.561189205918788e-07,0.5603618862036737,2.56119338555627e-07,0.5603618527346921,2.561191275736859e-07,0.5603618181926466,2.561189205918788e-07,0.5603618862036737,2.56119338555627e-07,0.5603618527346921,2.561191275736859e-07,0.5603618181926466,2.617222810419479e-07,0.5603605064077708,2.617224543464942e-07,0.5603605021248443,2.617224493694957e-07,0.5603605009100329,2.617222810419479e-07,0.5603605064077708,2.617224543464942e-07,0.5603605021248443,2.617224493694957e-07,0.5603605009100329,2.617222810419479e-07,0.5603605064077708,2.617224543464942e-07,0.5603605021248443,2.617224493694957e-07,0.5603605009100329,2.506796510918528e-07,0.5603620198844993,2.506796692434567e-07,0.5603619757532698,2.50679683008638e-07,0.5603619403624307,2.506796510918528e-07,0.5603620198844993,2.506796692434567e-07,0.5603619757532698,2.50679683008638e-07,0.5603619403624307,2.506796510918528e-07,0.5603620198844993,2.506796692434567e-07,0.5603619757532698,2.50679683008638e-07,0.5603619403624307,2.512209918403826e-07,0.5603679959170532,2.512210380752555e-07,0.5603679474195614,2.512210929705336e-07,0.5603679089035501,2.512209918403826e-07,0.5603679959170532,2.512210380752555e-07,0.5603679474195614,2.512210929705336e-07,0.5603679089035501,2.512209918403826e-07,0.5603679959170532,2.512210380752555e-07,0.5603679474195614,2.512210929705336e-07,0.5603679089035501,2.512214070333775e-07,0.5603675661860669,2.512214547731223e-07,0.5603675309860348,2.512214873658937e-07,0.5603675000140144,2.512214070333775e-07,0.5603675661860669,2.512214547731223e-07,0.5603675309860348,2.512214873658937e-07,0.5603675000140144,2.512214070333775e-07,0.5603675661860669,2.512214547731223e-07,0.5603675309860348,2.512214873658937e-07,0.5603675000140144,2.51216939366896e-07,0.5603735543083829,2.512170115280204e-07,0.5603735316600774,2.512170306473316e-07,0.5603735057581647,2.51216939366896e-07,0.5603735543083829,2.512170115280204e-07,0.5603735316600774,2.512170306473316e-07,0.5603735057581647,2.51216939366896e-07,0.5603735543083829,2.512170115280204e-07,0.5603735316600774,2.512170306473316e-07,0.5603735057581647,2.512171779873512e-07,0.5603731153800183,2.512171461746875e-07,0.5603730519621573,2.512172357741903e-07,0.5603730229605396,2.512171779873512e-07,0.5603731153800183,2.512171461746875e-07,0.5603730519621573,2.512172357741903e-07,0.5603730229605396,2.512171779873512e-07,0.5603731153800183,2.512171461746875e-07,0.5603730519621573,2.512172357741903e-07,0.5603730229605396,2.518934009022275e-07,0.5603720870929845,2.518936323316848e-07,0.5603720528583229,2.518935901458125e-07,0.5603720182747832,2.518934009022275e-07,0.5603720870929845,2.518936323316848e-07,0.5603720528583229,2.518935901458125e-07,0.5603720182747832,2.518934009022275e-07,0.5603720870929845,2.518936323316848e-07,0.5603720528583229,2.518935901458125e-07,0.5603720182747832
2.533203364614424e-07,0.560362548699334,2.533205907491881e-07,0.5603625082328805,2.533209766556622e-07,0.560362485328087,2.533203364614424e-07,0.560362548699334,2.533205907491881e-07,0.5603625082328805,2.533209766556622e-07,0.560362485328087,2.533203364614424e-07,0.560362548699334,2.533205907491881e-07,0.5603625082328805,2.533209766556622e-07,0.560362485328087,2.617076431146708e-07,0.5603614678964877,2.617084775524965e-07,0.5603614343360892,2.617080563209969e-07,0.560361399839745,2.617076431146708e-07,0.5603614678964877,2.617084775524965e-07,0.5603614343360892,2.617080563209969e-07,0.560361399839745,2.617076431146708e-07,0.5603614678964877,2.617084775524965e-07,0.5603614343360892,2.617080563209969e-07,0.560361399839745,2.729149114131124e-07,0.5603596862742617,2.729152577395423e-07,0.5603596819228529,2.729152478188698e-07,0.5603596807172803,2.729149114131124e-07,0.5603596862742617,2.729152577395423e-07,0.5603596819228529,2.729152478188698e-07,0.5603596807172803,2.729149114131124e-07,0.5603596862742617,2.729152577395423e-07,0.5603596819228529,2.729152478188698e-07,0.5603596807172803,2.508787402120205e-07,0.560369245987091,2.508787674335718e-07,0.5603691982171735,2.508787880811548e-07,0.560369160034673,2.508787402120205e-07,0.560369245987091,2.508787674335718e-07,0.5603691982171735,2.508787880811548e-07,0.560369160034673,2.508787402120205e-07,0.560369245987091,2.508787674335718e-07,0.5603691982171735,2.508787880811548e-07,0.560369160034673,2.519060051153648e-07,0.5603679487680883,2.51906095921095e-07,0.5603679000592905,2.519062037219039e-07,0.5603678612646589,2.519060051153648e-07,0.5603679487680883,2.51906095921095e-07,0.5603679000592905,2.519062037219039e-07,0.5603678612646589,2.519060051153648e-07,0.5603679487680883,2.51906095921095e-07,0.5603679000592905,2.519062037219039e-07,0.5603678612646589,2.519073989854839e-07,0.5603675163058925,2.519074928259186e-07,0.5603674808652204,2.51907556892697e-07,0.5603674497337704,2.519073989854839e-07,0.5603675163058925,2.519074928259186e-07,0.5603674808652204,2.51907556892697e-07,0.5603674497337704,2.519073989854839e-07,0.5603675163058925,2.519074928259186e-07,0.5603674808652204,2.51907556892697e-07,0.5603674497337704,2.518913680355097e-07,0.5603735508233089,2.518915087655296e-07,0.5603735279171724,2.518915460933824e-07,0.5603735019949795,2.518913680355097e-07,0.5603735508233089,2.518915087655296e-07,0.5603735279171724,2.518915460933824e-07,0.5603735019949795,2.518913680355097e-07,0.5603735508233089,2.518915087655296e-07,0.5603735279171724,2.518915460933824e-07,0.5603735019949795,2.518923786436166e-07,0.5603730878801931,2.518923166061659e-07,0.5603730246575201,2.51892491409289e-07,0.5603729952325066,2.518923786436166e-07,0.5603730878801931,2.518923166061659e-07,0.5603730246575201,2.51892491409289e-07,0.5603729952325066,2.518923786436166e-07,0.5603730878801931,2.518923166061659e-07,0.5603730246575201,2.51892491409289e-07,0.5603729952325066,2.532453957406341e-07,0.5603720678678855,2.532458530918357e-07,0.5603720338789395,2.532457697068382e-07,0.5603719989245233,2.532453957406341e-07,0.5603720678678855,2.532458530918357e-07,0.5603720338789395,2.532457697068382e-07,0.5603719989245233,2.532453957406341e-07,0.5603720678678855,2.532458530918357e-07,0.5603720338789395,2.532457697068382e-07,0.5603719989245233
2.561099479915765e-07,0.5603621779846889,2.561104546109949e-07,0.5603621374890376,2.561112234716135e-07,0.5603621145109757,2.561099479915765e-07,0.5603621779846889,2.561104546109949e-07,0.5603621374890376,2.561112234716135e-07,0.5603621145109757,2.561099479915765e-07,0.5603621779846889,2.561104546109949e-07,0.5603621374890376,2.561112234716135e-07,0.5603621145109757,2.72885088160255e-07,0.5603605524779739,2.728867555462354e-07,0.5603605188587594,2.728859138156189e-07,0.5603604844370944,2.72885088160255e-07,0.5603605524779739,2.728867555462354e-07,0.5603605188587594,2.728859138156189e-07,0.5603604844370944,2.72885088160255e-07,0.5603605524779739,2.728867555462354e-07,0.5603605188587594,2.728859138156189e-07,0.5603604844370944,2.889149114131124e-07,0.5603588666756318,2.889152577395423e-07,0.5603588622654591,2.889152478188698e-07,0.5603588610631013,2.889149114131124e-07,0.5603588666756318,2.889152577395423e-07,0.5603588622654591,2.889152478188698e-07,0.5603588610631013,2.889149114131124e-07,0.5603588666756318,2.889152577395423e-07,0.5603588622654591,2.889152478188698e-07,0.5603588610631013,2.512209510892727e-07,0.5603685716386508,2.512210035703656e-07,0.5603685243056855,2.512210433774229e-07,0.560368486440643,2.512209510892727e-07,0.5603685716386508,2.512210035703656e-07,0.5603685243056855,2.512210433774229e-07,0.560368486440643,2.512209510892727e-07,0.5603685716386508,2.512210035703656e-07,0.5603685243056855,2.512210433774229e-07,0.560368486440643,2.532760316653291e-07,0.560367911919686,2.532762116127738e-07,0.5603678632635354,2.532764252246446e-07,0.5603678245167922,2.532760316653291e-07,0.560367911919686,2.532762116127738e-07,0.5603678632635354,2.532764252246446e-07,0.5603678245167922,2.532760316653291e-07,0.560367911919686,2.532762116127738e-07,0.5603678632635354,2.532764252246446e-07,0.5603678245167922,2.532793828896969e-07,0.5603674973989409,2.532795689315113e-07,0.5603674619941381,2.532796959463035e-07,0.5603674309045029,2.532793828896969e-07,0.5603674973989409,2.532795689315113e-07,0.5603674619941381,2.532796959463035e-07,0.5603674309045029,2.532793828896969e-07,0.5603674973989409,2.532795689315113e-07,0.5603674619941381,2.532796959463035e-07,0.5603674309045029,2.532402253727373e-07,0.5603734975703329,2.53240503240548e-07,0.5603734747313774,2.532405769854839e-07,0.5603734488190147,2.532402253727373e-07,0.5603734975703329,2.53240503240548e-07,0.5603734747313774,2.532405769854839e-07,0.5603734488190147,2.532402253727373e-07,0.5603734975703329,2.53240503240548e-07,0.5603734747313774,2.532405769854839e-07,0.5603734488190147,2.532427799561475e-07,0.5603730592775997,2.532426574691229e-07,0.5603729960382878,2.532430026794864e-07,0.560372966780451,2.532427799561475e-07,0.5603730592775997,2.532426574691229e-07,0.5603729960382878,2.532430026794864e-07,0.560372966780451,2.532427799561475e-07,0.5603730592775997,2.532426574691229e-07,0.5603729960382878,2.532430026794864e-07,0.560372966780451,2.559493854174473e-07,0.5603718034782026,2.559502946121374e-07,0.5603717702435647,2.559501288288895e-07,0.5603717345733377,2.559493854174473e-07,0.5603718034782026,2.559502946121374e-07,0.5603717702435647,2.559501288288895e-07,0.5603717345733377,2.559493854174473e-07,0.5603718034782026,2.559502946121374e-07,0.5603717702435647,2.559501288288895e-07,0.5603717345733377
2.616891710518447e-07,0.5603617046254949,2.616901823346086e-07,0.5603616640186028,2.61691717103516e-07,0.5603616408246832,2.616891710518447e-07,0.5603617046254949,2.616901823346086e-07,0.5603616640186028,2.61691717103516e-07,0.5603616408246832,2.616891710518447e-07,0.5603617046254949,2.616901823346086e-07,0.5603616640186028,2.61691717103516e-07,0.5603616408246832,2.88885088160255e-07,0.5603596510859968,2.888867555462354e-07,0.5603596174083861,2.888859138156189e-07,0.5603595830727714,2.88885088160255e-07,0.5603596510859968,2.888867555462354e-07,0.5603596174083861,2.888859138156189e-07,0.5603595830727714,2.88885088160255e-07,0.5603596510859968,2.888867555462354e-07,0.5603596174083861,2.888859138156189e-07,0.5603595830727714,3e-07,0.5603583063392648,3e-07,0.5603583019277608,3e-07,0.5603583007298302,3e-07,0.5603583063392648,3e-07,0.5603583019277608,3e-07,0.5603583007298302,3e-07,0.5603583063392648,3e-07,0.5603583019277608,3e-07,0.5603583007298302,2.519053728437772e-07,0.560368548602724,2.51905475843953e-07,0.5603685010469176,2.519055539699592e-07,0.5603684629436407,2.519053728437772e-07,0.560368548602724,2.51905475843953e-07,0.5603685010469176,2.519055539699592e-07,0.5603684629436407,2.519053728437772e-07,0.560368548602724,2.51905475843953e-07,0.5603685010469176,2.519055539699592e-07,0.5603684629436407,2.560160847652577e-07,0.5603675983581305,2.560164429961315e-07,0.560367549704024,2.56016868230126e-07,0.5603675109260113,2.560160847652577e-07,0.5603675983581305,2.560164429961315e-07,0.560367549704024,2.56016868230126e-07,0.5603675109260113,2.560160847652577e-07,0.5603675983581305,2.560164429961315e-07,0.560367549704024,2.56016868230126e-07,0.5603675109260113,2.560233506981229e-07,0.5603672237672301,2.560237211426966e-07,0.5603671883460039,2.560239740535166e-07,0.560367157244497,2.560233506981229e-07,0.5603672237672301,2.560237211426966e-07,0.5603671883460039,2.560239740535166e-07,0.560367157244497,2.560233506981229e-07,0.5603672237672301,2.560237211426966e-07,0.5603671883460039,2.560239740535166e-07,0.560367157244497,2.559379400471923e-07,0.5603731741075098,2.559384921905847e-07,0.5603731512625993,2.55938638769687e-07,0.5603731253674512,2.559379400471923e-07,0.5603731741075098,2.559384921905847e-07,0.5603731512625993,2.55938638769687e-07,0.5603731253674512,2.559379400471923e-07,0.5603731741075098,2.559384921905847e-07,0.5603731512625993,2.55938638769687e-07,0.5603731253674512,2.559435825812093e-07,0.5603727743571975,2.559433391950367e-07,0.5603727111906502,2.559440252198813e-07,0.560372681977245,2.559435825812093e-07,0.5603727743571975,2.559433391950367e-07,0.5603727111906502,2.559440252198813e-07,0.560372681977245,2.559435825812093e-07,0.5603727743571975,2.559433391950367e-07,0.5603727111906502,2.559440252198813e-07,0.560372681977245,2.613573647710736e-07,0.560371499592802,2.613591776527409e-07,0.560371467538463,2.613588470729922e-07,0.5603714305867862,2.613573647710736e-07,0.560371499592802,2.613591776527409e-07,0.560371467538463,2.613588470729922e-07,0.5603714305867862,2.613573647710736e-07,0.560371499592802,2.613591776527409e-07,0.560371467538463,2.613588470729922e-07,0.5603714305867862
2.728476171723811e-07,0.5603606936792505,2.728496377818361e-07,0.5603606530352614,2.728527043673211e-07,0.5603606297261029,2.728476171723811e-07,0.5603606936792505,2.728496377818361e-07,0.5603606530352614,2.728527043673211e-07,0.5603606297261029,2.728476171723811e-07,0.5603606936792505,2.728496377818361e-07,0.5603606530352614,2.728527043673211e-07,0.5603606297261029,3e-07,0.5603590557012487,3e-07,0.5603590221246363,3e-07,0.5603589877803234,3e-07,0.5603590557012487,3e-07,0.5603590221246363,3e-07,0.5603589877803234,3e-07,0.5603590557012487,3e-07,0.5603590221246363,3e-07,0.5603589877803234,3.001e-07,0.4387291506781509,3.001e-07,0.438729143877901,3.001e-07,0.4387291403235064,3.001e-07,0.4387291506781509,3.001e-07,0.438729143877901,3.001e-07,0.4387291403235064,3.001e-07,0.4387291506781509,3.001e-07,0.438729143877901,3.001e-07,0.4387291403235064,2.532742163527863e-07,0.5603684919961089,2.532744203911279e-07,0.5603684445174714,2.532745751550317e-07,0.5603684063759162,2.532742163527863e-07,0.5603684919961089,2.532744203911279e-07,0.5603684445174714,2.532745751550317e-07,0.5603684063759162,2.532742163527863e-07,0.5603684919961089,2.532744203911279e-07,0.5603684445174714,2.532745751550317e-07,0.5603684063759162,2.61496190965115e-07,0.5603672164411039,2.61496905762847e-07,0.5603671677631533,2.614977542410889e-07,0.5603671289094072,2.61496190965115e-07,0.5603672164411039,2.61496905762847e-07,0.5603671677631533,2.614977542410889e-07,0.5603671289094072,2.61496190965115e-07,0.5603672164411039,2.61496905762847e-07,0.5603671677631533,2.614977542410889e-07,0.5603671289094072,2.615112863149748e-07,0.5603669056771848,2.615120255650671e-07,0.5603668702221353,2.615125302679428e-07,0.5603668390547436,2.615112863149748e-07,0.5603669056771848,2.615120255650671e-07,0.5603668702221353,2.615125302679428e-07,0.5603668390547436,2.615112863149748e-07,0.5603669056771848,2.615120255650671e-07,0.5603668702221353,2.615125302679428e-07,0.5603668390547436,2.613333693961023e-07,0.560372790742632,2.613344700906581e-07,0.560372767792666,2.613347623380931e-07,0.5603727419106028,2.613333693961023e-07,0.560372790742632,2.613344700906581e-07,0.560372767792666,2.613347623380931e-07,0.5603727419106028,2.613333693961023e-07,0.560372790742632,2.613344700906581e-07,0.560372767792666,2.613347623380931e-07,0.5603727419106028,2.613451878313328e-07,0.5603724475489261,2.613447026468643e-07,0.5603723845606103,2.613460703006709e-07,0.5603723552865543,2.613451878313328e-07,0.5603724475489261,2.613447026468643e-07,0.5603723845606103,2.613460703006709e-07,0.5603723552865543,2.613451878313328e-07,0.5603724475489261,2.613447026468643e-07,0.5603723845606103,2.613460703006709e-07,0.5603723552865543,2.721733234783262e-07,0.5603707617721408,2.721769437339479e-07,0.560370731713442,2.721762835611975e-07,0.5603706927518178,2.721733234783262e-07,0.5603707617721408,2.721769437339479e-07,0.560370731713442,2.721762835611975e-07,0.5603706927518178,2.721733234783262e-07,0.5603707617721408,2.721769437339479e-07,0.560370731713442,2.721762835611975e-07,0.5603706927518178
2.888476171723811e-07,0.5603597204217582,2.888496377818361e-07,0.5603596797956827,2.88852704367321e-07,0.5603596564581814,2.888476171723811e-07,0.5603597204217582,2.888496377818361e-07,0.5603596797956827,2.88852704367321e-07,0.5603596564581814,2.888476171723811e-07,0.5603597204217582,2.888496377818361e-07,0.5603596797956827,2.88852704367321e-07,0.5603596564581814,3.001e-07,0.4388619084646857,3.001e-07,0.4388618724348691,3.001e-07,0.4388618356795046,3.001e-07,0.4388619084646857,3.001e-07,0.4388618724348691,3.001e-07,0.4388618356795046,3.001e-07,0.4388619084646857,3.001e-07,0.4388618724348691,3.001e-07,0.4388618356795046,3.001135700910982e-07,0.4256675900415481,3.00113570091098e-07,0.4256675835227471,3.001135700910983e-07,0.4256675802502877,3.001135700910982e-07,0.4256675900415481,3.00113570091098e-07,0.4256675835227471,3.001135700910983e-07,0.4256675802502877,3.001135700910982e-07,0.4256675900415481,3.00113570091098e-07,0.4256675835227471,3.001135700910983e-07,0.4256675802502877,2.560119033708044e-07,0.5603681473119352,2.560123094854778e-07,0.5603680998634901,2.560126175251768e-07,0.5603680615580888,2.560119033708044e-07,0.5603681473119352,2.560123094854778e-07,0.5603680998634901,2.560126175251768e-07,0.5603680615580888,2.560119033708044e-07,0.5603681473119352,2.560123094854778e-07,0.5603680998634901,2.560126175251768e-07,0.5603680615580888,2.724564033648294e-07,0.5603663319534025,2.724578312962778e-07,0.5603662833369385,2.724595262630145e-07,0.5603662444947703,2.724564033648294e-07,0.5603663319534025,2.724578312962778e-07,0.5603662833369385,2.724595262630145e-07,0.5603662444947703,2.724564033648294e-07,0.5603663319534025,2.724578312962778e-07,0.5603662833369385,2.724595262630145e-07,0.5603662444947703,2.724871575486786e-07,0.560366156585395,2.724886344098082e-07,0.5603661211847678,2.724896426967951e-07,0.560366089965996,2.724871575486786e-07,0.560366156585395,2.724886344098082e-07,0.5603661211847678,2.724896426967951e-07,0.560366089965996,2.724871575486786e-07,0.560366156585395,2.724886344098082e-07,0.5603661211847678,2.724896426967951e-07,0.560366089965996,2.721242280939224e-07,0.5603718695737406,2.721264258908049e-07,0.5603718465501708,2.721270094749053e-07,0.5603718207040604,2.721242280939224e-07,0.5603718695737406,2.721264258908049e-07,0.5603718465501708,2.721270094749053e-07,0.5603718207040604,2.721242280939224e-07,0.5603718695737406,2.721264258908049e-07,0.5603718465501708,2.721270094749053e-07,0.5603718207040604,2.721483983315798e-07,0.5603716528219855,2.721474295505196e-07,0.5603715900645669,2.721501604622503e-07,0.5603715607391226,2.721483983315798e-07,0.5603716528219855,2.721474295505196e-07,0.5603715900645669,2.721501604622503e-07,0.5603715607391226,2.721483983315798e-07,0.5603716528219855,2.721474295505196e-07,0.5603715900645669,2.721501604622503e-07,0.5603715607391226,2.881733234783262e-07,0.5603699833565515,2.881769437339479e-07,0.5603699553188418,2.881762835611975e-07,0.560369914334294,2.881733234783262e-07,0.5603699833565515,2.881769437339479e-07,0.5603699553188418,2.881762835611975e-07,0.560369914334294,2.881733234783262e-07,0.5603699833565515,2.881769437339479e-07,0.5603699553188418,2.881762835611975e-07,0.560369914334294
3e-07,0.5603590851623413,3e-07,0.5603590446811949,3e-07,0.5603590215634587,3e-07,0.5603590851623413,3e-07,0.5603590446811949,3e-07,0.5603590215634587,3e-07,0.5603590851623413,3e-07,0.5603590446811949,3e-07,0.5603590215634587,3.00113579220803e-07,0.4257800805312859,3.001135792208027e-07,0.4257800447917311,3.001135792208031e-07,0.4257800083281472,3.00113579220803e-07,0.4257800805312859,3.001135792208027e-07,0.4257800447917311,3.001135792208031e-07,0.4257800083281472,3.00113579220803e-07,0.4257800805312859,3.001135792208027e-07,0.4257800447917311,3.001135792208031e-07,0.4257800083281472,3.001401425266647e-07,0.4049950967402434,3.001401425239071e-07,0.4049950939508509,3.00140142523987e-07,0.4049950926428521,3.001401425266647e-07,0.4049950967402434,3.001401425239071e-07,0.4049950939508509,3.00140142523987e-07,0.4049950926428521,3.001401425266647e-07,0.4049950967402434,3.001401425239071e-07,0.4049950939508509,3.00140142523987e-07,0.4049950926428521,2.614872774068406e-07,0.5603677240684127,2.614880876741774e-07,0.5603676766056687,2.614887022654669e-07,0.5603676380020315,2.614872774068406e-07,0.5603677240684127,2.614880876741774e-07,0.5603676766056687,2.614887022654669e-07,0.5603676380020315,2.614872774068406e-07,0.5603677240684127,2.614880876741774e-07,0.5603676766056687,2.614887022654669e-07,0.5603676380020315,2.884564033648294e-07,0.5603654017365796,2.884578312962778e-07,0.5603653532233704,2.884595262630145e-07,0.5603653144687701,2.884564033648294e-07,0.5603654017365796,2.884578312962778e-07,0.5603653532233704,2.884595262630145e-07,0.5603653144687701,2.884564033648294e-07,0.5603654017365796,2.884578312962778e-07,0.5603653532233704,2.884595262630145e-07,0.5603653144687701,2.884871575486786e-07,0.5603653957511151,2.884886344098082e-07,0.5603653604165117,2.884896426967951e-07,0.5603653291579642,2.884871575486786e-07,0.5603653957511151,2.884886344098082e-07,0.5603653604165117,2.884896426967951e-07,0.5603653291579642,2.884871575486786e-07,0.5603653957511151,2.884886344098082e-07,0.5603653604165117,2.884896426967951e-07,0.5603653291579642,2.881242280939224e-07,0.5603708666867678,2.881264258908049e-07,0.5603708436674,2.881270094749053e-07,0.5603708178848309,2.881242280939224e-07,0.5603708666867678,2.881264258908049e-07,0.5603708436674,2.881270094749053e-07,0.5603708178848309,2.881242280939224e-07,0.5603708666867678,2.881264258908049e-07,0.5603708436674,2.881270094749053e-07,0.5603708178848309,2.881483983315798e-07,0.5603708080884471,2.881474295505196e-07,0.5603707455486074,2.881501604622503e-07,0.560370716173119,2.881483983315798e-07,0.5603708080884471,2.881474295505196e-07,0.5603707455486074,2.881501604622503e-07,0.560370716173119,2.881483983315798e-07,0.5603708080884471,2.881474295505196e-07,0.5603707455486074,2.881501604622503e-07,0.560370716173119,3e-07,0.5603693993936542,3e-07,0.5603693726803166,3e-07,0.5603693305965036,3e-07,0.5603693993936542,3e-07,0.5603693726803166,3e-07,0.5603693305965036,3e-07,0.5603693993936542,3e-07,0.5603693726803166,3e-07,0.5603693305965036
3.001e-07,0.439011326931483,3.001e-07,0.4390112839293318,3.001e-07,0.4390112583178082,3.001e-07,0.439011326931483,3.001e-07,0.4390112839293318,3.001e-07,0.4390112583178082,3.001e-07,0.439011326931483,3.001e-07,0.4390112839293318,3.001e-07,0.4390112583178082,3.001401749746472e-07,0.4050405141262875,3.001401749614297e-07,0.4050404886458019,3.001401749681035e-07,0.405040450079771,3.001401749746472e-07,0.4050405141262875,3.001401749614297e-07,0.4050404886458019,3.001401749681035e-07,0.405040450079771,3.001401749746472e-07,0.4050405141262875,3.001401749614297e-07,0.4050404886458019,3.001401749681035e-07,0.405040450079771,3.001655395862883e-07,0.3930612641460192,3.00165539583364e-07,0.3930612630648559,3.00165539583449e-07,0.3930612640984497,3.001655395862883e-07,0.3930612641460192,3.00165539583364e-07,0.3930612630648559,3.00165539583449e-07,0.3930612640984497,3.001655395862883e-07,0.3930612641460192,3.00165539583364e-07,0.3930612630648559,3.00165539583449e-07,0.3930612640984497,2.72438025478913e-07,0.5603667484677473,2.724396440515768e-07,0.5603667010630972,2.724408717460471e-07,0.5603666621423113,2.72438025478913e-07,0.5603667484677473,2.724396440515768e-07,0.5603667010630972,2.724408717460471e-07,0.5603666621423113,2.72438025478913e-07,0.5603667484677473,2.724396440515768e-07,0.5603667010630972,2.724408717460471e-07,0.5603666621423113,3e-07,0.5603647383200616,3e-07,0.5603646899823882,3e-07,0.5603646514027781,3e-07,0.5603647383200616,3e-07,0.5603646899823882,3e-07,0.5603646514027781,3e-07,0.5603647383200616,3e-07,0.5603646899823882,3e-07,0.5603646514027781,3e-07,0.5603648457105521,3e-07,0.5603648104777911,3e-07,0.5603647792641148,3e-07,0.5603648457105521,3e-07,0.5603648104777911,3e-07,0.5603647792641148,3e-07,0.5603648457105521,3e-07,0.5603648104777911,3e-07,0.5603647792641148,3e-07,0.5603701150960457,3e-07,0.5603700922638202,3e-07,0.5603700665634879,3e-07,0.5603701150960457,3e-07,0.5603700922638202,3e-07,0.5603700665634879,3e-07,0.5603701150960457,3e-07,0.5603700922638202,3e-07,0.5603700665634879,3e-07,0.5603701795371832,3e-07,0.5603701170331742,3e-07,0.5603700877993942,3e-07,0.5603701795371832,3e-07,0.5603701170331742,3e-07,0.5603700877993942,3e-07,0.5603701795371832,3e-07,0.5603701170331742,3e-07,0.5603700877993942,3.001e-07,0.4404862337691375,3.001e-07,0.4404862049021386,3.001e-07,0.4404861603713724,3.001e-07,0.4404862337691375,3.001e-07,0.4404862049021386,3.001e-07,0.4404861603713724,3.001e-07,0.4404862337691375,3.001e-07,0.4404862049021386,3.001e-07,0.4404861603713724
3.001135878789551e-07,0.4259024360760828,3.001135878789552e-07,0.4259023933704983,3.001135878789552e-07,0.4259023680558541,3.001135878789551e-07,0.4259024360760828,3.001135878789552e-07,0.4259023933704983,3.001135878789552e-07,0.4259023680558541,3.001135878789551e-07,0.4259024360760828,3.001135878789552e-07,0.4259023933704983,3.001135878789552e-07,0.4259023680558541,3.001655853484488e-07,0.3930442221132958,3.001655853344322e-07,0.3930441959375934,3.001655853415098e-07,0.3930441612770075,3.001655853484488e-07,0.3930442221132958,3.001655853344322e-07,0.3930441959375934,3.001655853415098e-07,0.3930441612770075,3.001655853484488e-07,0.3930442221132958,3.001655853344322e-07,0.3930441959375934,3.001655853415098e-07,0.3930441612770075,3.002077299890914e-07,0.3833382163371987,3.002077299879715e-07,0.3833382142660808,3.002077299924398e-07,0.3833382146182067,3.002077299890914e-07,0.3833382163371987,3.002077299879715e-07,0.3833382142660808,3.002077299924398e-07,0.3833382146182067,3.002077299890914e-07,0.3833382163371987,3.002077299879715e-07,0.3833382142660808,3.002077299924398e-07,0.3833382146182067,2.884380254789129e-07,0.5603657293977352,2.884396440515768e-07,0.5603656821015836,2.884408717460471e-07,0.5603656429801087,2.884380254789129e-07,0.5603657293977352,2.884396440515768e-07,0.5603656821015836,2.884408717460471e-07,0.5603656429801087,2.884380254789129e-07,0.5603657293977352,2.884396440515768e-07,0.5603656821015836,2.884408717460471e-07,0.5603656429801087,3.001e-07,0.4397580293144741,3.001e-07,0.4397579782415795,3.001e-07,0.4397579372203749,3.001e-07,0.4397580293144741,3.001e-07,0.4397579782415795,3.001e-07,0.4397579372203749,3.001e-07,0.4397580293144741,3.001e-07,0.4397579782415795,3.001e-07,0.4397579372203749,3.001e-07,0.4396182630700779,3.001e-07,0.439618225425487,3.001e-07,0.4396181918318399,3.001e-07,0.4396182630700779,3.001e-07,0.439618225425487,3.001e-07,0.4396181918318399,3.001e-07,0.4396182630700779,3.001e-07,0.439618225425487,3.001e-07,0.4396181918318399,3.001e-07,0.4407917010050258,3.001e-07,0.4407916752937016,3.001e-07,0.4407916469922086,3.001e-07,0.4407917010050258,3.001e-07,0.4407916752937016,3.001e-07,0.4407916469922086,3.001e-07,0.4407917010050258,3.001e-07,0.4407916752937016,3.001e-07,0.4407916469922086,3.001e-07,0.4406488667753968,3.001e-07,0.44064880170407,3.001e-07,0.4406487699223512,3.001e-07,0.4406488667753968,3.001e-07,0.44064880170407,3.001e-07,0.4406487699223512,3.001e-07,0.4406488667753968,3.001e-07,0.44064880170407,3.001e-07,0.4406487699223512,3.001135595757276e-07,0.4275673020693098,3.001135595757273e-07,0.4275672718372473,3.001135595757276e-07,0.4275672276244149,3.001135595757276e-07,0.4275673020693098,3.001135595757273e-07,0.4275672718372473,3.001135595757276e-07,0.4275672276244149,3.001135595757276e-07,0.4275673020693098,3.001135595757273e-07,0.4275672718372473,3.001135595757276e-07,0.4275672276244149
3.001402058223437e-07,0.405090383529972,3.001402058064185e-07,0.4050903528229144,3.00140205782238e-07,0.4050903446434687,3.001402058223437e-07,0.405090383529972,3.001402058064185e-07,0.4050903528229144,3.00140205782238e-07,0.4050903446434687,3.001402058223437e-07,0.405090383529972,3.001402058064185e-07,0.4050903528229144,3.00140205782238e-07,0.4050903446434687,3.002077156740657e-07,0.3832822911792916,3.002077156523254e-07,0.3832822628004269,3.002077156697784e-07,0.3832822282486742,3.002077156740657e-07,0.3832822911792916,3.002077156523254e-07,0.3832822628004269,3.002077156697784e-07,0.3832822282486742,3.002077156740657e-07,0.3832822911792916,3.002077156523254e-07,0.3832822628004269,3.002077156697784e-07,0.3832822282486742,3.002515228110691e-07,0.3802338170537644,3.00251522807425e-07,0.3802338134881406,3.002515228090925e-07,0.3802338129358166,3.002515228110691e-07,0.3802338170537644,3.00251522807425e-07,0.3802338134881406,3.002515228090925e-07,0.3802338129358166,3.002515228110691e-07,0.3802338170537644,3.00251522807425e-07,0.3802338134881406,3.002515228090925e-07,0.3802338129358166,3e-07,0.5603650061384772,3e-07,0.5603649590190687,3e-07,0.5603649199384824,3e-07,0.5603650061384772,3e-07,0.5603649590190687,3e-07,0.5603649199384824,3e-07,0.5603650061384772,3e-07,0.5603649590190687,3e-07,0.5603649199384824,3.001135743559827e-07,0.4267430255788616,3.001135743559824e-07,0.4267429747875368,3.001135743559829e-07,0.4267429340549833,3.001135743559827e-07,0.4267430255788616,3.001135743559824e-07,0.4267429747875368,3.001135743559829e-07,0.4267429340549833,3.001135743559827e-07,0.4267430255788616,3.001135743559824e-07,0.4267429747875368,3.001135743559829e-07,0.4267429340549833,3.001135650675194e-07,0.4266252505443371,3.001135650675192e-07,0.4266252131820615,3.001135650675194e-07,0.4266251798711574,3.001135650675194e-07,0.4266252505443371,3.001135650675192e-07,0.4266252131820615,3.001135650675194e-07,0.4266251798711574,3.001135650675194e-07,0.4266252505443371,3.001135650675192e-07,0.4266252131820615,3.001135650675194e-07,0.4266251798711574,3.001135781751524e-07,0.4278275494214014,3.001135781751524e-07,0.4278275240384937,3.001135781751525e-07,0.4278274960732851,3.001135781751524e-07,0.4278275494214014,3.001135781751524e-07,0.4278275240384937,3.001135781751525e-07,0.4278274960732851,3.001135781751524e-07,0.4278275494214014,3.001135781751524e-07,0.4278275240384937,3.001135781751525e-07,0.4278274960732851,3.001135689367167e-07,0.4277062347764243,3.001135689367162e-07,0.4277061700341518,3.001135689367167e-07,0.4277061385808462,3.001135689367167e-07,0.4277062347764243,3.001135689367162e-07,0.4277061700341518,3.001135689367167e-07,0.4277061385808462,3.001135689367167e-07,0.4277062347764243,3.001135689367162e-07,0.4277061700341518,3.001135689367167e-07,0.4277061385808462,3.001401109643035e-07,0.4069319510848254,3.001401109389568e-07,0.4069319404402518,3.001401109435808e-07,0.4069318955012529,3.001401109643035e-07,0.4069319510848254,3.001401109389568e-07,0.4069319404402518,3.001401109435808e-07,0.4069318955012529,3.001401109643035e-07,0.4069319510848254,3.001401109389568e-07,0.4069319404402518,3.001401109435808e-07,0.4069318955012529
3.001656288262975e-07,0.3930279511596595,3.001656288094099e-07,0.3930279191557091,3.001656287837678e-07,0.393027907730724,3.001656288262975e-07,0.3930279511596595,3.001656288094099e-07,0.3930279191557091,3.001656287837678e-07,0.393027907730724,3.001656288262975e-07,0.3930279511596595,3.001656288094099e-07,0.3930279191557091,3.001656287837678e-07,0.393027907730724,3.002515743172436e-07,0.3801631284891439,3.002515742941629e-07,0.3801630964418264,3.002515743079963e-07,0.3801630623453111,3.002515743172436e-07,0.3801631284891439,3.002515742941629e-07,0.3801630964418264,3.002515743079963e-07,0.3801630623453111,3.002515743172436e-07,0.3801631284891439,3.002515742941629e-07,0.3801630964418264,3.002515743079963e-07,0.3801630623453111,3.002993208682697e-07,0.379526414124664,3.002993208681866e-07,0.3795264098061303,3.002993208744878e-07,0.3795264086751409,3.002993208682697e-07,0.379526414124664,3.002993208681866e-07,0.3795264098061303,3.002993208744878e-07,0.3795264086751409,3.002993208682697e-07,0.379526414124664,3.002993208681866e-07,0.3795264098061303,3.002993208744878e-07,0.3795264086751409,3.001e-07,0.4398966453765466,3.001e-07,0.4398965957221339,3.001e-07,0.4398965541405238,3.001e-07,0.4398966453765466,3.001e-07,0.4398965957221339,3.001e-07,0.4398965541405238,3.001e-07,0.4398966453765466,3.001e-07,0.4398965957221339,3.001e-07,0.4398965541405238,3.001401610817256e-07,0.4060165879180408,3.001401610712246e-07,0.4060165457606115,3.00140161058759e-07,0.4060165148584641,3.001401610817256e-07,0.4060165879180408,3.001401610712246e-07,0.4060165457606115,3.00140161058759e-07,0.4060165148584641,3.001401610817256e-07,0.4060165879180408,3.001401610712246e-07,0.4060165457606115,3.00140161058759e-07,0.4060165148584641,3.001401280830887e-07,0.4059648907453834,3.001401280721815e-07,0.4059648621969992,3.001401280647343e-07,0.405964835544797,3.001401280830887e-07,0.4059648907453834,3.001401280721815e-07,0.4059648621969992,3.001401280647343e-07,0.405964835544797,3.001401280830887e-07,0.4059648907453834,3.001401280721815e-07,0.4059648621969992,3.001401280647343e-07,0.405964835544797,3.001401769339685e-07,0.4070563032885482,3.00140176918679e-07,0.4070562896473549,3.001401769146183e-07,0.4070562663808655,3.001401769339685e-07,0.4070563032885482,3.00140176918679e-07,0.4070562896473549,3.001401769146183e-07,0.4070562663808655,3.001401769339685e-07,0.4070563032885482,3.00140176918679e-07,0.4070562896473549,3.001401769146183e-07,0.4070562663808655,3.001401441659451e-07,0.4070010603285489,3.001401441727017e-07,0.4070009935146058,3.001401441536491e-07,0.4070009760778713,3.001401441659451e-07,0.4070010603285489,3.001401441727017e-07,0.4070009935146058,3.001401441536491e-07,0.4070009760778713,3.001401441659451e-07,0.4070010603285489,3.001401441727017e-07,0.4070009935146058,3.001401441536491e-07,0.4070009760778713,3.001654930387167e-07,0.394701273579758,3.001654930118392e-07,0.3947012589444623,3.001654930167427e-07,0.3947012173885349,3.001654930387167e-07,0.394701273579758,3.001654930118392e-07,0.3947012589444623,3.001654930167427e-07,0.3947012173885349,3.001654930387167e-07,0.394701273579758,3.001654930118392e-07,0.3947012589444623,3.001654930167427e-07,0.3947012173885349
3.002077659567028e-07,0.3832137341643774,3.002077659296319e-07,0.3832136996462443,3.00207765886276e-07,0.3832136847063605,3.002077659567028e-07,0.3832137341643774,3.002077659296319e-07,0.3832136996462443,3.00207765886276e-07,0.3832136847063605,3.002077659567028e-07,0.3832137341643774,3.002077659296319e-07,0.3832136996462443,3.00207765886276e-07,0.3832136847063605,3.002993642591634e-07,0.3794710926059297,3.002993642357016e-07,0.379471059199589,3.002993642566719e-07,0.3794710248860992,3.002993642591634e-07,0.3794710926059297,3.002993642357016e-07,0.379471059199589,3.002993642566719e-07,0.3794710248860992,3.002993642591634e-07,0.3794710926059297,3.002993642357016e-07,0.379471059199589,3.002993642566719e-07,0.3794710248860992,3.003554739291285e-07,0.3795778201220959,3.003554739301161e-07,0.3795778156075068,3.003554739387784e-07,0.3795778143341944,3.003554739291285e-07,0.3795778201220959,3.003554739301161e-07,0.3795778156075068,3.003554739387784e-07,0.3795778143341944,3.003554739291285e-07,0.3795778201220959,3.003554739301161e-07,0.3795778156075068,3.003554739387784e-07,0.3795778143341944,3.00113585436687e-07,0.4268570495097285,3.001135854366868e-07,0.4268570001523375,3.001135854366871e-07,0.4268569588681982,3.00113585436687e-07,0.4268570495097285,3.001135854366868e-07,0.4268570001523375,3.001135854366871e-07,0.4268569588681982,3.00113585436687e-07,0.4268570495097285,3.001135854366868e-07,0.4268570001523375,3.001135854366871e-07,0.4268569588681982,3.001655645663202e-07,0.3938672877930427,3.001655645551844e-07,0.3938672457048294,3.001655645419663e-07,0.3938672143370494,3.001655645663202e-07,0.3938672877930427,3.001655645551844e-07,0.3938672457048294,3.001655645419663e-07,0.3938672143370494,3.001655645663202e-07,0.3938672877930427,3.001655645551844e-07,0.3938672457048294,3.001655645419663e-07,0.3938672143370494,3.001655180222605e-07,0.3938794946212716,3.001655180106943e-07,0.3938794659615403,3.001655180027976e-07,0.3938794399670905,3.001655180222605e-07,0.3938794946212716,3.001655180106943e-07,0.3938794659615403,3.001655180027976e-07,0.3938794399670905,3.001655180222605e-07,0.3938794946212716,3.001655180106943e-07,0.3938794659615403,3.001655180027976e-07,0.3938794399670905,3.001655861257947e-07,0.3946926199313268,3.001655861095814e-07,0.3946926053682013,3.001655861052754e-07,0.3946925836557491,3.001655861257947e-07,0.3946926199313268,3.001655861095814e-07,0.3946926053682013,3.001655861052754e-07,0.3946925836557491,3.001655861257947e-07,0.3946926199313268,3.001655861095814e-07,0.3946926053682013,3.001655861052754e-07,0.3946925836557491,3.001655398888559e-07,0.3947024829535944,3.0016553989602e-07,0.394702420146195,3.001655398758172e-07,0.3947024008307666,3.001655398888559e-07,0.3947024829535944,3.0016553989602e-07,0.394702420146195,3.001655398758172e-07,0.3947024008307666,3.001655398888559e-07,0.3947024829535944,3.0016553989602e-07,0.394702420146195,3.001655398758172e-07,0.3947024008307666,3.002075750000262e-07,0.384365273628373,3.002075749571689e-07,0.3843652556316809,3.002075749707072e-07,0.3843652137897359,3.002075750000262e-07,0.384365273628373,3.002075749571689e-07,0.3843652556316809,3.002075749707072e-07,0.3843652137897359,3.002075750000262e-07,0.384365273628373,3.002075749571689e-07,0.3843652556316809,3.002075749707072e-07,0.3843652137897359
3.002516855677086e-07,0.3800867155011062,3.002516855396022e-07,0.3800866767278435,3.002516854962448e-07,0.380086655817313,3.002516855677086e-07,0.3800867155011062,3.002516855396022e-07,0.3800866767278435,3.002516854962448e-07,0.380086655817313,3.002516855677086e-07,0.3800867155011062,3.002516855396022e-07,0.3800866767278435,3.002516854962448e-07,0.380086655817313,3.003555282927844e-07,0.379543143137632,3.00355528265564e-07,0.3795431093560851,3.003555282919594e-07,0.3795430750033512,3.003555282927844e-07,0.379543143137632,3.00355528265564e-07,0.3795431093560851,3.003555282919594e-07,0.3795430750033512,3.003555282927844e-07,0.379543143137632,3.00355528265564e-07,0.3795431093560851,3.003555282919594e-07,0.3795430750033512,3.004349407954501e-07,0.3798181014106459,3.00434940797271e-07,0.3798180969685559,3.004349408082385e-07,0.3798180957682348,3.004349407954501e-07,0.3798181014106459,3.00434940797271e-07,0.3798180969685559,3.004349408082385e-07,0.3798180957682348,3.004349407954501e-07,0.3798181014106459,3.00434940797271e-07,0.3798180969685559,3.004349408082385e-07,0.3798180957682348,3.001402003182229e-07,0.4060609011358366,3.001402003063436e-07,0.4060608612907969,3.001402002973326e-07,0.4060608277227954,3.001402003182229e-07,0.4060609011358366,3.001402003063436e-07,0.4060608612907969,3.001402002973326e-07,0.4060608277227954,3.001402003182229e-07,0.4060609011358366,3.001402003063436e-07,0.4060608612907969,3.001402002973326e-07,0.4060608277227954,3.002076881741088e-07,0.3837854589974319,3.002076881579193e-07,0.3837854151263599,3.002076881378556e-07,0.3837853816457718,3.002076881741088e-07,0.3837854589974319,3.002076881579193e-07,0.3837854151263599,3.002076881378556e-07,0.3837853816457718,3.002076881741088e-07,0.3837854589974319,3.002076881579193e-07,0.3837854151263599,3.002076881378556e-07,0.3837853816457718,3.002076379798671e-07,0.3838488177830823,3.002076379628402e-07,0.3838487872080232,3.002076379525883e-07,0.3838487596606699,3.002076379798671e-07,0.3838488177830823,3.002076379628402e-07,0.3838487872080232,3.002076379525883e-07,0.3838487596606699,3.002076379798671e-07,0.3838488177830823,3.002076379628402e-07,0.3838487872080232,3.002076379525883e-07,0.3838487596606699,3.002076675223764e-07,0.3842477220128109,3.002076674966365e-07,0.3842477052210908,3.002076674930261e-07,0.3842476823522122,3.002076675223764e-07,0.3842477220128109,3.002076674966365e-07,0.3842477052210908,3.002076674930261e-07,0.3842476823522122,3.002076675223764e-07,0.3842477220128109,3.002076674966365e-07,0.3842477052210908,3.002076674930261e-07,0.3842476823522122,3.002076199897482e-07,0.3843104951069945,3.002076200074831e-07,0.3843104322783966,3.002076199742796e-07,0.384310410227837,3.002076199897482e-07,0.3843104951069945,3.002076200074831e-07,0.3843104322783966,3.002076199742796e-07,0.384310410227837,3.002076199897482e-07,0.3843104951069945,3.002076200074831e-07,0.3843104322783966,3.002076199742796e-07,0.384310410227837,3.002531977531892e-07,0.3806691080823211,3.002531977117092e-07,0.3806690836107123,3.002531977209883e-07,0.3806690418636173,3.002531977531892e-07,0.3806691080823211,3.002531977117092e-07,0.3806690836107123,3.002531977209883e-07,0.3806690418636173,3.002531977531892e-07,0.3806691080823211,3.002531977117092e-07,0.3806690836107123,3.002531977209883e-07,0.3806690418636173
3.002994804596961e-07,0.3794124414022391,3.002994804302003e-07,0.3794124011019441,3.002994803823304e-07,0.3794123782078721,3.002994804596961e-07,0.3794124414022391,3.002994804302003e-07,0.3794124011019441,3.002994803823304e-07,0.3794123782078721,3.002994804596961e-07,0.3794124414022391,3.002994804302003e-07,0.3794124011019441,3.002994803823304e-07,0.3794123782078721,3.004349507566446e-07,0.3798028438712273,3.004349507245127e-07,0.379802810164948,3.004349507570386e-07,0.3798027758829643,3.004349507566446e-07,0.3798028438712273,3.004349507245127e-07,0.379802810164948,3.004349507570386e-07,0.3798027758829643,3.004349507566446e-07,0.3798028438712273,3.004349507245127e-07,0.379802810164948,3.004349507570386e-07,0.3798027758829643,3.005325211705327e-07,0.379975950840504,3.005325211672766e-07,0.3799759463655072,3.005325211760664e-07,0.3799759451191357,3.005325211705327e-07,0.379975950840504,3.005325211672766e-07,0.3799759463655072,3.005325211760664e-07,0.3799759451191357,3.005325211705327e-07,0.379975950840504,3.005325211672766e-07,0.3799759463655072,3.005325211760664e-07,0.3799759451191357,3.001656199528011e-07,0.3938483780640838,3.001656199402035e-07,0.3938483379369917,3.001656199306483e-07,0.3938483047223563,3.001656199528011e-07,0.3938483780640838,3.001656199402035e-07,0.3938483379369917,3.001656199306483e-07,0.3938483047223563,3.001656199528011e-07,0.3938483780640838,3.001656199402035e-07,0.3938483379369917,3.001656199306483e-07,0.3938483047223563,3.002524337694302e-07,0.3803788036226554,3.00252433751542e-07,0.3803787566598174,3.00252433730153e-07,0.3803787196137117,3.002524337694302e-07,0.3803788036226554,3.00252433751542e-07,0.3803787566598174,3.00252433730153e-07,0.3803787196137117,3.002524337694302e-07,0.3803788036226554,3.00252433751542e-07,0.3803787566598174,3.00252433730153e-07,0.3803787196137117,3.002523075153765e-07,0.3804521185809807,3.002523074967415e-07,0.3804520847630907,3.002523074844104e-07,0.380452054715872,3.002523075153765e-07,0.3804521185809807,3.002523074967415e-07,0.3804520847630907,3.002523074844104e-07,0.380452054715872,3.002523075153765e-07,0.3804521185809807,3.002523074967415e-07,0.3804520847630907,3.002523074844104e-07,0.380452054715872,3.002534619666487e-07,0.3805240108240364,3.002534619396912e-07,0.3805239897415649,3.002534619330669e-07,0.3805239650488841,3.002534619666487e-07,0.3805240108240364,3.002534619396912e-07,0.3805239897415649,3.002534619330669e-07,0.3805239650488841,3.002534619666487e-07,0.3805240108240364,3.002534619396912e-07,0.3805239897415649,3.002534619330669e-07,0.3805239650488841,3.002533312328801e-07,0.380598840658586,3.002533312458091e-07,0.3805987784192388,3.002533312120858e-07,0.3805987512121679,3.002533312328801e-07,0.380598840658586,3.002533312458091e-07,0.3805987784192388,3.002533312120858e-07,0.3805987512121679,3.002533312328801e-07,0.380598840658586,3.002533312458091e-07,0.3805987784192388,3.002533312120858e-07,0.3805987512121679,3.003016260533275e-07,0.379739665252475,3.003016260074614e-07,0.3797396390061396,3.003016260234496e-07,0.3797395968918216,3.003016260533275e-07,0.379739665252475,3.003016260074614e-07,0.3797396390061396,3.003016260234496e-07,0.3797395968918216,3.003016260533275e-07,0.379739665252475,3.003016260074614e-07,0.3797396390061396,3.003016260234496e-07,0.3797395968918216
3.0035565849993e-07,0.3795065280630194,3.003556584654467e-07,0.3795064873380964,3.003556584087429e-07,0.3795064638884262,3.0035565849993e-07,0.3795065280630194,3.003556584654467e-07,0.3795064873380964,3.003556584087429e-07,0.3795064638884262,3.0035565849993e-07,0.3795065280630194,3.003556584654467e-07,0.3795064873380964,3.003556584087429e-07,0.3795064638884262,3.005324464948873e-07,0.3799712904564354,3.005324464470574e-07,0.3799712567637642,3.005324464841186e-07,0.3799712224066838,3.005324464948873e-07,0.3799712904564354,3.005324464470574e-07,0.3799712567637642,3.005324464841186e-07,0.3799712224066838,3.005324464948873e-07,0.3799712904564354,3.005324464470574e-07,0.3799712567637642,3.005324464841186e-07,0.3799712224066838,3.006650647023976e-07,0.3800329192474203,3.006650646921794e-07,0.3800329148249297,3.006650646991324e-07,0.3800329136229453,3.006650647023976e-07,0.3800329192474203,3.006650646921794e-07,0.3800329148249297,3.006650646991324e-07,0.3800329136229453,3.006650647023976e-07,0.3800329192474203,3.006650646921794e-07,0.3800329148249297,3.006650646991324e-07,0.3800329136229453,3.00207755110516e-07,0.3837169910296214,3.00207755091605e-07,0.3837169488941757,3.002077550783088e-07,0.3837169139693931,3.00207755110516e-07,0.3837169910296214,3.00207755091605e-07,0.3837169488941757,3.002077550783088e-07,0.3837169139693931,3.00207755110516e-07,0.3837169910296214,3.00207755091605e-07,0.3837169488941757,3.002077550783088e-07,0.3837169139693931,3.003005456292698e-07,0.3795760812390663,3.003005456122186e-07,0.3795760330799884,3.003005455909124e-07,0.3795759947110093,3.003005456292698e-07,0.3795760812390663,3.003005456122186e-07,0.3795760330799884,3.003005455909124e-07,0.3795759947110093,3.003005456292698e-07,0.3795760812390663,3.003005456122186e-07,0.3795760330799884,3.003005455909124e-07,0.3795759947110093,3.003004126930781e-07,0.3796319179580783,3.003004126750934e-07,0.3796318829189136,3.00300412664721e-07,0.3796318518544678,3.003004126930781e-07,0.3796319179580783,3.003004126750934e-07,0.3796318829189136,3.00300412664721e-07,0.3796318518544678,3.003004126930781e-07,0.3796319179580783,3.003004126750934e-07,0.3796318829189136,3.00300412664721e-07,0.3796318518544678,3.003018969952161e-07,0.379628722284883,3.003018969675174e-07,0.3796286997003828,3.003018969643777e-07,0.3796286741225888,3.003018969952161e-07,0.379628722284883,3.003018969675174e-07,0.3796286997003828,3.003018969643777e-07,0.3796286741225888,3.003018969952161e-07,0.379628722284883,3.003018969675174e-07,0.3796286997003828,3.003018969643777e-07,0.3796286741225888,3.003017605529841e-07,0.3796858994720008,3.003017605734752e-07,0.3796858369515116,3.003017605375579e-07,0.3796858080295542,3.003017605529841e-07,0.3796858994720008,3.003017605734752e-07,0.3796858369515116,3.003017605375579e-07,0.3796858080295542,3.003017605529841e-07,0.3796858994720008,3.003017605734752e-07,0.3796858369515116,3.003017605375579e-07,0.3796858080295542,3.003581343481247e-07,0.3796727219500404,3.003581342950097e-07,0.379672694990954,3.003581343151521e-07,0.3796726528190937,3.003581343481247e-07,0.3796727219500404,3.003581342950097e-07,0.379672694990954,3.003581343151521e-07,0.3796726528190937,3.003581343481247e-07,0.3796727219500404,3.003581342950097e-07,0.379672694990954,3.003581343151521e-07,0.3796726528190937
3.004350535742637e-07,0.3797863347588849,3.004350535334772e-07,0.3797862941143647,3.004350534656879e-07,0.3797862707496152,3.004350535742637e-07,0.3797863347588849,3.004350535334772e-07,0.3797862941143647,3.004350534656879e-07,0.3797862707496152,3.004350535742637e-07,0.3797863347588849,3.004350535334772e-07,0.3797862941143647,3.004350534656879e-07,0.3797862707496152,3.006648359917406e-07,0.3800325650559452,3.006648359183588e-07,0.3800325314480402,3.006648359652287e-07,0.3800324971155951,3.006648359917406e-07,0.3800325650559452,3.006648359183588e-07,0.3800325314480402,3.006648359652287e-07,0.3800324971155951,3.006648359917406e-07,0.3800325650559452,3.006648359183588e-07,0.3800325314480402,3.006648359652287e-07,0.3800324971155951,3.008575187092317e-07,0.3800397214230556,3.008575186937336e-07,0.3800397169591223,3.008575187055959e-07,0.3800397157137259,3.008575187092317e-07,0.3800397214230556,3.008575186937336e-07,0.3800397169591223,3.008575187055959e-07,0.3800397157137259,3.008575187092317e-07,0.3800397214230556,3.008575186937336e-07,0.3800397169591223,3.008575187055959e-07,0.3800397157137259,3.002525770540654e-07,0.3803028877696866,3.002525770336623e-07,0.3803028421689882,3.002525770184783e-07,0.3803028043979688,3.002525770540654e-07,0.3803028877696866,3.002525770336623e-07,0.3803028421689882,3.002525770184783e-07,0.3803028043979688,3.002525770540654e-07,0.3803028877696866,3.002525770336623e-07,0.3803028421689882,3.002525770184783e-07,0.3803028043979688,3.003568786121591e-07,0.3795898374480697,3.003568785927829e-07,0.3795897889494518,3.003568785682556e-07,0.3795897501968636,3.003568786121591e-07,0.3795898374480697,3.003568785927829e-07,0.3795897889494518,3.003568785682556e-07,0.3795897501968636,3.003568786121591e-07,0.3795898374480697,3.003568785927829e-07,0.3795897889494518,3.003568785682556e-07,0.3795897501968636,3.00356726054503e-07,0.3796247944580637,3.003567260339966e-07,0.3796247590681538,3.003567260226019e-07,0.3796247277216284,3.00356726054503e-07,0.3796247944580637,3.003567260339966e-07,0.3796247590681538,3.003567260226019e-07,0.3796247277216284,3.00356726054503e-07,0.3796247944580637,3.003567260339966e-07,0.3796247590681538,3.003567260226019e-07,0.3796247277216284,3.00358459031919e-07,0.3796030337413845,3.00358459000351e-07,0.3796030107161912,3.003584589978284e-07,0.3796029849075939,3.00358459031919e-07,0.3796030337413845,3.00358459000351e-07,0.3796030107161912,3.003584589978284e-07,0.3796029849075939,3.00358459031919e-07,0.3796030337413845,3.00358459000351e-07,0.3796030107161912,3.003584589978284e-07,0.3796029849075939,3.003583018085159e-07,0.3796390380863212,3.003583018339984e-07,0.3796389755456641,3.003583017926403e-07,0.3796389461059071,3.003583018085159e-07,0.3796390380863212,3.003583018339984e-07,0.3796389755456641,3.003583017926403e-07,0.3796389461059071,3.003583018085159e-07,0.3796390380863212,3.003583018339984e-07,0.3796389755456641,3.003583017926403e-07,0.3796389461059071,3.004367048759424e-07,0.37984749868728,3.004367047910824e-07,0.3798474718023959,3.004367048186827e-07,0.3798474297196643,3.004367048759424e-07,0.37984749868728,3.004367047910824e-07,0.3798474718023959,3.004367048186827e-07,0.3798474297196643,3.004367048759424e-07,0.37984749868728,3.004367047910824e-07,0.3798474718023959,3.004367048186827e-07,0.3798474297196643
3.005324931076404e-07,0.379965732886167,3.005324930484495e-07,0.3799656922708742,3.005324929539153e-07,0.3799656689747802,3.005324931076404e-07,0.379965732886167,3.005324930484495e-07,0.3799656922708742,3.005324929539153e-07,0.3799656689747802,3.005324931076404e-07,0.379965732886167,3.005324930484495e-07,0.3799656922708742,3.005324929539153e-07,0.3799656689747802,3.008570075729123e-07,0.3800401565043208,3.008570074577764e-07,0.380040122866481,3.008570075323104e-07,0.3800400884838344,3.008570075729123e-07,0.3800401565043208,3.008570074577764e-07,0.380040122866481,3.008570075323104e-07,0.3800400884838344,3.008570075729123e-07,0.3800401565043208,3.008570074577764e-07,0.380040122866481,3.008570075323104e-07,0.3800400884838344,3.011978858468138e-07,0.3800393641662887,3.011978858140306e-07,0.3800393597433038,3.011978858324451e-07,0.3800393585395331,3.011978858468138e-07,0.3800393641662887,3.011978858140306e-07,0.3800393597433038,3.011978858324451e-07,0.3800393585395331,3.011978858468138e-07,0.3800393641662887,3.011978858140306e-07,0.3800393597433038,3.011978858324451e-07,0.3800393585395331,3.003007025037782e-07,0.3795186071546023,3.003007024836948e-07,0.3795185602386247,3.003007024699135e-07,0.3795185213271621,3.003007025037782e-07,0.3795186071546023,3.003007024836948e-07,0.3795185602386247,3.003007024699135e-07,0.3795185213271621,3.003007025037782e-07,0.3795186071546023,3.003007024836948e-07,0.3795185602386247,3.003007024699135e-07,0.3795185213271621,3.004359466533067e-07,0.3798171900936049,3.004359466208249e-07,0.3798171416399713,3.004359465804165e-07,0.3798171029237996,3.004359466533067e-07,0.3798171900936049,3.004359466208249e-07,0.3798171416399713,3.004359465804165e-07,0.3798171029237996,3.004359466533067e-07,0.3798171900936049,3.004359466208249e-07,0.3798171416399713,3.004359465804165e-07,0.3798171029237996,3.004358085438731e-07,0.3798330241980094,3.004358085095427e-07,0.3798329888483477,3.004358084891181e-07,0.379832957552431,3.004358085438731e-07,0.3798330241980094,3.004358085095427e-07,0.3798329888483477,3.004358084891181e-07,0.379832957552431,3.004358085438731e-07,0.3798330241980094,3.004358085095427e-07,0.3798329888483477,3.004358084891181e-07,0.379832957552431,3.004369904561086e-07,0.3798159099540314,3.004369904052886e-07,0.3798158869591425,3.004369903986201e-07,0.3798158612131116,3.004369904561086e-07,0.3798159099540314,3.004369904052886e-07,0.3798158869591425,3.004369903986201e-07,0.3798158612131116,3.004369904561086e-07,0.3798159099540314,3.004369904052886e-07,0.3798158869591425,3.004369903986201e-07,0.3798158612131116,3.00436849588002e-07,0.3798324924544251,3.00436849623936e-07,0.3798324300123258,3.004368495581259e-07,0.3798324005860981,3.00436849588002e-07,0.3798324924544251,3.00436849623936e-07,0.3798324300123258,3.004368495581259e-07,0.3798324005860981,3.00436849588002e-07,0.3798324924544251,3.00436849623936e-07,0.3798324300123258,3.004368495581259e-07,0.3798324005860981,3.005345254337032e-07,0.3799870879338726,3.005345253258971e-07,0.3799870610533567,3.005345253552697e-07,0.3799870189005247,3.005345254337032e-07,0.3799870879338726,3.005345253258971e-07,0.3799870610533567,3.005345253552697e-07,0.3799870189005247,3.005345254337032e-07,0.3799870879338726,3.005345253258971e-07,0.3799870610533567,3.005345253552697e-07,0.3799870189005247
3.006647884860111e-07,0.3800314441519134,3.006647883964969e-07,0.3800314036329843,3.006647882570877e-07,0.380031380459284,3.006647884860111e-07,0.3800314441519134,3.006647883964969e-07,0.3800314036329843,3.006647882570877e-07,0.380031380459284,3.006647884860111e-07,0.3800314441519134,3.006647883964969e-07,0.3800314036329843,3.006647882570877e-07,0.380031380459284,3.011965490099265e-07,0.3800397820192293,3.011965487889369e-07,0.3800397484224869,3.011965489262685e-07,0.3800397140832008,3.011965490099265e-07,0.3800397820192293,3.011965487889369e-07,0.3800397484224869,3.011965489262685e-07,0.3800397140832008,3.011965490099265e-07,0.3800397820192293,3.011965487889369e-07,0.3800397484224869,3.011965489262685e-07,0.3800397140832008,3.01878620121978e-07,0.3800392987043532,3.018786200546245e-07,0.3800392942407966,3.018786200861435e-07,0.3800392929977493,3.01878620121978e-07,0.3800392987043532,3.018786200546245e-07,0.3800392942407966,3.018786200861435e-07,0.3800392929977493,3.01878620121978e-07,0.3800392987043532,3.018786200546245e-07,0.3800392942407966,3.018786200861435e-07,0.3800392929977493,3.003570641127387e-07,0.3795540331888265,3.003570640897373e-07,0.3795539858913085,3.003570640742746e-07,0.3795539466559583,3.003570641127387e-07,0.3795540331888265,3.003570640897373e-07,0.3795539858913085,3.003570640742746e-07,0.3795539466559583,3.003570641127387e-07,0.3795540331888265,3.003570640897373e-07,0.3795539858913085,3.003570640742746e-07,0.3795539466559583,3.005335361999113e-07,0.379976782763998,3.005335361552043e-07,0.3799767343209486,3.00533536100456e-07,0.3799766956247721,3.005335361999113e-07,0.379976782763998,3.005335361552043e-07,0.3799767343209486,3.00533536100456e-07,0.3799766956247721,3.005335361999113e-07,0.379976782763998,3.005335361552043e-07,0.3799767343209486,3.00533536100456e-07,0.3799766956247721,3.005334364352274e-07,0.3799821811350492,3.005334363880577e-07,0.3799821457944732,3.00533436358141e-07,0.3799821144908585,3.005334364352274e-07,0.3799821811350492,3.005334363880577e-07,0.3799821457944732,3.00533436358141e-07,0.3799821144908585,3.005334364352274e-07,0.3799821811350492,3.005334363880577e-07,0.3799821457944732,3.00533436358141e-07,0.3799821144908585,3.005347302307771e-07,0.37997685030464,3.005347301635391e-07,0.3799768273395337,3.005347301505527e-07,0.37997680156891,3.005347302307771e-07,0.37997685030464,3.005347301635391e-07,0.3799768273395337,3.005347301505527e-07,0.37997680156891,3.005347302307771e-07,0.37997685030464,3.005347301635391e-07,0.3799768273395337,3.005347301505527e-07,0.37997680156891,3.005346262534057e-07,0.37998252482647,3.005346262929283e-07,0.3799824623121246,3.005346262069904e-07,0.3799824329262796,3.005346262534057e-07,0.37998252482647,3.005346262929283e-07,0.3799824623121246,3.005346262069904e-07,0.3799824329262796,3.005346262534057e-07,0.37998252482647,3.005346262929283e-07,0.3799824623121246,3.005346262069904e-07,0.3799824329262796,3.006657864069847e-07,0.3800407504431532,3.006657862482231e-07,0.3800407237386882,3.006657862840723e-07,0.3800406816097541,3.006657864069847e-07,0.3800407504431532,3.006657862482231e-07,0.3800407237386882,3.006657862840723e-07,0.3800406816097541,3.006657864069847e-07,0.3800407504431532,3.006657862482231e-07,0.3800407237386882,3.006657862840723e-07,0.3800406816097541
3.008567890013819e-07,0.3800399338712754,3.008567888607962e-07,0.3800398933257332,3.008567886417255e-07,0.3800398701352077,3.008567890013819e-07,0.3800399338712754,3.008567888607962e-07,0.3800398933257332,3.008567886417255e-07,0.3800398701352077,3.008567890013819e-07,0.3800399338712754,3.008567888607962e-07,0.3800398933257332,3.008567886417255e-07,0.3800398701352077,3.018756318839549e-07,0.3800397016954463,3.018756314512579e-07,0.3800396680590621,3.018756317141847e-07,0.3800396336822117,3.018756318839549e-07,0.3800397016954463,3.018756314512579e-07,0.3800396680590621,3.018756317141847e-07,0.3800396336822117,3.018756318839549e-07,0.3800397016954463,3.018756314512579e-07,0.3800396680590621,3.018756317141847e-07,0.3800396336822117,3.032400886723064e-07,0.3800393583219361,3.032400885358124e-07,0.3800393538754595,3.032400885935402e-07,0.3800393526523719,3.032400886723064e-07,0.3800393583219361,3.032400885358124e-07,0.3800393538754595,3.032400885935402e-07,0.3800393526523719,3.032400886723064e-07,0.3800393583219361,3.032400885358124e-07,0.3800393538754595,3.032400885935402e-07,0.3800393526523719,3.004361411001752e-07,0.3798011562190812,3.004361410621574e-07,0.3798011089603193,3.004361410356323e-07,0.3798010697711221,3.004361411001752e-07,0.3798011562190812,3.004361410621574e-07,0.3798011089603193,3.004361410356323e-07,0.3798010697711221,3.004361411001752e-07,0.3798011562190812,3.004361410621574e-07,0.3798011089603193,3.004361410356323e-07,0.3798010697711221,3.006653177547544e-07,0.3800363821638651,3.00665317686535e-07,0.3800363338038848,3.006653176039065e-07,0.3800362951980549,3.006653177547544e-07,0.3800363821638651,3.00665317686535e-07,0.3800363338038848,3.006653176039065e-07,0.3800362951980549,3.006653177547544e-07,0.3800363821638651,3.00665317686535e-07,0.3800363338038848,3.006653176039065e-07,0.3800362951980549,3.006653019243507e-07,0.3800376092663219,3.006653018524208e-07,0.3800375740075562,3.006653018048765e-07,0.3800375427739567,3.006653019243507e-07,0.3800376092663219,3.006653018524208e-07,0.3800375740075562,3.006653018048765e-07,0.3800375427739567,3.006653019243507e-07,0.3800376092663219,3.006653018524208e-07,0.3800375740075562,3.006653018048765e-07,0.3800375427739567,3.006658038257044e-07,0.3800390974034332,3.006658037262382e-07,0.380039074538924,3.006658037026057e-07,0.3800390488304768,3.006658038257044e-07,0.3800390974034332,3.006658037262382e-07,0.380039074538924,3.006658037026057e-07,0.3800390488304768,3.006658038257044e-07,0.3800390974034332,3.006658037262382e-07,0.380039074538924,3.006658037026057e-07,0.3800390488304768,3.006657809800443e-07,0.3800403732088192,3.006657810300437e-07,0.3800403107214713,3.006657809041391e-07,0.3800402814442632,3.006657809800443e-07,0.3800403732088192,3.006657810300437e-07,0.3800403107214713,3.006657809041391e-07,0.3800402814442632,3.006657809800443e-07,0.3800403732088192,3.006657810300437e-07,0.3800403107214713,3.006657809041391e-07,0.3800402814442632,3.008546730256925e-07,0.3800483745760038,3.008546727939732e-07,0.3800483478276921,3.008546728489754e-07,0.3800483056342004,3.008546730256925e-07,0.3800483745760038,3.008546727939732e-07,0.3800483478276921,3.008546728489754e-07,0.3800483056342004,3.008546730256925e-07,0.3800483745760038,3.008546727939732e-07,0.3800483478276921,3.008546728489754e-07,0.3800483056342004
3.01195749207994e-07,0.3800395115088403,3.011957489392878e-07,0.3800394710052818,3.011957485222509e-07,0.3800394478553195,3.01195749207994e-07,0.3800395115088403,3.011957489392878e-07,0.3800394710052818,3.011957485222509e-07,0.3800394478553195,3.01195749207994e-07,0.3800395115088403,3.011957489392878e-07,0.3800394710052818,3.011957485222509e-07,0.3800394478553195,3.032337976320117e-07,0.3800397703195048,3.032337967758999e-07,0.3800397367017331,3.03233797290017e-07,0.3800397023495239,3.032337976320117e-07,0.3800397703195048,3.032337967758999e-07,0.3800397367017331,3.03233797290017e-07,0.3800397023495239,3.032337976320117e-07,0.3800397703195048,3.032337967758999e-07,0.3800397367017331,3.03233797290017e-07,0.3800397023495239,3.059630257729632e-07,0.3800392452396843,3.059630254981881e-07,0.3800392407896945,3.059630256083338e-07,0.3800392395673372,3.059630257729632e-07,0.3800392452396843,3.059630254981881e-07,0.3800392407896945,3.059630256083338e-07,0.3800392395673372,3.059630257729632e-07,0.3800392452396843,3.059630254981881e-07,0.3800392407896945,3.059630256083338e-07,0.3800392395673372,3.005337134183122e-07,0.3799715608154596,3.00533713366497e-07,0.3799715135776598,3.005337133289554e-07,0.3799714743931295,3.005337134183122e-07,0.3799715608154596,3.00533713366497e-07,0.3799715135776598,3.005337133289554e-07,0.3799714743931295,3.005337134183122e-07,0.3799715608154596,3.00533713366497e-07,0.3799715135776598,3.005337133289554e-07,0.3799714743931295,3.008557065146451e-07,0.3800445210660917,3.008557064138987e-07,0.3800444726755652,3.008557062911112e-07,0.3800444340419518,3.008557065146451e-07,0.3800445210660917,3.008557064138987e-07,0.3800444726755652,3.008557062911112e-07,0.3800444340419518,3.008557065146451e-07,0.3800445210660917,3.008557064138987e-07,0.3800444726755652,3.008557062911112e-07,0.3800444340419518,3.008558392742244e-07,0.3800449501082784,3.008558391675517e-07,0.3800449148184366,3.008558390975734e-07,0.3800448835494016,3.008558392742244e-07,0.3800449501082784,3.008558391675517e-07,0.3800449148184366,3.008558390975734e-07,0.3800448835494016,3.008558392742244e-07,0.3800449501082784,3.008558391675517e-07,0.3800449148184366,3.008558390975734e-07,0.3800448835494016,3.008543792306151e-07,0.3800484622372932,3.008543790843033e-07,0.380048439347027,3.008543790505095e-07,0.3800484135990374,3.008543792306151e-07,0.3800484622372932,3.008543790843033e-07,0.380048439347027,3.008543790505095e-07,0.3800484135990374,3.008543792306151e-07,0.3800484622372932,3.008543790843033e-07,0.380048439347027,3.008543790505095e-07,0.3800484135990374,3.008544968737148e-07,0.3800488205221407,3.008544969495544e-07,0.3800487579834358,3.008544967634691e-07,0.3800487286835176,3.008544968737148e-07,0.3800488205221407,3.008544969495544e-07,0.3800487579834358,3.008544967634691e-07,0.3800487286835176,3.008544968737148e-07,0.3800488205221407,3.008544969495544e-07,0.3800487579834358,3.008544967634691e-07,0.3800487286835176,3.01180015867876e-07,0.3800479060434864,3.011800154036082e-07,0.380047879398632,3.011800155041276e-07,0.3800478372229156,3.01180015867876e-07,0.3800479060434864,3.011800154036082e-07,0.380047879398632,3.011800155041276e-07,0.3800478372229156,3.01180015867876e-07,0.3800479060434864,3.011800154036082e-07,0.380047879398632,3.011800155041276e-07,0.3800478372229156
3.018736696212183e-07,0.3800394465377494,3.018736690962709e-07,0.3800394059939729,3.018736682833017e-07,0.3800393828043455,3.018736696212183e-07,0.3800394465377494,3.018736690962709e-07,0.3800394059939729,3.018736682833017e-07,0.3800393828043455,3.018736696212183e-07,0.3800394465377494,3.018736690962709e-07,0.3800394059939729,3.018736682833017e-07,0.3800393828043455,3.059501291281253e-07,0.3800396506301753,3.059501274251838e-07,0.3800396170136394,3.059501284416817e-07,0.3800395826699431,3.059501291281253e-07,0.3800396506301753,3.059501274251838e-07,0.3800396170136394,3.059501284416817e-07,0.3800395826699431,3.059501291281253e-07,0.3800396506301753,3.059501274251838e-07,0.3800396170136394,3.059501284416817e-07,0.3800395826699431,3.114088999742768e-07,0.3800391568954143,3.114088994229396e-07,0.380039152441393,3.114088996379208e-07,0.3800391512228669,3.114088999742768e-07,0.3800391568954143,3.114088994229396e-07,0.380039152441393,3.114088996379208e-07,0.3800391512228669,3.114088999742768e-07,0.3800391568954143,3.114088994229396e-07,0.380039152441393,3.114088996379208e-07,0.3800391512228669,3.00665452439078e-07,0.3800354977264677,3.006654523604405e-07,0.3800354505800763,3.006654523019893e-07,0.3800354114754232,3.00665452439078e-07,0.3800354977264677,3.006654523604405e-07,0.3800354505800763,3.006654523019893e-07,0.3800354114754232,3.00665452439078e-07,0.3800354977264677,3.006654523604405e-07,0.3800354505800763,3.006654523019893e-07,0.3800354114754232,3.011878483771762e-07,0.3800440209913141,3.011878481744617e-07,0.3800439726438232,3.011878479281954e-07,0.3800439340531839,3.011878483771762e-07,0.3800440209913141,3.011878481744617e-07,0.3800439726438232,3.011878479281954e-07,0.3800439340531839,3.011878483771762e-07,0.3800440209913141,3.011878481744617e-07,0.3800439726438232,3.011878479281954e-07,0.3800439340531839,3.011884711229949e-07,0.3800444901529538,3.011884709080705e-07,0.3800444549040398,3.011884707651067e-07,0.3800444236755733,3.011884711229949e-07,0.3800444901529538,3.011884709080705e-07,0.3800444549040398,3.011884707651067e-07,0.3800444236755733,3.011884711229949e-07,0.3800444901529538,3.011884709080705e-07,0.3800444549040398,3.011884707651067e-07,0.3800444236755733,3.011787348750693e-07,0.3800479257107502,3.01178734588427e-07,0.3800479028640608,3.011787345181057e-07,0.3800478771596346,3.011787348750693e-07,0.3800479257107502,3.01178734588427e-07,0.3800479028640608,3.011787345181057e-07,0.3800478771596346,3.011787348750693e-07,0.3800479257107502,3.01178734588427e-07,0.3800479028640608,3.011787345181057e-07,0.3800478771596346,3.011793054913781e-07,0.3800483183646154,3.011793056323738e-07,0.3800482558712828,3.011793052685409e-07,0.3800482266125984,3.011793054913781e-07,0.3800483183646154,3.011793056323738e-07,0.3800482558712828,3.011793052685409e-07,0.3800482266125984,3.011793054913781e-07,0.3800483183646154,3.011793056323738e-07,0.3800482558712828,3.011793052685409e-07,0.3800482266125984,3.01830701552243e-07,0.3800479142529609,3.018307006228784e-07,0.380047887584437,3.01830700814432e-07,0.3800478453187576,3.01830701552243e-07,0.3800479142529609,3.018307006228784e-07,0.380047887584437,3.01830700814432e-07,0.3800478453187576,3.01830701552243e-07,0.3800479142529609,3.018307006228784e-07,0.380047887584437,3.01830700814432e-07,0.3800478453187576
3.032295104476669e-07,0.3800395086926232,3.032295094102372e-07,0.3800394681691637,3.032295078054034e-07,0.3800394449980389,3.032295104476669e-07,0.3800395086926232,3.032295094102372e-07,0.3800394681691637,3.032295078054034e-07,0.3800394449980389,3.032295104476669e-07,0.3800395086926232,3.032295094102372e-07,0.3800394681691637,3.032295078054034e-07,0.3800394449980389,3.113827921203525e-07,0.3800395607833312,3.113827887237517e-07,0.3800395271658103,3.113827907450111e-07,0.3800394928396866,3.113827921203525e-07,0.3800395607833312,3.113827887237517e-07,0.3800395271658103,3.113827907450111e-07,0.3800394928396866,3.113827921203525e-07,0.3800395607833312,3.113827887237517e-07,0.3800395271658103,3.113827907450111e-07,0.3800394928396866,3.223006483769041e-07,0.3800388447774132,3.223006472724425e-07,0.3800388403197315,3.223006476970948e-07,0.3800388391090447,3.223006483769041e-07,0.3800388447774132,3.223006472724425e-07,0.3800388403197315,3.223006476970948e-07,0.3800388391090447,3.223006483769041e-07,0.3800388447774132,3.223006472724425e-07,0.3800388403197315,3.223006476970948e-07,0.3800388391090447,3.008557663446247e-07,0.3800445124727673,3.008557662277904e-07,0.3800444652979812,3.008557661413237e-07,0.3800444261605889,3.008557663446247e-07,0.3800445124727673,3.008557662277904e-07,0.3800444652979812,3.008557661413237e-07,0.3800444261605889,3.008557663446247e-07,0.3800445124727673,3.008557662277904e-07,0.3800444652979812,3.008557661413237e-07,0.3800444261605889,3.018521321022383e-07,0.380044027578133,3.018521316955877e-07,0.3800439791942506,3.018521312023637e-07,0.380043940566755,3.018521321022383e-07,0.380044027578133,3.018521316955877e-07,0.3800439791942506,3.018521312023637e-07,0.380043940566755,3.018521321022383e-07,0.380044027578133,3.018521316955877e-07,0.3800439791942506,3.018521312023637e-07,0.380043940566755,3.018537348205358e-07,0.3800444920162456,3.018537343891081e-07,0.3800444567275258,3.018537341001733e-07,0.3800444254584094,3.018537348205358e-07,0.3800444920162456,3.018537343891081e-07,0.3800444567275258,3.018537341001733e-07,0.3800444254584094,3.018537348205358e-07,0.3800444920162456,3.018537343891081e-07,0.3800444567275258,3.018537341001733e-07,0.3800444254584094,3.018274461639775e-07,0.3800479412615489,3.018274455966744e-07,0.3800479183759101,3.018274454532981e-07,0.3800478926324453,3.018274461639775e-07,0.3800479412615489,3.018274455966744e-07,0.3800479183759101,3.018274454532981e-07,0.3800478926324453,3.018274461639775e-07,0.3800479412615489,3.018274455966744e-07,0.3800479183759101,3.018274454532981e-07,0.3800478926324453,3.018289227267048e-07,0.3800483317555544,3.018289229980127e-07,0.3800482692257212,3.018289222786843e-07,0.3800482399254587,3.018289227267048e-07,0.3800483317555544,3.018289229980127e-07,0.3800482692257212,3.018289222786843e-07,0.3800482399254587,3.018289227267048e-07,0.3800483317555544,3.018289229980127e-07,0.3800482692257212,3.018289222786843e-07,0.3800482399254587,3.031320729209771e-07,0.380047941328845,3.031320710614187e-07,0.3800479147949408,3.031320714350407e-07,0.3800478724526765,3.031320729209771e-07,0.380047941328845,3.031320710614187e-07,0.3800479147949408,3.031320714350407e-07,0.3800478724526765,3.031320729209771e-07,0.380047941328845,3.031320710614187e-07,0.3800479147949408,3.031320714350407e-07,0.3800478724526765
3.05941192100564e-07,0.3800393809720925,3.059411900381699e-07,0.3800393404504907,3.059411868496068e-07,0.3800393172785709,3.05941192100564e-07,0.3800393809720925,3.059411900381699e-07,0.3800393404504907,3.059411868496068e-07,0.3800393172785709,3.05941192100564e-07,0.3800393809720925,3.059411900381699e-07,0.3800393404504907,3.059411868496068e-07,0.3800393172785709,3.222481181048068e-07,0.380039240481971,3.222481113208874e-07,0.3800392068694492,3.222481153516698e-07,0.3800391725615983,3.222481181048068e-07,0.380039240481971,3.222481113208874e-07,0.3800392068694492,3.222481153516698e-07,0.3800391725615983,3.222481181048068e-07,0.380039240481971,3.222481113208874e-07,0.3800392068694492,3.222481153516698e-07,0.3800391725615983,3.383006483769041e-07,0.3800385218158139,3.383006472724425e-07,0.3800385173528742,3.383006476970948e-07,0.3800385161468307,3.383006483769041e-07,0.3800385218158139,3.383006472724425e-07,0.3800385173528742,3.383006476970948e-07,0.3800385161468307,3.383006483769041e-07,0.3800385218158139,3.383006472724425e-07,0.3800385173528742,3.383006476970948e-07,0.3800385161468307,3.011876211617998e-07,0.3800439749203938,3.011876209274874e-07,0.380043927789147,3.011876207525691e-07,0.3800438886935925,3.011876211617998e-07,0.3800439749203938,3.011876209274874e-07,0.380043927789147,3.011876207525691e-07,0.3800438886935925,3.011876211617998e-07,0.3800439749203938,3.011876209274874e-07,0.380043927789147,3.011876207525691e-07,0.3800438886935925,3.031806995523625e-07,0.3800440524814189,3.031806987378396e-07,0.3800440041236039,3.031806977507004e-07,0.3800439655214008,3.031806995523625e-07,0.3800440524814189,3.031806987378396e-07,0.3800440041236039,3.031806977507004e-07,0.3800439655214008,3.031806995523625e-07,0.3800440524814189,3.031806987378396e-07,0.3800440041236039,3.031806977507004e-07,0.3800439655214008,3.031842622156175e-07,0.3800445273732296,3.031842613511832e-07,0.3800444921026281,3.031842607703065e-07,0.3800444608511731,3.031842622156175e-07,0.3800445273732296,3.031842613511832e-07,0.3800444921026281,3.031842607703065e-07,0.3800444608511731,3.031842622156175e-07,0.3800445273732296,3.031842613511832e-07,0.3800444921026281,3.031842607703065e-07,0.3800444608511731,3.03124868741794e-07,0.3800479522891688,3.031248676131691e-07,0.3800479294269941,3.031248673236828e-07,0.3800479037073184,3.03124868741794e-07,0.3800479522891688,3.031248676131691e-07,0.3800479294269941,3.031248673236828e-07,0.3800479037073184,3.03124868741794e-07,0.3800479522891688,3.031248676131691e-07,0.3800479294269941,3.031248673236828e-07,0.3800479037073184,3.031281571973581e-07,0.3800483537413154,3.031281577292904e-07,0.3800482912398752,3.031281562989713e-07,0.380048261956334,3.031281571973581e-07,0.3800483537413154,3.031281577292904e-07,0.3800482912398752,3.031281562989713e-07,0.380048261956334,3.031281571973581e-07,0.3800483537413154,3.031281577292904e-07,0.3800482912398752,3.031281562989713e-07,0.380048261956334,3.057348156584453e-07,0.3800478222014966,3.057348119384992e-07,0.3800477958588097,3.057348126762582e-07,0.3800477533329616,3.057348156584453e-07,0.3800478222014966,3.057348119384992e-07,0.3800477958588097,3.057348126762582e-07,0.3800477533329616,3.057348156584453e-07,0.3800478222014966,3.057348119384992e-07,0.3800477958588097,3.057348126762582e-07,0.3800477533329616
3.113645554063583e-07,0.3800392874603074,3.113645512940351e-07,0.3800392469466479,3.113645449380135e-07,0.3800392237774926,3.113645554063583e-07,0.3800392874603074,3.113645512940351e-07,0.3800392469466479,3.113645449380135e-07,0.3800392237774926,3.113645554063583e-07,0.3800392874603074,3.113645512940351e-07,0.3800392469466479,3.113645449380135e-07,0.3800392237774926,3.382481181048068e-07,0.3800389146465661,3.382481113208874e-07,0.380038881033724,3.382481153516698e-07,0.3800388467446837,3.382481181048068e-07,0.3800389146465661,3.382481113208874e-07,0.380038881033724,3.382481153516698e-07,0.3800388467446837,3.382481181048068e-07,0.3800389146465661,3.382481113208874e-07,0.380038881033724,3.382481153516698e-07,0.3800388467446837,3.5e-07,0.3800382326781922,3.5e-07,0.3800382282166829,3.5e-07,0.3800382270152202,3.5e-07,0.3800382326781922,3.5e-07,0.3800382282166829,3.5e-07,0.3800382270152202,3.5e-07,0.3800382326781922,3.5e-07,0.3800382282166829,3.5e-07,0.3800382270152202,3.018513307961499e-07,0.380043987799035,3.018513303268815e-07,0.3800439406292188,3.0185132997506e-07,0.3800439014930144,3.018513307961499e-07,0.380043987799035,3.018513303268815e-07,0.3800439406292188,3.0185132997506e-07,0.3800439014930144,3.018513307961499e-07,0.380043987799035,3.018513303268815e-07,0.3800439406292188,3.0185132997506e-07,0.3800439014930144,3.058378344526108e-07,0.3800439152177385,3.058378328223436e-07,0.3800438668720109,3.058378308473738e-07,0.3800438282828694,3.058378344526108e-07,0.3800439152177385,3.058378328223436e-07,0.3800438668720109,3.058378308473738e-07,0.3800438282828694,3.058378344526108e-07,0.3800439152177385,3.058378328223436e-07,0.3800438668720109,3.058378308473738e-07,0.3800438282828694,3.058453170057811e-07,0.3800444104920709,3.058453152753335e-07,0.3800443752218022,3.058453141105728e-07,0.3800443439675306,3.058453170057811e-07,0.3800444104920709,3.058453152753335e-07,0.3800443752218022,3.058453141105728e-07,0.3800443439675306,3.058453170057811e-07,0.3800444104920709,3.058453152753335e-07,0.3800443752218022,3.058453141105728e-07,0.3800443439675306,3.05719713897427e-07,0.3800477994285376,3.057197116461586e-07,0.3800477765748498,3.057197110644523e-07,0.3800477508626159,3.05719713897427e-07,0.3800477994285376,3.057197116461586e-07,0.3800477765748498,3.057197110644523e-07,0.3800477508626159,3.05719713897427e-07,0.3800477994285376,3.057197116461586e-07,0.3800477765748498,3.057197110644523e-07,0.3800477508626159,3.057266261386647e-07,0.380048222951943,3.057266271918458e-07,0.3800481604697101,3.057266243395451e-07,0.3800481311807663,3.057266261386647e-07,0.380048222951943,3.057266271918458e-07,0.3800481604697101,3.057266243395451e-07,0.3800481311807663,3.057266261386647e-07,0.380048222951943,3.057266271918458e-07,0.3800481604697101,3.057266243395451e-07,0.3800481311807663,3.109403011333816e-07,0.380047743065117,3.109402936926604e-07,0.3800477170684757,3.109402951586932e-07,0.3800476742077961,3.109403011333816e-07,0.380047743065117,3.109402936926604e-07,0.3800477170684757,3.109402951586932e-07,0.3800476742077961,3.109403011333816e-07,0.380047743065117,3.109402936926604e-07,0.3800477170684757,3.109402951586932e-07,0.3800476742077961
3.222112820179468e-07,0.3800389576520457,3.222112738057657e-07,0.3800389171550596,3.22211261114827e-07,0.3800388939969235,3.222112820179468e-07,0.3800389576520457,3.222112738057657e-07,0.3800389171550596,3.22211261114827e-07,0.3800388939969235,3.222112820179468e-07,0.3800389576520457,3.222112738057657e-07,0.3800389171550596,3.22211261114827e-07,0.3800388939969235,3.5e-07,0.3800386185233637,3.5e-07,0.380038584918226,3.5e-07,0.3800385506307887,3.5e-07,0.3800386185233637,3.5e-07,0.380038584918226,3.5e-07,0.3800385506307887,3.5e-07,0.3800386185233637,3.5e-07,0.380038584918226,3.5e-07,0.3800385506307887,3.501e-07,0.2455423366440694,3.501e-07,0.2455423322501733,3.501e-07,0.2455423311158212,3.501e-07,0.2455423366440694,3.501e-07,0.2455423322501733,3.501e-07,0.2455423311158212,3.501e-07,0.2455423366440694,3.501e-07,0.2455423322501733,3.501e-07,0.2455423311158212,3.0317875006485e-07,0.3800440057703743,3.031787491256696e-07,0.3800439586242732,3.031787484200418e-07,0.3800439195074928,3.0317875006485e-07,0.3800440057703743,3.031787491256696e-07,0.3800439586242732,3.031787484200418e-07,0.3800439195074928,3.0317875006485e-07,0.3800440057703743,3.031787491256696e-07,0.3800439586242732,3.031787484200418e-07,0.3800439195074928,3.111521042531075e-07,0.3800438119176717,3.111521009913515e-07,0.3800437635963207,3.111520970407205e-07,0.3800437250262454,3.111521042531075e-07,0.3800438119176717,3.111521009913515e-07,0.3800437635963207,3.111520970407205e-07,0.3800437250262454,3.111521042531075e-07,0.3800438119176717,3.111521009913515e-07,0.3800437635963207,3.111520970407205e-07,0.3800437250262454,3.111674265861081e-07,0.3800443361460114,3.111674231236341e-07,0.3800443008743637,3.111674207911054e-07,0.3800442696151594,3.111674265861081e-07,0.3800443361460114,3.111674231236341e-07,0.3800443008743637,3.111674207911054e-07,0.3800442696151594,3.111674265861081e-07,0.3800443361460114,3.111674231236341e-07,0.3800443008743637,3.111674207911054e-07,0.3800442696151594,3.109094042086931e-07,0.3800476694950133,3.109093997121377e-07,0.3800476466603297,3.109093985459914e-07,0.3800476209639853,3.109094042086931e-07,0.3800476694950133,3.109093997121377e-07,0.3800476466603297,3.109093985459914e-07,0.3800476209639853,3.109094042086931e-07,0.3800476694950133,3.109093997121377e-07,0.3800476466603297,3.109093985459914e-07,0.3800476209639853,3.109235640212778e-07,0.3800481283988693,3.109235661169566e-07,0.3800480659479964,3.109235604206929e-07,0.3800480366507369,3.109235640212778e-07,0.3800481283988693,3.109235661169566e-07,0.3800480659479964,3.109235604206929e-07,0.3800480366507369,3.109235640212778e-07,0.3800481283988693,3.109235661169566e-07,0.3800480659479964,3.109235604206929e-07,0.3800480366507369,3.213512720832542e-07,0.3800474253596154,3.213512572009826e-07,0.3800473999432785,3.213512601235631e-07,0.3800473565282972,3.213512720832542e-07,0.3800474253596154,3.213512572009826e-07,0.3800473999432785,3.213512601235631e-07,0.3800473565282972,3.213512720832542e-07,0.3800474253596154,3.213512572009826e-07,0.3800473999432785,3.213512601235631e-07,0.3800473565282972
3.382112820179468e-07,0.380038634996396,3.382112738057657e-07,0.3800385945111077,3.38211261114827e-07,0.3800385713608894,3.382112820179468e-07,0.380038634996396,3.382112738057657e-07,0.3800385945111077,3.38211261114827e-07,0.3800385713608894,3.382112820179468e-07,0.380038634996396,3.382112738057657e-07,0.3800385945111077,3.38211261114827e-07,0.3800385713608894,3.501e-07,0.2457410835803374,3.501e-07,0.2457410500267554,3.501e-07,0.2457410157903583,3.501e-07,0.2457410835803374,3.501e-07,0.2457410500267554,3.501e-07,0.2457410157903583,3.501e-07,0.2457410835803374,3.501e-07,0.2457410500267554,3.501e-07,0.2457410157903583,3.501135700910374e-07,0.2311088111661762,3.501135700910372e-07,0.2311088063816505,3.501135700910374e-07,0.2311088048573202,3.501135700910374e-07,0.2311088111661762,3.501135700910372e-07,0.2311088063816505,3.501135700910374e-07,0.2311088048573202,3.501135700910374e-07,0.2311088111661762,3.501135700910372e-07,0.2311088063816505,3.501135700910374e-07,0.2311088048573202,3.058335886022504e-07,0.3800438542260663,3.058335867232458e-07,0.3800438070899999,3.058335853100054e-07,0.3800437679734016,3.058335886022504e-07,0.3800438542260663,3.058335867232458e-07,0.3800438070899999,3.058335853100054e-07,0.3800437679734016,3.058335886022504e-07,0.3800438542260663,3.058335867232458e-07,0.3800438070899999,3.058335853100054e-07,0.3800437679734016,3.217806438541009e-07,0.3800434425919933,3.217806373293673e-07,0.3800433943036903,3.217806294274141e-07,0.380043355767513,3.217806438541009e-07,0.3800434425919933,3.217806373293673e-07,0.3800433943036903,3.217806294274141e-07,0.380043355767513,3.217806438541009e-07,0.3800434425919933,3.217806373293673e-07,0.3800433943036903,3.217806294274141e-07,0.380043355767513,3.218116457467623e-07,0.380044027371638,3.218116388202352e-07,0.3800439920961061,3.218116341521707e-07,0.3800439608303244,3.218116457467623e-07,0.380044027371638,3.218116388202352e-07,0.3800439920961061,3.218116341521707e-07,0.3800439608303244,3.218116457467623e-07,0.380044027371638,3.218116388202352e-07,0.3800439920961061,3.218116341521707e-07,0.3800439608303244,3.212887848312251e-07,0.3800472479879002,3.212887758440957e-07,0.380047225193838,3.212887735090694e-07,0.3800471995258184,3.212887848312251e-07,0.3800472479879002,3.212887758440957e-07,0.380047225193838,3.212887735090694e-07,0.3800471995258184,3.212887848312251e-07,0.3800472479879002,3.212887758440957e-07,0.380047225193838,3.212887735090694e-07,0.3800471995258184,3.213174397865042e-07,0.3800477769708075,3.213174439671783e-07,0.3800477145721499,3.213174325829883e-07,0.3800476852635082,3.213174397865042e-07,0.3800477769708075,3.213174439671783e-07,0.3800477145721499,3.213174325829883e-07,0.3800476852635082,3.213174397865042e-07,0.3800477769708075,3.213174439671783e-07,0.3800477145721499,3.213174325829883e-07,0.3800476852635082,3.373512720832542e-07,0.380047093766056,3.373512572009826e-07,0.3800470689779631,3.373512601235631e-07,0.380047024955035,3.373512720832542e-07,0.380047093766056,3.373512572009826e-07,0.3800470689779631,3.373512601235631e-07,0.380047024955035,3.373512720832542e-07,0.380047093766056,3.373512572009826e-07,0.3800470689779631,3.373512601235631e-07,0.380047024955035
3.5e-07,0.3800383398771762,3.5e-07,0.3800382993999842,3.5e-07,0.3800382762532316,3.5e-07,0.3800383398771762,3.5e-07,0.3800382993999842,3.5e-07,0.3800382762532316,3.5e-07,0.3800383398771762,3.5e-07,0.3800382993999842,3.5e-07,0.3800382762532316,3.501135792207399e-07,0.2312859583185844,3.501135792207397e-07,0.2312859243772635,3.5011357922074e-07,0.2312858897536254,3.501135792207399e-07,0.2312859583185844,3.501135792207397e-07,0.2312859243772635,3.5011357922074e-07,0.2312858897536254,3.501135792207399e-07,0.2312859583185844,3.501135792207397e-07,0.2312859243772635,3.5011357922074e-07,0.2312858897536254,3.50140147162942e-07,0.2081958858017425,3.501401471629492e-07,0.2081958808413983,3.501401471629471e-07,0.2081958791526633,3.50140147162942e-07,0.2081958858017425,3.501401471629492e-07,0.2081958808413983,3.501401471629471e-07,0.2081958791526633,3.50140147162942e-07,0.2081958858017425,3.501401471629492e-07,0.2081958808413983,3.501401471629471e-07,0.2081958791526633,3.11143265677051e-07,0.3800437329571389,3.111432619183982e-07,0.380043685842442,3.111432590899326e-07,0.3800436467321645,3.11143265677051e-07,0.3800437329571389,3.111432619183982e-07,0.380043685842442,3.111432590899326e-07,0.3800436467321645,3.11143265677051e-07,0.3800437329571389,3.111432619183982e-07,0.380043685842442,3.111432590899326e-07,0.3800436467321645,3.377806438541009e-07,0.3800430581761524,3.377806373293673e-07,0.3800430099219153,3.37780629427414e-07,0.3800429714165398,3.377806438541009e-07,0.3800430581761524,3.377806373293673e-07,0.3800430099219153,3.37780629427414e-07,0.3800429714165398,3.377806438541009e-07,0.3800430581761524,3.377806373293673e-07,0.3800430099219153,3.37780629427414e-07,0.3800429714165398,3.378116457467623e-07,0.3800437211390609,3.378116388202351e-07,0.380043685855279,3.378116341521707e-07,0.3800436545854036,3.378116457467623e-07,0.3800437211390609,3.378116388202351e-07,0.380043685855279,3.378116341521707e-07,0.3800436545854036,3.378116457467623e-07,0.3800437211390609,3.378116388202351e-07,0.380043685855279,3.378116341521707e-07,0.3800436545854036,3.372887848312251e-07,0.3800467854109272,3.372887758440957e-07,0.3800467626605211,3.372887735090694e-07,0.3800467370259954,3.372887848312251e-07,0.3800467854109272,3.372887758440957e-07,0.3800467626605211,3.372887735090694e-07,0.3800467370259954,3.372887848312251e-07,0.3800467854109272,3.372887758440957e-07,0.3800467626605211,3.372887735090694e-07,0.3800467370259954,3.373174397865042e-07,0.3800474027498232,3.373174439671783e-07,0.3800473404081682,3.373174325829883e-07,0.38004731108707,3.373174397865042e-07,0.3800474027498232,3.373174439671783e-07,0.3800473404081682,3.373174325829883e-07,0.38004731108707,3.373174397865042e-07,0.3800474027498232,3.373174439671783e-07,0.3800473404081682,3.373174325829883e-07,0.38004731108707,3.5e-07,0.3800467726067284,3.5e-07,0.3800467481810561,3.5e-07,0.3800467038125934,3.5e-07,0.3800467726067284,3.5e-07,0.3800467481810561,3.5e-07,0.3800467038125934,3.5e-07,0.3800467726067284,3.5e-07,0.3800467481810561,3.5e-07,0.3800467038125934
3.501e-07,0.2459306442820119,3.501e-07,0.2459306038470654,3.501e-07,0.2459305807423103,3.501e-07,0.2459306442820119,3.501e-07,0.2459306038470654,3.501e-07,0.2459305807423103,3.501e-07,0.2459306442820119,3.501e-07,0.2459306038470654,3.501e-07,0.2459305807423103,3.50140179753015e-07,0.2083068416781362,3.501401797530623e-07,0.2083068075395082,3.50140179753035e-07,0.2083067727750598,3.50140179753015e-07,0.2083068416781362,3.501401797530623e-07,0.2083068075395082,3.50140179753035e-07,0.2083067727750598,3.50140179753015e-07,0.2083068416781362,3.501401797530623e-07,0.2083068075395082,3.50140179753035e-07,0.2083067727750598,3.501655445022274e-07,0.1948927014228894,3.501655445022347e-07,0.1948926969681375,3.501655445022328e-07,0.1948926957813295,3.501655445022274e-07,0.1948927014228894,3.501655445022347e-07,0.1948926969681375,3.501655445022328e-07,0.1948926957813295,3.501655445022274e-07,0.1948927014228894,3.501655445022347e-07,0.1948926969681375,3.501655445022328e-07,0.1948926957813295,3.217626198266523e-07,0.3800433296996456,3.217626123087029e-07,0.3800432826250366,3.217626066497871e-07,0.3800432435370845,3.217626198266523e-07,0.3800433296996456,3.217626123087029e-07,0.3800432826250366,3.217626066497871e-07,0.3800432435370845,3.217626198266523e-07,0.3800433296996456,3.217626123087029e-07,0.3800432826250366,3.217626066497871e-07,0.3800432435370845,3.5e-07,0.38004270370916,3.5e-07,0.3800426554726761,3.5e-07,0.3800426169838652,3.5e-07,0.38004270370916,3.5e-07,0.3800426554726761,3.5e-07,0.3800426169838652,3.5e-07,0.38004270370916,3.5e-07,0.3800426554726761,3.5e-07,0.3800426169838652,3.5e-07,0.3800434265464611,3.5e-07,0.3800433912590894,3.5e-07,0.3800433599874865,3.5e-07,0.3800434265464611,3.5e-07,0.3800433912590894,3.5e-07,0.3800433599874865,3.5e-07,0.3800434265464611,3.5e-07,0.3800433912590894,3.5e-07,0.3800433599874865,3.5e-07,0.3800463672247364,3.5e-07,0.3800463445097013,3.5e-07,0.3800463188991314,3.5e-07,0.3800463672247364,3.5e-07,0.3800463445097013,3.5e-07,0.3800463188991314,3.5e-07,0.3800463672247364,3.5e-07,0.3800463445097013,3.5e-07,0.3800463188991314,3.5e-07,0.3800470488224432,3.5e-07,0.3800469865130956,3.5e-07,0.3800469571958831,3.5e-07,0.3800470488224432,3.5e-07,0.3800469865130956,3.5e-07,0.3800469571958831,3.5e-07,0.3800470488224432,3.5e-07,0.3800469865130956,3.5e-07,0.3800469571958831,3.501e-07,0.2473526373324577,3.501e-07,0.2473526129473217,3.501e-07,0.2473525686145651,3.501e-07,0.2473526373324577,3.501e-07,0.2473526129473217,3.501e-07,0.2473525686145651,3.501e-07,0.2473526373324577,3.501e-07,0.2473526129473217,3.501e-07,0.2473525686145651
3.501135878788931e-07,0.2314553156529047,3.501135878788932e-07,0.2314552748306047,3.501135878788932e-07,0.2314552513397601,3.501135878788931e-07,0.2314553156529047,3.501135878788932e-07,0.2314552748306047,3.501135878788932e-07,0.2314552513397601,3.501135878788931e-07,0.2314553156529047,3.501135878788932e-07,0.2314552748306047,3.501135878788932e-07,0.2314552513397601,3.501655904151008e-07,0.1949395962186835,3.501655904151506e-07,0.1949395626005178,3.501655904151221e-07,0.1949395283361569,3.501655904151008e-07,0.1949395962186835,3.501655904151506e-07,0.1949395626005178,3.501655904151221e-07,0.1949395283361569,3.501655904151008e-07,0.1949395962186835,3.501655904151506e-07,0.1949395626005178,3.501655904151221e-07,0.1949395283361569,3.502079040378333e-07,0.1839504619062857,3.502079040391422e-07,0.1839504573868777,3.50207904040435e-07,0.1839504560745616,3.502079040378333e-07,0.1839504619062857,3.502079040391422e-07,0.1839504573868777,3.50207904040435e-07,0.1839504560745616,3.502079040378333e-07,0.1839504619062857,3.502079040391422e-07,0.1839504573868777,3.50207904040435e-07,0.1839504560745616,3.377626198266523e-07,0.3800429184452491,3.377626123087029e-07,0.380042871405483,3.37762606649787e-07,0.3800428323535188,3.377626198266523e-07,0.3800429184452491,3.377626123087029e-07,0.380042871405483,3.37762606649787e-07,0.3800428323535188,3.377626198266523e-07,0.3800429184452491,3.377626123087029e-07,0.380042871405483,3.37762606649787e-07,0.3800428323535188,3.501e-07,0.2466473871321981,3.501e-07,0.2466473389557489,3.501e-07,0.2466473005257727,3.501e-07,0.2466473871321981,3.501e-07,0.2466473389557489,3.501e-07,0.2466473005257727,3.501e-07,0.2466473871321981,3.501e-07,0.2466473389557489,3.501e-07,0.2466473005257727,3.501e-07,0.2464432955955524,3.501e-07,0.2464432603823342,3.501e-07,0.2464432291840604,3.501e-07,0.2464432955955524,3.501e-07,0.2464432603823342,3.501e-07,0.2464432291840604,3.501e-07,0.2464432955955524,3.501e-07,0.2464432603823342,3.501e-07,0.2464432291840604,3.501e-07,0.247770439539203,3.501e-07,0.2477704168368811,3.501e-07,0.2477703912383957,3.501e-07,0.247770439539203,3.501e-07,0.2477704168368811,3.501e-07,0.2477703912383957,3.501e-07,0.247770439539203,3.501e-07,0.2477704168368811,3.501e-07,0.2477703912383957,3.501e-07,0.2475673490929444,3.501e-07,0.2475672868063548,3.501e-07,0.2475672575110711,3.501e-07,0.2475673490929444,3.501e-07,0.2475672868063548,3.501e-07,0.2475672575110711,3.501e-07,0.2475673490929444,3.501e-07,0.2475672868063548,3.501e-07,0.2475672575110711,3.501135595756653e-07,0.2330655613413379,3.50113559575665e-07,0.2330655365591486,3.501135595756653e-07,0.2330654918295488,3.501135595756653e-07,0.2330655613413379,3.50113559575665e-07,0.2330655365591486,3.501135595756653e-07,0.2330654918295488,3.501135595756653e-07,0.2330655613413379,3.50113559575665e-07,0.2330655365591486,3.501135595756653e-07,0.2330654918295488
3.501402105697772e-07,0.20841257255704,3.501402105698356e-07,0.2084125315326646,3.501402105699251e-07,0.2084125078226438,3.501402105697772e-07,0.20841257255704,3.501402105698356e-07,0.2084125315326646,3.501402105699251e-07,0.2084125078226438,3.501402105697772e-07,0.20841257255704,3.501402105698356e-07,0.2084125315326646,3.501402105699251e-07,0.2084125078226438,3.502079455074153e-07,0.1839431620681878,3.502079455087985e-07,0.1839431283358418,3.502079455100356e-07,0.1839430939438035,3.502079455074153e-07,0.1839431620681878,3.502079455087985e-07,0.1839431283358418,3.502079455100356e-07,0.1839430939438035,3.502079455074153e-07,0.1839431620681878,3.502079455087985e-07,0.1839431283358418,3.502079455100356e-07,0.1839430939438035,3.502538239138687e-07,0.1802772551956332,3.502538239138191e-07,0.1802772507414677,3.502538239137661e-07,0.1802772495402039,3.502538239138687e-07,0.1802772551956332,3.502538239138191e-07,0.1802772507414677,3.502538239137661e-07,0.1802772495402039,3.502538239138687e-07,0.1802772551956332,3.502538239138191e-07,0.1802772507414677,3.502538239137661e-07,0.1802772495402039,3.5e-07,0.3800425495109261,3.5e-07,0.380042502498858,3.5e-07,0.3800424634705872,3.5e-07,0.3800425495109261,3.5e-07,0.380042502498858,3.5e-07,0.3800424634705872,3.5e-07,0.3800425495109261,3.5e-07,0.380042502498858,3.5e-07,0.3800424634705872,3.501135743559196e-07,0.2322670241577337,3.501135743559194e-07,0.2322669755815574,3.501135743559198e-07,0.2322669367525937,3.501135743559196e-07,0.2322670241577337,3.501135743559194e-07,0.2322669755815574,3.501135743559198e-07,0.2322669367525937,3.501135743559196e-07,0.2322670241577337,3.501135743559194e-07,0.2322669755815574,3.501135743559198e-07,0.2322669367525937,3.501135650674579e-07,0.2320788996003721,3.501135650674577e-07,0.2320788639850226,3.501135650674579e-07,0.232078832385487,3.501135650674579e-07,0.2320788996003721,3.501135650674577e-07,0.2320788639850226,3.501135650674579e-07,0.232078832385487,3.501135650674579e-07,0.2320788996003721,3.501135650674577e-07,0.2320788639850226,3.501135650674579e-07,0.232078832385487,3.501135781750873e-07,0.2334450535128808,3.501135781750874e-07,0.2334450304170817,3.501135781750874e-07,0.2334450044264314,3.501135781750873e-07,0.2334450535128808,3.501135781750874e-07,0.2334450304170817,3.501135781750874e-07,0.2334450044264314,3.501135781750873e-07,0.2334450535128808,3.501135781750874e-07,0.2334450304170817,3.501135781750874e-07,0.2334450044264314,3.501135689366529e-07,0.2332608839424513,3.501135689366524e-07,0.2332608212616571,3.501135689366529e-07,0.2332607915725352,3.501135689366529e-07,0.2332608839424513,3.501135689366524e-07,0.2332608212616571,3.501135689366529e-07,0.2332607915725352,3.501135689366529e-07,0.2332608839424513,3.501135689366524e-07,0.2332608212616571,3.501135689366529e-07,0.2332607915725352,3.501401163487466e-07,0.210171128590836,3.501401163488369e-07,0.2101711035926504,3.501401163488199e-07,0.2101710587250318,3.501401163487466e-07,0.210171128590836,3.501401163488369e-07,0.2101711035926504,3.501401163488199e-07,0.2101710587250318,3.501401163487466e-07,0.210171128590836,3.501401163488369e-07,0.2101711035926504,3.501401163488199e-07,0.2101710587250318
3.501656338602443e-07,0.1949833290866739,3.501656338603064e-07,0.1949832885876482,3.501656338604013e-07,0.194983265410013,3.501656338602443e-07,0.1949833290866739,3.501656338603064e-07,0.1949832885876482,3.501656338604013e-07,0.194983265410013,3.501656338602443e-07,0.1949833290866739,3.501656338603064e-07,0.1949832885876482,3.501656338604013e-07,0.194983265410013,3.502539554622364e-07,0.1802466895191231,3.502539554622398e-07,0.180246655912658,3.502539554621274e-07,0.1802466216284441,3.502539554622364e-07,0.1802466895191231,3.502539554622398e-07,0.180246655912658,3.502539554621274e-07,0.1802466216284441,3.502539554622364e-07,0.1802466895191231,3.502539554622398e-07,0.180246655912658,3.502539554621274e-07,0.1802466216284441,3.503027521715362e-07,0.1793889942589202,3.503027521729775e-07,0.1793889897534826,3.503027521744358e-07,0.1793889885196188,3.503027521715362e-07,0.1793889942589202,3.503027521729775e-07,0.1793889897534826,3.503027521744358e-07,0.1793889885196188,3.503027521715362e-07,0.1793889942589202,3.503027521729775e-07,0.1793889897534826,3.503027521744358e-07,0.1793889885196188,3.501e-07,0.2468481211940013,3.501e-07,0.2468480742295821,3.501e-07,0.2468480352487883,3.501e-07,0.2468481211940013,3.501e-07,0.2468480742295821,3.501e-07,0.2468480352487883,3.501e-07,0.2468481211940013,3.501e-07,0.2468480742295821,3.501e-07,0.2468480352487883,3.501401657790743e-07,0.2092907734944768,3.501401657791164e-07,0.2092907247260574,3.501401657791697e-07,0.2092906857020414,3.501401657790743e-07,0.2092907734944768,3.501401657791164e-07,0.2092907247260574,3.501401657791697e-07,0.2092906857020414,3.501401657790743e-07,0.2092907734944768,3.501401657791164e-07,0.2092907247260574,3.501401657791697e-07,0.2092906857020414,3.501401327983276e-07,0.2091711574687663,3.501401327983728e-07,0.209171121651946,3.501401327984043e-07,0.209171089865152,3.501401327983276e-07,0.2091711574687663,3.501401327983728e-07,0.209171121651946,3.501401327984043e-07,0.209171089865152,3.501401327983276e-07,0.2091711574687663,3.501401327983728e-07,0.209171121651946,3.501401327984043e-07,0.209171089865152,3.501401823678895e-07,0.2104192793777828,3.501401823679443e-07,0.210419256099916,3.501401823679585e-07,0.2104192299595069,3.501401823678895e-07,0.2104192793777828,3.501401823679443e-07,0.210419256099916,3.501401823679585e-07,0.2104192299595069,3.501401823678895e-07,0.2104192793777828,3.501401823679443e-07,0.210419256099916,3.501401823679585e-07,0.2104192299595069,3.50140149588427e-07,0.2102995592288042,3.501401495883996e-07,0.2102994964197611,3.501401495884708e-07,0.2102994665388641,3.50140149588427e-07,0.2102995592288042,3.501401495883996e-07,0.2102994964197611,3.501401495884708e-07,0.2102994665388641,3.50140149588427e-07,0.2102995592288042,3.501401495883996e-07,0.2102994964197611,3.501401495884708e-07,0.2102994665388641,3.501654987479012e-07,0.1965304298085955,3.501654987479966e-07,0.1965304053547293,3.501654987479789e-07,0.1965303610027161,3.501654987479012e-07,0.1965304298085955,3.501654987479966e-07,0.1965304053547293,3.501654987479789e-07,0.1965303610027161,3.501654987479012e-07,0.1965304298085955,3.501654987479966e-07,0.1965304053547293,3.501654987479789e-07,0.1965303610027161
3.502079850357347e-07,0.1839339594347422,3.502079850371421e-07,0.1839339188232169,3.502079850386118e-07,0.183933895532213,3.502079850357347e-07,0.1839339594347422,3.502079850371421e-07,0.1839339188232169,3.502079850386118e-07,0.183933895532213,3.502079850357347e-07,0.1839339594347422,3.502079850371421e-07,0.1839339188232169,3.502079850386118e-07,0.183933895532213,3.503028863619591e-07,0.1793629347687359,3.503028863634956e-07,0.1793629011310849,3.503028863648882e-07,0.1793628668125249,3.503028863619591e-07,0.1793629347687359,3.503028863634956e-07,0.1793629011310849,3.503028863648882e-07,0.1793628668125249,3.503028863619591e-07,0.1793629347687359,3.503028863634956e-07,0.1793629011310849,3.503028863648882e-07,0.1793628668125249,3.503597333616056e-07,0.1792681638069118,3.503597333632442e-07,0.1792681592598662,3.503597333648494e-07,0.1792681579852636,3.503597333616056e-07,0.1792681638069118,3.503597333632442e-07,0.1792681592598662,3.503597333648494e-07,0.1792681579852636,3.503597333616056e-07,0.1792681638069118,3.503597333632442e-07,0.1792681592598662,3.503597333648494e-07,0.1792681579852636,3.501135854366229e-07,0.232445075545142,3.501135854366227e-07,0.2324450281823158,3.50113585436623e-07,0.2324449888039447,3.501135854366229e-07,0.232445075545142,3.501135854366227e-07,0.2324450281823158,3.50113585436623e-07,0.2324449888039447,3.501135854366229e-07,0.232445075545142,3.501135854366227e-07,0.2324450281823158,3.50113585436623e-07,0.2324449888039447,3.501655695470579e-07,0.1957508712864237,3.501655695471022e-07,0.1957508230437207,3.501655695471592e-07,0.1957507845467225,3.501655695470579e-07,0.1957508712864237,3.501655695471022e-07,0.1957508230437207,3.501655695471592e-07,0.1957507845467225,3.501655695470579e-07,0.1957508712864237,3.501655695471022e-07,0.1957508230437207,3.501655695471592e-07,0.1957507845467225,3.501655230218603e-07,0.1956984159597958,3.50165523021908e-07,0.1956983806661471,3.501655230219417e-07,0.1956983493979623,3.501655230218603e-07,0.1956984159597958,3.50165523021908e-07,0.1956983806661471,3.501655230219417e-07,0.1956983493979623,3.501655230218603e-07,0.1956984159597958,3.50165523021908e-07,0.1956983806661471,3.501655230219417e-07,0.1956983493979623,3.501655918876342e-07,0.1966434083560884,3.501655918876923e-07,0.1966433856201703,3.501655918877075e-07,0.1966433600102239,3.501655918876342e-07,0.1966434083560884,3.501655918876923e-07,0.1966433856201703,3.501655918877075e-07,0.1966433600102239,3.501655918876342e-07,0.1966434083560884,3.501655918876923e-07,0.1966433856201703,3.501655918877075e-07,0.1966433600102239,3.501655456384717e-07,0.1965898753635708,3.50165545638442e-07,0.1965898130736287,3.501655456385181e-07,0.1965897837348147,3.501655456384717e-07,0.1965898753635708,3.50165545638442e-07,0.1965898130736287,3.501655456385181e-07,0.1965897837348147,3.501655456384717e-07,0.1965898753635708,3.50165545638442e-07,0.1965898130736287,3.501655456385181e-07,0.1965897837348147,3.502077862860061e-07,0.1849127011686608,3.502077862875831e-07,0.1849126765809153,3.502077862889637e-07,0.1849126320733536,3.502077862860061e-07,0.1849127011686608,3.502077862875831e-07,0.1849126765809153,3.502077862889637e-07,0.1849126320733536,3.502077862860061e-07,0.1849127011686608,3.502077862875831e-07,0.1849126765809153,3.502077862889637e-07,0.1849126320733536
3.502540790665752e-07,0.1802148346795366,3.502540790665876e-07,0.1802147942010309,3.502540790666752e-07,0.1802147710499135,3.502540790665752e-07,0.1802148346795366,3.502540790665876e-07,0.1802147942010309,3.502540790666752e-07,0.1802147710499135,3.502540790665752e-07,0.1802148346795366,3.502540790665876e-07,0.1802147942010309,3.502540790666752e-07,0.1802147710499135,3.503598868079335e-07,0.1792508543201177,3.503598868096409e-07,0.1792508206408056,3.503598868111714e-07,0.1792507862802765,3.503598868079335e-07,0.1792508543201177,3.503598868096409e-07,0.1792508206408056,3.503598868111714e-07,0.1792507862802765,3.503598868079335e-07,0.1792508543201177,3.503598868096409e-07,0.1792508206408056,3.503598868111714e-07,0.1792507862802765,3.504392423169184e-07,0.1793443050955778,3.504392423193668e-07,0.179344300609367,3.504392423218553e-07,0.1793442993819484,3.504392423169184e-07,0.1793443050955778,3.504392423193668e-07,0.179344300609367,3.504392423218553e-07,0.1793442993819484,3.504392423169184e-07,0.1793443050955778,3.504392423193668e-07,0.179344300609367,3.504392423218553e-07,0.1793442993819484,3.50140205004335e-07,0.209400612537302,3.501402050043836e-07,0.209400564980019,3.501402050044219e-07,0.209400525419429,3.50140205004335e-07,0.209400612537302,3.501402050043836e-07,0.209400564980019,3.501402050044219e-07,0.209400525419429,3.50140205004335e-07,0.209400612537302,3.501402050043836e-07,0.209400564980019,3.501402050044219e-07,0.209400525419429,3.502076570077417e-07,0.1844581848597836,3.502076570091635e-07,0.1844581364808095,3.502076570106084e-07,0.184458097902153,3.502076570077417e-07,0.1844581848597836,3.502076570091635e-07,0.1844581364808095,3.502076570106084e-07,0.184458097902153,3.502076570077417e-07,0.1844581848597836,3.502076570091635e-07,0.1844581364808095,3.502076570106084e-07,0.184458097902153,3.502078597075201e-07,0.1844209508834721,3.502078597089677e-07,0.184420915451799,3.502078597103917e-07,0.1844208840390788,3.502078597075201e-07,0.1844209508834721,3.502078597089677e-07,0.184420915451799,3.502078597103917e-07,0.1844208840390788,3.502078597075201e-07,0.1844209508834721,3.502078597089677e-07,0.184420915451799,3.502078597103917e-07,0.1844208840390788,3.502078674234863e-07,0.1849068447118796,3.502078674249939e-07,0.1849068218930963,3.502078674264267e-07,0.1849067961345532,3.502078674234863e-07,0.1849068447118796,3.502078674249939e-07,0.1849068218930963,3.502078674264267e-07,0.1849067961345532,3.502078674234863e-07,0.1849068447118796,3.502078674249939e-07,0.1849068218930963,3.502078674264267e-07,0.1849067961345532,3.502078197967465e-07,0.184912616443922,3.502078197981093e-07,0.1849125540018072,3.502078197996554e-07,0.1849125245197819,3.502078197967465e-07,0.184912616443922,3.502078197981093e-07,0.1849125540018072,3.502078197996554e-07,0.1849125245197819,3.502078197967465e-07,0.184912616443922,3.502078197981093e-07,0.1849125540018072,3.502078197996554e-07,0.1849125245197819,3.502556756314607e-07,0.1806046790199588,3.502556756313652e-07,0.1806046546063649,3.502556756311161e-07,0.1806046102447363,3.502556756314607e-07,0.1806046790199588,3.502556756313652e-07,0.1806046546063649,3.502556756311161e-07,0.1806046102447363,3.502556756314607e-07,0.1806046790199588,3.502556756313652e-07,0.1806046546063649,3.502556756311161e-07,0.1806046102447363
3.503030131192023e-07,0.1793354664649411,3.503030131207555e-07,0.1793354259555009,3.503030131223942e-07,0.1793354027762884,3.503030131192023e-07,0.1793354664649411,3.503030131207555e-07,0.1793354259555009,3.503030131223942e-07,0.1793354027762884,3.503030131192023e-07,0.1793354664649411,3.503030131207555e-07,0.1793354259555009,3.503030131223942e-07,0.1793354027762884,3.504393736970847e-07,0.1793360565189984,3.504393736997584e-07,0.179336022887436,3.504393737021511e-07,0.1793359885740878,3.504393736970847e-07,0.1793360565189984,3.504393736997584e-07,0.179336022887436,3.504393737021511e-07,0.1793359885740878,3.504393736970847e-07,0.1793360565189984,3.504393736997584e-07,0.179336022887436,3.504393737021511e-07,0.1793359885740878,3.505392021987108e-07,0.179416445045503,3.505392022016017e-07,0.1794164405299493,3.50539202204558e-07,0.1794164392736691,3.505392021987108e-07,0.179416445045503,3.505392022016017e-07,0.1794164405299493,3.50539202204558e-07,0.1794164392736691,3.505392021987108e-07,0.179416445045503,3.505392022016017e-07,0.1794164405299493,3.50539202204558e-07,0.1794164392736691,3.501656249217172e-07,0.1957963440517599,3.501656249217684e-07,0.1957962970255459,3.501656249218095e-07,0.1957962579921319,3.501656249217172e-07,0.1957963440517599,3.501656249217684e-07,0.1957962970255459,3.501656249218095e-07,0.1957962579921319,3.501656249217172e-07,0.1957963440517599,3.501656249217684e-07,0.1957962970255459,3.501656249218095e-07,0.1957962579921319,3.502545762923166e-07,0.1804224469672387,3.502545762922157e-07,0.1804223987381341,3.502545762921654e-07,0.1804223602629225,3.502545762923166e-07,0.1804224469672387,3.502545762922157e-07,0.1804223987381341,3.502545762921654e-07,0.1804223602629225,3.502545762923166e-07,0.1804224469672387,3.502545762922157e-07,0.1804223987381341,3.502545762921654e-07,0.1804223602629225,3.502546940573479e-07,0.1804428056102527,3.502546940572813e-07,0.1804427703266078,3.502546940572129e-07,0.1804427390582281,3.502546940573479e-07,0.1804428056102527,3.502546940572813e-07,0.1804427703266078,3.502546940572129e-07,0.1804427390582281,3.502546940573479e-07,0.1804428056102527,3.502546940572813e-07,0.1804427703266078,3.502546940572129e-07,0.1804427390582281,3.502560215752749e-07,0.1805388941448844,3.502560215750851e-07,0.1805388714535178,3.502560215748423e-07,0.180538845857002,3.502560215752749e-07,0.1805388941448844,3.502560215750851e-07,0.1805388714535178,3.502560215748423e-07,0.180538845857002,3.502560215752749e-07,0.1805388941448844,3.502560215750851e-07,0.1805388714535178,3.502560215748423e-07,0.180538845857002,3.502558452604756e-07,0.1805729435312962,3.502558452601625e-07,0.1805728812392697,3.502558452600363e-07,0.1805728519299291,3.502558452604756e-07,0.1805729435312962,3.502558452601625e-07,0.1805728812392697,3.502558452600363e-07,0.1805728519299291,3.502558452604756e-07,0.1805729435312962,3.502558452601625e-07,0.1805728812392697,3.502558452600363e-07,0.1805728519299291,3.503054497133903e-07,0.1795322105814203,3.503054497149613e-07,0.1795321861289293,3.503054497163518e-07,0.1795321417225221,3.503054497133903e-07,0.1795322105814203,3.503054497149613e-07,0.1795321861289293,3.503054497163518e-07,0.1795321417225221,3.503054497133903e-07,0.1795322105814203,3.503054497149613e-07,0.1795321861289293,3.503054497163518e-07,0.1795321417225221
3.503600322649207e-07,0.179232254938727,3.503600322666499e-07,0.1792322143869251,3.50360032268471e-07,0.1792321911668364,3.503600322649207e-07,0.179232254938727,3.503600322666499e-07,0.1792322143869251,3.50360032268471e-07,0.1792321911668364,3.503600322649207e-07,0.179232254938727,3.503600322666499e-07,0.1792322143869251,3.50360032268471e-07,0.1792321911668364,3.505392776734941e-07,0.1794136869756397,3.505392776766817e-07,0.1794136533149072,3.505392776795161e-07,0.1794136189726701,3.505392776734941e-07,0.1794136869756397,3.505392776766817e-07,0.1794136533149072,3.505392776795161e-07,0.1794136189726701,3.505392776734941e-07,0.1794136869756397,3.505392776766817e-07,0.1794136533149072,3.505392776795161e-07,0.1794136189726701,3.506757881578925e-07,0.1794447074915425,3.506757881612386e-07,0.1794447030081881,3.506757881647362e-07,0.1794447017850747,3.506757881578925e-07,0.1794447074915425,3.506757881612386e-07,0.1794447030081881,3.506757881647362e-07,0.1794447017850747,3.506757881578925e-07,0.1794447074915425,3.506757881612386e-07,0.1794447030081881,3.506757881647362e-07,0.1794447017850747,3.502077435634204e-07,0.1844438854098976,3.502077435647901e-07,0.1844438382616621,3.502077435661435e-07,0.1844437991000791,3.502077435634204e-07,0.1844438854098976,3.502077435647901e-07,0.1844438382616621,3.502077435661435e-07,0.1844437991000791,3.502077435634204e-07,0.1844438854098976,3.502077435647901e-07,0.1844438382616621,3.502077435661435e-07,0.1844437991000791,3.503038252363468e-07,0.1794372910861213,3.50303825237843e-07,0.1794372428170697,3.503038252393678e-07,0.1794372042842782,3.503038252363468e-07,0.1794372910861213,3.50303825237843e-07,0.1794372428170697,3.503038252393678e-07,0.1794372042842782,3.503038252363468e-07,0.1794372910861213,3.50303825237843e-07,0.1794372428170697,3.503038252393678e-07,0.1794372042842782,3.50303988193483e-07,0.1794617225537717,3.503039881950141e-07,0.1794616872318443,3.503039881965393e-07,0.1794616559255672,3.50303988193483e-07,0.1794617225537717,3.503039881950141e-07,0.1794616872318443,3.503039881965393e-07,0.1794616559255672,3.50303988193483e-07,0.1794617225537717,3.503039881950141e-07,0.1794616872318443,3.503039881965393e-07,0.1794616559255672,3.503058111752091e-07,0.179478478845306,3.503058111766583e-07,0.1794784560922046,3.503058111780671e-07,0.17947843045185,3.503058111752091e-07,0.179478478845306,3.503058111766583e-07,0.1794784560922046,3.503058111780671e-07,0.17947843045185,3.503058111752091e-07,0.179478478845306,3.503058111766583e-07,0.1794784560922046,3.503058111780671e-07,0.17947843045185,3.503056249072831e-07,0.1795062788339517,3.503056249086099e-07,0.1795062164954321,3.503056249101505e-07,0.1795061871458607,3.503056249072831e-07,0.1795062788339517,3.503056249086099e-07,0.1795062164954321,3.503056249101505e-07,0.1795061871458607,3.503056249072831e-07,0.1795062788339517,3.503056249086099e-07,0.1795062164954321,3.503056249101505e-07,0.1795061871458607,3.50362965194493e-07,0.1793297841284772,3.503629651962052e-07,0.1793297596364516,3.503629651976942e-07,0.1793297151872738,3.50362965194493e-07,0.1793297841284772,3.503629651962052e-07,0.1793297596364516,3.503629651976942e-07,0.1793297151872738,3.50362965194493e-07,0.1793297841284772,3.503629651962052e-07,0.1793297596364516,3.503629651976942e-07,0.1793297151872738
3.504395030716078e-07,0.1793267685820281,3.504395030743356e-07,0.1793267280779468,3.504395030771921e-07,0.1793267049054577,3.504395030716078e-07,0.1793267685820281,3.504395030743356e-07,0.1793267280779468,3.504395030771921e-07,0.1793267049054577,3.504395030716078e-07,0.1793267685820281,3.504395030743356e-07,0.1793267280779468,3.504395030771921e-07,0.1793267049054577,3.506757538408219e-07,0.1794442789978552,3.506757538446272e-07,0.1794442453708429,3.506757538479436e-07,0.1794442110621165,3.506757538408219e-07,0.1794442789978552,3.506757538446272e-07,0.1794442453708429,3.506757538479436e-07,0.1794442110621165,3.506757538408219e-07,0.1794442789978552,3.506757538446272e-07,0.1794442453708429,3.506757538479436e-07,0.1794442110621165,3.508763177225866e-07,0.1794486203665364,3.508763177292977e-07,0.1794486158485862,3.508763177359597e-07,0.1794486145923115,3.508763177225866e-07,0.1794486203665364,3.508763177292977e-07,0.1794486158485862,3.508763177359597e-07,0.1794486145923115,3.508763177225866e-07,0.1794486203665364,3.508763177292977e-07,0.1794486158485862,3.508763177359597e-07,0.1794486145923115,3.502547749447398e-07,0.1803875765211145,3.502547749445371e-07,0.1803875295216141,3.502547749443412e-07,0.1803874905058063,3.502547749447398e-07,0.1803875765211145,3.502547749445371e-07,0.1803875295216141,3.502547749443412e-07,0.1803874905058063,3.502547749447398e-07,0.1803875765211145,3.502547749445371e-07,0.1803875295216141,3.502547749443412e-07,0.1803874905058063,3.503610576683811e-07,0.1792810636770886,3.5036105767001e-07,0.1792810153678601,3.503610576717129e-07,0.1792809767949312,3.503610576683811e-07,0.1792810636770886,3.5036105767001e-07,0.1792810153678601,3.503610576717129e-07,0.1792809767949312,3.503610576683811e-07,0.1792810636770886,3.5036105767001e-07,0.1792810153678601,3.503610576717129e-07,0.1792809767949312,3.503612265247227e-07,0.1792993901678994,3.503612265263884e-07,0.1792993548069226,3.503612265280389e-07,0.1792993234623966,3.503612265247227e-07,0.1792993901678994,3.503612265263884e-07,0.1792993548069226,3.503612265280389e-07,0.1792993234623966,3.503612265247227e-07,0.1792993901678994,3.503612265263884e-07,0.1792993548069226,3.503612265280389e-07,0.1792993234623966,3.50363375848214e-07,0.1792941261375834,3.503633758498302e-07,0.1792941033383232,3.503633758513452e-07,0.1792940776546144,3.50363375848214e-07,0.1792941261375834,3.503633758498302e-07,0.1792941033383232,3.503633758513452e-07,0.1792940776546144,3.50363375848214e-07,0.1792941261375834,3.503633758498302e-07,0.1792941033383232,3.503633758513452e-07,0.1792940776546144,3.503631636803611e-07,0.1793127347197065,3.503631636817836e-07,0.1793126723373346,3.503631636834535e-07,0.1793126429463966,3.503631636803611e-07,0.1793127347197065,3.503631636817836e-07,0.1793126723373346,3.503631636834535e-07,0.1793126429463966,3.503631636803611e-07,0.1793127347197065,3.503631636817836e-07,0.1793126723373346,3.503631636834535e-07,0.1793126429463966,3.504416225545828e-07,0.1793649377140914,3.504416225572695e-07,0.1793649132730102,3.504416225596046e-07,0.1793648688709044,3.504416225545828e-07,0.1793649377140914,3.504416225572695e-07,0.1793649132730102,3.504416225596046e-07,0.1793648688709044,3.504416225545828e-07,0.1793649377140914,3.504416225572695e-07,0.1793649132730102,3.504416225596046e-07,0.1793648688709044
3.505393468930727e-07,0.1794101197149312,3.505393468963289e-07,0.1794100791814914,3.505393468997477e-07,0.1794100559797253,3.505393468930727e-07,0.1794101197149312,3.505393468963289e-07,0.1794100791814914,3.505393468997477e-07,0.1794100559797253,3.505393468930727e-07,0.1794101197149312,3.505393468963289e-07,0.1794100791814914,3.505393468997477e-07,0.1794100559797253,3.508760854865219e-07,0.179448648908274,3.508760854936454e-07,0.1794486152476764,3.508760855000172e-07,0.1794485809056799,3.508760854865219e-07,0.179448648908274,3.508760854936454e-07,0.1794486152476764,3.508760855000172e-07,0.1794485809056799,3.508760854865219e-07,0.179448648908274,3.508760854936454e-07,0.1794486152476764,3.508760855000172e-07,0.1794485809056799,3.51233634661123e-07,0.1794483493843984,3.512336346695068e-07,0.1794483448998079,3.512336346781528e-07,0.1794483436762315,3.51233634661123e-07,0.1794483493843984,3.512336346695068e-07,0.1794483448998079,3.512336346781528e-07,0.1794483436762315,3.51233634661123e-07,0.1794483493843984,3.512336346695068e-07,0.1794483448998079,3.512336346781528e-07,0.1794483436762315,3.503040446102491e-07,0.1794093026468665,3.503040446116337e-07,0.1794092556039648,3.503040446130225e-07,0.1794092165454039,3.503040446102491e-07,0.1794093026468665,3.503040446116337e-07,0.1794092556039648,3.503040446130225e-07,0.1794092165454039,3.503040446102491e-07,0.1794093026468665,3.503040446116337e-07,0.1794092556039648,3.503040446130225e-07,0.1794092165454039,3.504399108554259e-07,0.1793451603680363,3.504399108580103e-07,0.179345112105836,3.504399108606e-07,0.1793450735934355,3.504399108554259e-07,0.1793451603680363,3.504399108580103e-07,0.179345112105836,3.504399108606e-07,0.1793450735934355,3.504399108554259e-07,0.1793451603680363,3.504399108580103e-07,0.179345112105836,3.504399108606e-07,0.1793450735934355,3.50440286738672e-07,0.1793549899378772,3.504402867412941e-07,0.1793549546239907,3.504402867438819e-07,0.1793549233262291,3.50440286738672e-07,0.1793549899378772,3.504402867412941e-07,0.1793549546239907,3.504402867438819e-07,0.1793549233262291,3.50440286738672e-07,0.1793549899378772,3.504402867412941e-07,0.1793549546239907,3.504402867438819e-07,0.1793549233262291,3.50441993636866e-07,0.1793471791157917,3.504419936393631e-07,0.1793471563788055,3.504419936417797e-07,0.1793471307441635,3.50441993636866e-07,0.1793471791157917,3.504419936393631e-07,0.1793471563788055,3.504419936417797e-07,0.1793471307441635,3.50441993636866e-07,0.1793471791157917,3.504419936393631e-07,0.1793471563788055,3.504419936417797e-07,0.1793471307441635,3.504417906942429e-07,0.1793567033435139,3.504417906965157e-07,0.1793566410102642,3.50441790699153e-07,0.1793566116685275,3.504417906942429e-07,0.1793567033435139,3.504417906965157e-07,0.1793566410102642,3.50441790699153e-07,0.1793566116685275,3.504417906942429e-07,0.1793567033435139,3.504417906965157e-07,0.1793566410102642,3.50441790699153e-07,0.1793566116685275,3.505418812186219e-07,0.1794249149719017,3.505418812217815e-07,0.17942489050264,3.505418812245041e-07,0.1794248460681528,3.505418812186219e-07,0.1794249149719017,3.505418812217815e-07,0.17942489050264,3.505418812245041e-07,0.1794248460681528,3.505418812186219e-07,0.1794249149719017,3.505418812217815e-07,0.17942489050264,3.505418812245041e-07,0.1794248460681528
3.50675708686638e-07,0.1794431704310179,3.506757086905323e-07,0.1794431299314765,3.50675708694669e-07,0.1794431067632879,3.50675708686638e-07,0.1794431704310179,3.506757086905323e-07,0.1794431299314765,3.50675708694669e-07,0.1794431067632879,3.50675708686638e-07,0.1794431704310179,3.506757086905323e-07,0.1794431299314765,3.50675708694669e-07,0.1794431067632879,3.512328603567399e-07,0.1794483524282844,3.512328603663104e-07,0.1794483188013258,3.512328603743837e-07,0.1794482844925237,3.512328603567399e-07,0.1794483524282844,3.512328603663104e-07,0.1794483188013258,3.512328603743837e-07,0.1794482844925237,3.512328603567399e-07,0.1794483524282844,3.512328603663104e-07,0.1794483188013258,3.512328603743837e-07,0.1794482844925237,3.519482685381959e-07,0.1794483323250048,3.51948268549925e-07,0.1794483278085287,3.51948268562539e-07,0.17944832655324,3.519482685381959e-07,0.1794483323250048,3.51948268549925e-07,0.1794483278085287,3.51948268562539e-07,0.17944832655324,3.519482685381959e-07,0.1794483323250048,3.51948268549925e-07,0.1794483278085287,3.51948268562539e-07,0.17944832655324,3.503613130258834e-07,0.1792626957106544,3.503613130273889e-07,0.1792626486256821,3.503613130288918e-07,0.1792626095259828,3.503613130258834e-07,0.1792626957106544,3.503613130273889e-07,0.1792626486256821,3.503613130288918e-07,0.1792626095259828,3.503613130258834e-07,0.1792626957106544,3.503613130273889e-07,0.1792626486256821,3.503613130288918e-07,0.1792626095259828,3.505397871751405e-07,0.1794171771857863,3.505397871781692e-07,0.1794171288948733,3.505397871811932e-07,0.1794170903539426,3.505397871751405e-07,0.1794171771857863,3.505397871781692e-07,0.1794171288948733,3.505397871811932e-07,0.1794170903539426,3.505397871751405e-07,0.1794171771857863,3.505397871781692e-07,0.1794171288948733,3.505397871811932e-07,0.1794170903539426,3.505403527331182e-07,0.179421339689038,3.505403527361927e-07,0.1794213043462995,3.505403527392246e-07,0.1794212730197695,3.505403527331182e-07,0.179421339689038,3.505403527361927e-07,0.1794213043462995,3.505403527392246e-07,0.1794212730197695,3.505403527331182e-07,0.179421339689038,3.505403527361927e-07,0.1794213043462995,3.505403527392246e-07,0.1794212730197695,3.505421834393597e-07,0.1794181715874417,3.505421834422681e-07,0.1794181488200741,3.505421834450865e-07,0.1794181231547958,3.505421834393597e-07,0.1794181715874417,3.505421834422681e-07,0.1794181488200741,3.505421834450865e-07,0.1794181231547958,3.505421834393597e-07,0.1794181715874417,3.505421834422681e-07,0.1794181488200741,3.505421834450865e-07,0.1794181231547958,3.505420116279456e-07,0.1794220804518495,3.505420116305813e-07,0.1794220180883668,3.505420116336809e-07,0.1794219887158402,3.505420116279456e-07,0.1794220804518495,3.505420116305813e-07,0.1794220180883668,3.505420116336809e-07,0.1794219887158402,3.505420116279456e-07,0.1794220804518495,3.505420116305813e-07,0.1794220180883668,3.505420116336809e-07,0.1794219887158402,3.506774074683549e-07,0.1794508827312971,3.506774074721073e-07,0.1794508582995651,3.506774074752562e-07,0.1794508138967713,3.506774074683549e-07,0.1794508827312971,3.506774074721073e-07,0.1794508582995651,3.506774074752562e-07,0.1794508138967713,3.506774074683549e-07,0.1794508827312971,3.506774074721073e-07,0.1794508582995651,3.506774074752562e-07,0.1794508138967713
3.508758313000481e-07,0.1794480656352057,3.508758313072976e-07,0.1794480251017192,3.508758313149149e-07,0.1794480018998926,3.508758313000481e-07,0.1794480656352057,3.508758313072976e-07,0.1794480251017192,3.508758313149149e-07,0.1794480018998926,3.508758313000481e-07,0.1794480656352057,3.508758313072976e-07,0.1794480251017192,3.508758313149149e-07,0.1794480018998926,3.519464100971758e-07,0.1794483414912397,3.519464101116404e-07,0.1794483078329085,3.519464101231169e-07,0.1794482734926521,3.519464100971758e-07,0.1794483414912397,3.519464101116404e-07,0.1794483078329085,3.519464101231169e-07,0.1794482734926521,3.519464100971758e-07,0.1794483414912397,3.519464101116404e-07,0.1794483078329085,3.519464101231169e-07,0.1794482734926521,3.533775362923416e-07,0.1794483998334027,3.533775363107614e-07,0.1794483953331273,3.533775363313115e-07,0.1794483940933691,3.533775362923416e-07,0.1794483998334027,3.533775363107614e-07,0.1794483953331273,3.533775363313115e-07,0.1794483940933691,3.533775362923416e-07,0.1794483998334027,3.533775363107614e-07,0.1794483953331273,3.533775363313115e-07,0.1794483940933691,3.504401895440767e-07,0.1793361410815296,3.504401895465092e-07,0.1793360940435795,3.504401895489259e-07,0.179336054990633,3.504401895440767e-07,0.1793361410815296,3.504401895465092e-07,0.1793360940435795,3.504401895489259e-07,0.179336054990633,3.504401895440767e-07,0.1793361410815296,3.504401895465092e-07,0.1793360940435795,3.504401895489259e-07,0.179336054990633,3.506753574675416e-07,0.1794472197479753,3.506753574711394e-07,0.1794471714907817,3.50675357474691e-07,0.179447132982102,3.506753574675416e-07,0.1794472197479753,3.506753574711394e-07,0.1794471714907817,3.50675357474691e-07,0.179447132982102,3.506753574675416e-07,0.1794472197479753,3.506753574711394e-07,0.1794471714907817,3.50675357474691e-07,0.179447132982102,3.506763076712339e-07,0.1794488452066989,3.50676307674909e-07,0.17944880989715,3.506763076785372e-07,0.1794487786036996,3.506763076712339e-07,0.1794488452066989,3.50676307674909e-07,0.17944880989715,3.506763076785372e-07,0.1794487786036996,3.506763076712339e-07,0.1794488452066989,3.50676307674909e-07,0.17944880989715,3.506763076785372e-07,0.1794487786036996,3.50677559012007e-07,0.1794487900650152,3.506775590153219e-07,0.179448767332444,3.506775590185815e-07,0.1794487417025949,3.50677559012007e-07,0.1794487900650152,3.506775590153219e-07,0.179448767332444,3.506775590185815e-07,0.1794487417025949,3.50677559012007e-07,0.1794487900650152,3.506775590153219e-07,0.179448767332444,3.506775590185815e-07,0.1794487417025949,3.506774535335972e-07,0.1794503206767581,3.506774535365985e-07,0.1794502583487094,3.506774535402654e-07,0.1794502290111211,3.506774535335972e-07,0.1794503206767581,3.506774535365985e-07,0.1794502583487094,3.506774535402654e-07,0.1794502290111211,3.506774535335972e-07,0.1794503206767581,3.506774535365985e-07,0.1794502583487094,3.506774535402654e-07,0.1794502290111211,3.508746017302955e-07,0.1794541246369248,3.508746017372418e-07,0.1794541001750108,3.508746017432808e-07,0.1794540557338817,3.508746017302955e-07,0.1794541246369248,3.508746017372418e-07,0.1794541001750108,3.508746017432808e-07,0.1794540557338817,3.508746017302955e-07,0.1794541246369248,3.508746017372418e-07,0.1794541001750108,3.508746017432808e-07,0.1794540557338817
3.512320586661511e-07,0.1794477440166002,3.51232058675983e-07,0.1794477035169212,3.512320586865679e-07,0.1794476803485477,3.512320586661511e-07,0.1794477440166002,3.51232058675983e-07,0.1794477035169212,3.512320586865679e-07,0.1794476803485477,3.512320586661511e-07,0.1794477440166002,3.51232058675983e-07,0.1794477035169212,3.512320586865679e-07,0.1794476803485477,3.533735095780477e-07,0.1794484069715335,3.533735096023004e-07,0.179448373330573,3.533735096205832e-07,0.1794483390069714,3.533735095780477e-07,0.1794484069715335,3.533735096023004e-07,0.179448373330573,3.533735096205832e-07,0.1794483390069714,3.533735095780477e-07,0.1794484069715335,3.533735096023004e-07,0.179448373330573,3.533735096205832e-07,0.1794483390069714,3.56236071800633e-07,0.1794483495955099,3.562360718324342e-07,0.1794483450955373,3.562360718688564e-07,0.1794483438566374,3.56236071800633e-07,0.1794483495955099,3.562360718324342e-07,0.1794483450955373,3.562360718688564e-07,0.1794483438566374,3.56236071800633e-07,0.1794483495955099,3.562360718324342e-07,0.1794483450955373,3.562360718688564e-07,0.1794483438566374,3.505400599193284e-07,0.179413810382661,3.505400599221575e-07,0.1794137633158512,3.505400599249688e-07,0.1794137242343941,3.505400599193284e-07,0.179413810382661,3.505400599221575e-07,0.1794137633158512,3.505400599249688e-07,0.1794137242343941,3.505400599193284e-07,0.179413810382661,3.505400599221575e-07,0.1794137633158512,3.505400599249688e-07,0.1794137242343941,3.508733772540124e-07,0.1794509225587218,3.508733772606879e-07,0.1794508742682889,3.508733772675695e-07,0.1794508357250683,3.508733772540124e-07,0.1794509225587218,3.508733772606879e-07,0.1794508742682889,3.508733772675695e-07,0.1794508357250683,3.508733772540124e-07,0.1794509225587218,3.508733772606879e-07,0.1794508742682889,3.508733772675695e-07,0.1794508357250683,3.508749889865248e-07,0.1794520354505893,3.508749889933493e-07,0.1794520001073999,3.508749890001e-07,0.1794519687809757,3.508749889865248e-07,0.1794520354505893,3.508749889933493e-07,0.1794520001073999,3.508749890001e-07,0.1794519687809757,3.508749889865248e-07,0.1794520354505893,3.508749889933493e-07,0.1794520001073999,3.508749890001e-07,0.1794519687809757,3.50874502559155e-07,0.1794528673770912,3.50874502565694e-07,0.1794528446084758,3.508745025718961e-07,0.1794528189436984,3.50874502559155e-07,0.1794528673770912,3.50874502565694e-07,0.1794528446084758,3.508745025718961e-07,0.1794528189436984,3.50874502559155e-07,0.1794528673770912,3.50874502565694e-07,0.1794528446084758,3.508745025718961e-07,0.1794528189436984,3.508745097302297e-07,0.1794540077104751,3.508745097360275e-07,0.1794539453480736,3.508745097428413e-07,0.1794539159756846,3.508745097302297e-07,0.1794540077104751,3.508745097360275e-07,0.1794539453480736,3.508745097428413e-07,0.1794539159756846,3.508745097302297e-07,0.1794540077104751,3.508745097360275e-07,0.1794539453480736,3.508745097428413e-07,0.1794539159756846,3.512167020556734e-07,0.1794542585805789,3.512167020649206e-07,0.1794542341597004,3.512167020723933e-07,0.179454189744718,3.512167020556734e-07,0.1794542585805789,3.512167020649206e-07,0.1794542341597004,3.512167020723933e-07,0.179454189744718,3.512167020556734e-07,0.1794542585805789,3.512167020649206e-07,0.1794542341597004,3.512167020723933e-07,0.179454189744718
3.519445133983571e-07,0.1794477400853002,3.519445134133536e-07,0.1794476995536991,3.519445134298737e-07,0.1794476763535123,3.519445133983571e-07,0.1794477400853002,3.519445134133536e-07,0.1794476995536991,3.519445134298737e-07,0.1794476763535123,3.519445133983571e-07,0.1794477400853002,3.519445134133536e-07,0.1794476995536991,3.519445134298737e-07,0.1794476763535123,3.562277085397914e-07,0.1794483522537655,3.562277085836203e-07,0.1794483186160044,3.562277086155158e-07,0.1794482842944325,3.562277085397914e-07,0.1794483522537655,3.562277085836203e-07,0.1794483186160044,3.562277086155158e-07,0.1794482842944325,3.562277085397914e-07,0.1794483522537655,3.562277085836203e-07,0.1794483186160044,3.562277086155158e-07,0.1794482842944325,3.619531428172157e-07,0.1794483656137354,3.619531428757798e-07,0.1794483611149486,3.619531429439463e-07,0.179448359878693,3.619531428172157e-07,0.1794483656137354,3.619531428757798e-07,0.1794483611149486,3.619531429439463e-07,0.179448359878693,3.619531428172157e-07,0.1794483656137354,3.619531428757798e-07,0.1794483611149486,3.619531429439463e-07,0.179448359878693,3.506756146397423e-07,0.1794462361890781,3.506756146430429e-07,0.1794461891563657,3.506756146463335e-07,0.1794461501087413,3.506756146397423e-07,0.1794462361890781,3.506756146430429e-07,0.1794461891563657,3.506756146463335e-07,0.1794461501087413,3.506756146397423e-07,0.1794462361890781,3.506756146430429e-07,0.1794461891563657,3.506756146463335e-07,0.1794461501087413,3.512204707136646e-07,0.1794510652073413,3.512204707225222e-07,0.1794510169499371,3.512204707315112e-07,0.1794509784403567,3.512204707136646e-07,0.1794510652073413,3.512204707225222e-07,0.1794510169499371,3.512204707315112e-07,0.1794509784403567,3.512204707136646e-07,0.1794510652073413,3.512204707225222e-07,0.1794510169499371,3.512204707315112e-07,0.1794509784403567,3.512239419094424e-07,0.1794521759686218,3.512239419185608e-07,0.1794521406580293,3.512239419275425e-07,0.1794521093639007,3.512239419094424e-07,0.1794521759686218,3.512239419185608e-07,0.1794521406580293,3.512239419275425e-07,0.1794521093639007,3.512239419094424e-07,0.1794521759686218,3.512239419185608e-07,0.1794521406580293,3.512239419275425e-07,0.1794521093639007,3.512158806591898e-07,0.1794531446894604,3.512158806673757e-07,0.1794531219563237,3.512158806751426e-07,0.179453096326355,3.512158806591898e-07,0.1794531446894604,3.512158806673757e-07,0.1794531219563237,3.512158806751426e-07,0.179453096326355,3.512158806591898e-07,0.1794531446894604,3.512158806673757e-07,0.1794531219563237,3.512158806751426e-07,0.179453096326355,3.512161990942902e-07,0.1794541258326125,3.512161991012964e-07,0.1794540635048323,3.512161991102644e-07,0.1794540341662361,3.512161990942902e-07,0.1794541258326125,3.512161991012964e-07,0.1794540635048323,3.512161991102644e-07,0.1794540341662361,3.512161990942902e-07,0.1794541258326125,3.512161991012964e-07,0.1794540635048323,3.512161991102644e-07,0.1794540341662361,3.51900902706429e-07,0.1794539461221171,3.51900902720278e-07,0.179453921683427,3.519009027306184e-07,0.1794538772221234,3.51900902706429e-07,0.1794539461221171,3.51900902720278e-07,0.179453921683427,3.519009027306184e-07,0.1794538772221234,3.51900902706429e-07,0.1794539461221171,3.51900902720278e-07,0.179453921683427,3.519009027306184e-07,0.1794538772221234
3.533694228627691e-07,0.1794478059770482,3.53369422888095e-07,0.1794477654622266,3.533694229164854e-07,0.1794477422786726,3.533694228627691e-07,0.1794478059770482,3.53369422888095e-07,0.1794477654622266,3.533694229164854e-07,0.1794477422786726,3.533694228627691e-07,0.1794478059770482,3.53369422888095e-07,0.1794477654622266,3.533694229164854e-07,0.1794477422786726,3.619361064632789e-07,0.179448367499513,3.619361065462602e-07,0.1794483338656487,3.61936106605381e-07,0.1794482995490669,3.619361064632789e-07,0.179448367499513,3.619361065462602e-07,0.1794483338656487,3.61936106605381e-07,0.1794482995490669,3.619361064632789e-07,0.179448367499513,3.619361065462602e-07,0.1794483338656487,3.61936106605381e-07,0.1794482995490669,3.733872848503813e-07,0.1794482413119033,3.733872849624711e-07,0.1794482368129636,3.733872850941261e-07,0.1794482355792141,3.733872848503813e-07,0.1794482413119033,3.733872849624711e-07,0.1794482368129636,3.733872850941261e-07,0.1794482355792141,3.733872848503813e-07,0.1794482413119033,3.733872849624711e-07,0.1794482368129636,3.733872850941261e-07,0.1794482355792141,3.508736138826851e-07,0.1794503261852779,3.508736138888925e-07,0.1794502791189323,3.508736138950835e-07,0.1794502400382742,3.508736138826851e-07,0.1794503261852779,3.508736138888925e-07,0.1794502791189323,3.508736138950835e-07,0.1794502400382742,3.508736138826851e-07,0.1794503261852779,3.508736138888925e-07,0.1794502791189323,3.508736138950835e-07,0.1794502400382742,3.519146576329691e-07,0.1794507269768803,3.519146576461909e-07,0.1794506786886544,3.519146576593945e-07,0.1794506401477344,3.519146576329691e-07,0.1794507269768803,3.519146576461909e-07,0.1794506786886544,3.519146576593945e-07,0.1794506401477344,3.519146576329691e-07,0.1794507269768803,3.519146576461909e-07,0.1794506786886544,3.519146576593945e-07,0.1794506401477344,3.519218477552776e-07,0.1794518628470113,3.519218477689839e-07,0.1794518275042667,3.519218477824276e-07,0.1794517961785953,3.519218477552776e-07,0.1794518628470113,3.519218477689839e-07,0.1794518275042667,3.519218477824276e-07,0.1794517961785953,3.519218477552776e-07,0.1794518628470113,3.519218477689839e-07,0.1794518275042667,3.519218477824276e-07,0.1794517961785953,3.518986368592592e-07,0.1794527260264716,3.518986368707391e-07,0.1794527032615079,3.518986368816356e-07,0.1794526775992841,3.518986368592592e-07,0.1794527260264716,3.518986368707391e-07,0.1794527032615079,3.518986368816356e-07,0.1794526775992841,3.518986368592592e-07,0.1794527260264716,3.518986368707391e-07,0.1794527032615079,3.518986368816356e-07,0.1794526775992841,3.518995778224112e-07,0.179453811541058,3.518995778318341e-07,0.1794537491818706,3.518995778451105e-07,0.1794537198109686,3.518995778224112e-07,0.179453811541058,3.518995778318341e-07,0.1794537491818706,3.518995778451105e-07,0.1794537198109686,3.518995778224112e-07,0.179453811541058,3.518995778318341e-07,0.1794537491818706,3.518995778451105e-07,0.1794537198109686,3.532693040079402e-07,0.1794541242364218,3.532693040309929e-07,0.1794540998429243,3.532693040470686e-07,0.1794540553694358,3.532693040079402e-07,0.1794541242364218,3.532693040309929e-07,0.1794540998429243,3.532693040470686e-07,0.1794540553694358,3.532693040079402e-07,0.1794541242364218,3.532693040309929e-07,0.1794540998429243,3.532693040470686e-07,0.1794540553694358
3.562192417915931e-07,0.1794477518257539,3.562192418375777e-07,0.179447711311585,3.562192418897087e-07,0.1794476881306308,3.562192417915931e-07,0.1794477518257539,3.562192418375777e-07,0.179447711311585,3.562192418897087e-07,0.1794476881306308,3.562192417915931e-07,0.1794477518257539,3.562192418375777e-07,0.179447711311585,3.562192418897087e-07,0.1794476881306308,3.733529023102539e-07,0.1794482382861824,3.7335290247154e-07,0.1794482046584653,3.733529025851115e-07,0.1794481703441659,3.733529023102539e-07,0.1794482382861824,3.7335290247154e-07,0.1794482046584653,3.733529025851115e-07,0.1794481703441659,3.733529023102539e-07,0.1794482382861824,3.7335290247154e-07,0.1794482046584653,3.733529025851115e-07,0.1794481703441659,3.893872848503813e-07,0.1794481524058896,3.893872849624711e-07,0.1794481479067035,3.893872850941261e-07,0.1794481466757459,3.893872848503813e-07,0.1794481524058896,3.893872849624711e-07,0.1794481479067035,3.893872850941261e-07,0.1794481466757459,3.893872848503813e-07,0.1794481524058896,3.893872849624711e-07,0.1794481479067035,3.893872850941261e-07,0.1794481466757459,3.512206425377298e-07,0.1794506244199809,3.512206425456791e-07,0.1794505773872302,3.512206425536203e-07,0.1794505383403233,3.512206425377298e-07,0.1794506244199809,3.512206425456791e-07,0.1794505773872302,3.512206425536203e-07,0.1794505383403233,3.512206425377298e-07,0.1794506244199809,3.512206425456791e-07,0.1794505773872302,3.512206425536203e-07,0.1794505383403233,3.53303031471578e-07,0.1794509189855443,3.533030314935284e-07,0.1794508707148427,3.533030315151612e-07,0.1794508321910592,3.53303031471578e-07,0.1794509189855443,3.533030314935284e-07,0.1794508707148427,3.533030315151612e-07,0.1794508321910592,3.53303031471578e-07,0.1794509189855443,3.533030314935284e-07,0.1794508707148427,3.533030315151612e-07,0.1794508321910592,3.533176594469481e-07,0.1794520444449079,3.5331765946983e-07,0.1794520091172744,3.533176594921979e-07,0.1794519778067888,3.533176594469481e-07,0.1794520444449079,3.5331765946983e-07,0.1794520091172744,3.533176594921979e-07,0.1794519778067888,3.533176594469481e-07,0.1794520444449079,3.5331765946983e-07,0.1794520091172744,3.533176594921979e-07,0.1794519778067888,3.532641492593982e-07,0.1794529394601001,3.532641492774658e-07,0.1794529167149643,3.532641492946214e-07,0.1794528910707229,3.532641492593982e-07,0.1794529394601001,3.532641492774658e-07,0.1794529167149643,3.532641492946214e-07,0.1794528910707229,3.532641492593982e-07,0.1794529394601001,3.532641492774658e-07,0.1794529167149643,3.532641492946214e-07,0.1794528910707229,3.532663352786531e-07,0.1794541569559537,3.532663352929096e-07,0.1794540946333244,3.532663353148026e-07,0.1794540652957262,3.532663352786531e-07,0.1794541569559537,3.532663352929096e-07,0.1794540946333244,3.532663353148026e-07,0.1794540652957262,3.532663352786531e-07,0.1794541569559537,3.532663352929096e-07,0.1794540946333244,3.532663353148026e-07,0.1794540652957262,3.560061066109628e-07,0.1794540979489054,3.560061066524228e-07,0.1794540736107573,3.560061066799689e-07,0.1794540290848352,3.560061066109628e-07,0.1794540979489054,3.560061066524228e-07,0.1794540736107573,3.560061066799689e-07,0.1794540290848352,3.560061066109628e-07,0.1794540979489054,3.560061066524228e-07,0.1794540736107573,3.560061066799689e-07,0.1794540290848352
3.619188796492411e-07,0.1794477746164699,3.619188797365432e-07,0.1794477341081614,3.619188798361555e-07,0.1794477109293507,3.619188796492411e-07,0.1794477746164699,3.619188797365432e-07,0.1794477341081614,3.619188798361555e-07,0.1794477109293507,3.619188796492411e-07,0.1794477746164699,3.619188797365432e-07,0.1794477341081614,3.619188798361555e-07,0.1794477109293507,3.893529023102539e-07,0.1794481478582401,3.8935290247154e-07,0.1794481142385665,3.893529025851115e-07,0.1794480799269373,3.893529023102539e-07,0.1794481478582401,3.8935290247154e-07,0.1794481142385665,3.893529025851115e-07,0.1794480799269373,3.893529023102539e-07,0.1794481478582401,3.8935290247154e-07,0.1794481142385665,3.893529025851115e-07,0.1794480799269373,4.053872848503813e-07,0.1794479764723701,4.05387284962471e-07,0.179447971970548,4.053872850941261e-07,0.1794479707413728,4.053872848503813e-07,0.1794479764723701,4.05387284962471e-07,0.179447971970548,4.053872850941261e-07,0.1794479707413728,4.053872848503813e-07,0.1794479764723701,4.05387284962471e-07,0.179447971970548,4.053872850941261e-07,0.1794479707413728,3.519146998478192e-07,0.1794501868144184,3.519146998592523e-07,0.1794501397505566,3.519146998706938e-07,0.1794501006735536,3.519146998478192e-07,0.1794501868144184,3.519146998592523e-07,0.1794501397505566,3.519146998706938e-07,0.1794501006735536,3.519146998478192e-07,0.1794501868144184,3.519146998592523e-07,0.1794501397505566,3.519146998706938e-07,0.1794501006735536,3.560797791487959e-07,0.1794508879849871,3.560797791882032e-07,0.179450839717629,3.560797792266945e-07,0.1794508011973021,3.560797791487959e-07,0.1794508879849871,3.560797791882032e-07,0.179450839717629,3.560797792266945e-07,0.1794508011973021,3.560797791487959e-07,0.1794508879849871,3.560797791882032e-07,0.179450839717629,3.560797792266945e-07,0.1794508011973021,3.561092828302889e-07,0.1794520224481531,3.561092828715223e-07,0.1794519871184596,3.561092829117384e-07,0.1794519558083237,3.561092828302889e-07,0.1794520224481531,3.561092828715223e-07,0.1794519871184596,3.561092829117384e-07,0.1794519558083237,3.561092828302889e-07,0.1794520224481531,3.561092828715223e-07,0.1794519871184596,3.561092829117384e-07,0.1794519558083237,3.55995174059676e-07,0.1794529102923649,3.559951740909193e-07,0.1794528875546905,3.559951741205932e-07,0.1794528619138555,3.55995174059676e-07,0.1794529102923649,3.559951740909193e-07,0.1794528875546905,3.559951741205932e-07,0.1794528619138555,3.55995174059676e-07,0.1794529102923649,3.559951740909193e-07,0.1794528875546905,3.559951741205932e-07,0.1794528619138555,3.559998501911369e-07,0.1794539629467463,3.559998502150607e-07,0.1794539006151485,3.55999850254187e-07,0.1794538712622778,3.559998501911369e-07,0.1794539629467463,3.559998502150607e-07,0.1794539006151485,3.55999850254187e-07,0.1794538712622778,3.559998501911369e-07,0.1794539629467463,3.559998502150607e-07,0.1794539006151485,3.55999850254187e-07,0.1794538712622778,3.614797118170078e-07,0.1794540796742838,3.614797118952824e-07,0.1794540554389448,3.614797119457696e-07,0.1794540108172506,3.614797118170078e-07,0.1794540796742838,3.614797118952824e-07,0.1794540554389448,3.614797119457696e-07,0.1794540108172506,3.614797118170078e-07,0.1794540796742838,3.614797118952824e-07,0.1794540554389448,3.614797119457696e-07,0.1794540108172506
3.733181553645372e-07,0.179447653011709,3.733181555344741e-07,0.1794476125039697,3.733181557290489e-07,0.1794475893323811,3.733181553645372e-07,0.179447653011709,3.733181555344741e-07,0.1794476125039697,3.733181557290489e-07,0.1794475893323811,3.733181553645372e-07,0.179447653011709,3.733181555344741e-07,0.1794476125039697,3.733181557290489e-07,0.1794475893323811,4.053529023102539e-07,0.1794479681899478,4.0535290247154e-07,0.1794479345731853,4.053529025851115e-07,0.1794479002685753,4.053529023102539e-07,0.1794479681899478,4.0535290247154e-07,0.1794479345731853,4.053529025851115e-07,0.1794479002685753,4.053529023102539e-07,0.1794479681899478,4.0535290247154e-07,0.1794479345731853,4.053529025851115e-07,0.1794479002685753,4.213872848503813e-07,0.1794478788115769,4.21387284962471e-07,0.1794478743097257,4.21387285094126e-07,0.1794478730782436,4.213872848503813e-07,0.1794478788115769,4.21387284962471e-07,0.1794478743097257,4.21387285094126e-07,0.1794478730782436,4.213872848503813e-07,0.1794478788115769,4.21387284962471e-07,0.1794478743097257,4.21387285094126e-07,0.1794478730782436,3.533028144679981e-07,0.1794504160091464,3.533028144863986e-07,0.1794503689630988,3.533028145048409e-07,0.1794503299050972,3.533028144679981e-07,0.1794504160091464,3.533028144863986e-07,0.1794503689630988,3.533028145048409e-07,0.1794503299050972,3.533028144679981e-07,0.1794504160091464,3.533028144863986e-07,0.1794503689630988,3.533028145048409e-07,0.1794503299050972,3.616332745032318e-07,0.1794508626881445,3.616332745775529e-07,0.1794508144278595,3.616332746497612e-07,0.1794507759151269,3.616332745032318e-07,0.1794508626881445,3.616332745775529e-07,0.1794508144278595,3.616332746497612e-07,0.1794507759151269,3.616332745032318e-07,0.1794508626881445,3.616332745775529e-07,0.1794508144278595,3.616332746497612e-07,0.1794507759151269,3.616925295969706e-07,0.1794520069315685,3.616925296749068e-07,0.1794519716006275,3.616925297508194e-07,0.1794519402900193,3.616925295969706e-07,0.1794520069315685,3.616925296749068e-07,0.1794519716006275,3.616925297508194e-07,0.1794519402900193,3.616925295969706e-07,0.1794520069315685,3.616925296749068e-07,0.1794519716006275,3.616925297508194e-07,0.1794519402900193,3.614572236602318e-07,0.17945285994504,3.614572237178262e-07,0.1794528372194119,3.614572237725368e-07,0.1794528115862188,3.614572236602318e-07,0.17945285994504,3.614572237178262e-07,0.1794528372194119,3.614572237725368e-07,0.1794528115862188,3.614572236602318e-07,0.17945285994504,3.614572237178262e-07,0.1794528372194119,3.614572237725368e-07,0.1794528115862188,3.614668800161046e-07,0.1794539240353066,3.614668800593627e-07,0.1794538617156381,3.614668801329556e-07,0.1794538323648842,3.614668800161046e-07,0.1794539240353066,3.614668800593627e-07,0.1794538617156381,3.614668801329556e-07,0.1794538323648842,3.614668800161046e-07,0.1794539240353066,3.614668800593627e-07,0.1794538617156381,3.614668801329556e-07,0.1794538323648842,3.72426922229098e-07,0.1794539688092588,3.724269223810017e-07,0.1794539447505595,3.72426922477371e-07,0.1794538999649636,3.72426922229098e-07,0.1794539688092588,3.724269223810017e-07,0.1794539447505595,3.72426922477371e-07,0.1794538999649636,3.72426922229098e-07,0.1794539688092588,3.724269223810017e-07,0.1794539447505595,3.72426922477371e-07,0.1794538999649636
3.893181553645372e-07,0.17944757258903,3.893181555344741e-07,0.1794475320847076,3.893181557290489e-07,0.1794475089088447,3.893181553645372e-07,0.17944757258903,3.893181555344741e-07,0.1794475320847076,3.893181557290489e-07,0.1794475089088447,3.893181553645372e-07,0.17944757258903,3.893181555344741e-07,0.1794475320847076,3.893181557290489e-07,0.1794475089088447,4.213529023102539e-07,0.1794478711112654,4.213529024715399e-07,0.1794478374977398,4.213529025851115e-07,0.1794478031970143,4.213529023102539e-07,0.1794478711112654,4.213529024715399e-07,0.1794478374977398,4.213529025851115e-07,0.1794478031970143,4.213529023102539e-07,0.1794478711112654,4.213529024715399e-07,0.1794478374977398,4.213529025851115e-07,0.1794478031970143,4.373872848503812e-07,0.1794477029352459,4.37387284962471e-07,0.1794476984356316,4.37387285094126e-07,0.1794476972054447,4.373872848503812e-07,0.1794477029352459,4.37387284962471e-07,0.1794476984356316,4.37387285094126e-07,0.1794476972054447,4.373872848503812e-07,0.1794477029352459,4.37387284962471e-07,0.1794476984356316,4.37387285094126e-07,0.1794476972054447,3.560790437083558e-07,0.1794503942748104,3.560790437406913e-07,0.179450347232831,3.560790437731351e-07,0.179450308182895,3.560790437083558e-07,0.1794503942748104,3.560790437406913e-07,0.179450347232831,3.560790437731351e-07,0.179450308182895,3.560790437083558e-07,0.1794503942748104,3.560790437406913e-07,0.179450347232831,3.560790437731351e-07,0.179450308182895,3.727402652121034e-07,0.1794507402078457,3.727402653562522e-07,0.1794506919580843,3.727402654958945e-07,0.1794506534521374,3.727402652121034e-07,0.1794507402078457,3.727402653562522e-07,0.1794506919580843,3.727402654958945e-07,0.1794506534521374,3.727402652121034e-07,0.1794507402078457,3.727402653562522e-07,0.1794506919580843,3.727402654958945e-07,0.1794506534521374,3.72859023130334e-07,0.1794519072219362,3.728590232816757e-07,0.1794518718877795,3.728590234289814e-07,0.1794518405759307,3.72859023130334e-07,0.1794519072219362,3.728590232816757e-07,0.1794518718877795,3.728590234289814e-07,0.1794518405759307,3.72859023130334e-07,0.1794519072219362,3.728590232816757e-07,0.1794518718877795,3.728590234289814e-07,0.1794518405759307,3.723813228613433e-07,0.179452719907551,3.723813229716401e-07,0.17945269720184,3.723813230764239e-07,0.179452671582157,3.723813228613433e-07,0.179452719907551,3.723813229716401e-07,0.17945269720184,3.723813230764239e-07,0.179452671582157,3.723813228613433e-07,0.179452719907551,3.723813229716401e-07,0.17945269720184,3.723813230764239e-07,0.179452671582157,3.724009396660399e-07,0.1794538048357882,3.724009397479668e-07,0.1794537425337044,3.724009398904929e-07,0.1794537131873692,3.724009396660399e-07,0.1794538048357882,3.724009397479668e-07,0.1794537425337044,3.724009398904929e-07,0.1794537131873692,3.724009396660399e-07,0.1794538048357882,3.724009397479668e-07,0.1794537425337044,3.724009398904929e-07,0.1794537131873692,3.88426922229098e-07,0.1794538323568578,3.884269223810017e-07,0.1794538084929409,3.88426922477371e-07,0.1794537635248113,3.88426922229098e-07,0.1794538323568578,3.884269223810017e-07,0.1794538084929409,3.88426922477371e-07,0.1794537635248113,3.88426922229098e-07,0.1794538323568578,3.884269223810017e-07,0.1794538084929409,3.88426922477371e-07,0.1794537635248113
4.053181553645372e-07,0.1794473956820465,4.05318155534474e-07,0.1794473551772989,4.053181557290489e-07,0.1794473320014238,4.053181553645372e-07,0.1794473956820465,4.05318155534474e-07,0.1794473551772989,4.053181557290489e-07,0.1794473320014238,4.053181553645372e-07,0.1794473956820465,4.05318155534474e-07,0.1794473551772989,4.053181557290489e-07,0.1794473320014238,4.373529023102538e-07,0.1794476930203921,4.373529024715399e-07,0.179447659404211,4.373529025851114e-07,0.1794476251075043,4.373529023102538e-07,0.1794476930203921,4.373529024715399e-07,0.179447659404211,4.373529025851114e-07,0.1794476251075043,4.373529023102538e-07,0.1794476930203921,4.373529024715399e-07,0.179447659404211,4.373529025851114e-07,0.1794476251075043,4.533872848503812e-07,0.1794476032899923,4.53387284962471e-07,0.1794475987934927,4.53387285094126e-07,0.1794475975635718,4.533872848503812e-07,0.1794476032899923,4.53387284962471e-07,0.1794475987934927,4.53387285094126e-07,0.1794475975635718,4.533872848503812e-07,0.1794476032899923,4.53387284962471e-07,0.1794475987934927,4.53387285094126e-07,0.1794475975635718,3.616315021890713e-07,0.1794503571185974,3.616315022492767e-07,0.1794503100841268,3.616315023097234e-07,0.1794502710491286,3.616315021890713e-07,0.1794503571185974,3.616315022492767e-07,0.1794503100841268,3.616315023097234e-07,0.1794502710491286,3.616315021890713e-07,0.1794503571185974,3.616315022492767e-07,0.1794503100841268,3.616315023097234e-07,0.1794502710491286,3.887402652121034e-07,0.1794505955538468,3.887402653562522e-07,0.1794505473188796,3.887402654958945e-07,0.179450508820289,3.887402652121034e-07,0.1794505955538468,3.887402653562522e-07,0.1794505473188796,3.887402654958945e-07,0.179450508820289,3.887402652121034e-07,0.1794505955538468,3.887402653562522e-07,0.1794505473188796,3.887402654958945e-07,0.179450508820289,3.88859023130334e-07,0.1794517873970542,3.888590232816757e-07,0.1794517520533138,3.888590234289814e-07,0.1794517207430515,3.88859023130334e-07,0.1794517873970542,3.888590232816757e-07,0.1794517520533138,3.888590234289814e-07,0.1794517207430515,3.88859023130334e-07,0.1794517873970542,3.888590232816757e-07,0.1794517520533138,3.888590234289814e-07,0.1794517207430515,3.883813228613433e-07,0.1794525281477867,3.883813229716401e-07,0.1794525054706375,3.883813230764238e-07,0.1794524798576555,3.883813228613433e-07,0.1794525281477867,3.883813229716401e-07,0.1794525054706375,3.883813230764238e-07,0.1794524798576555,3.883813228613433e-07,0.1794525281477867,3.883813229716401e-07,0.1794525054706375,3.883813230764238e-07,0.1794524798576555,3.884009396660399e-07,0.1794536414103106,3.884009397479668e-07,0.1794535791335191,3.884009398904929e-07,0.1794535497937876,3.884009396660399e-07,0.1794536414103106,3.884009397479668e-07,0.1794535791335191,3.884009398904929e-07,0.1794535497937876,3.884009396660399e-07,0.1794536414103106,3.884009397479668e-07,0.1794535791335191,3.884009398904929e-07,0.1794535497937876,4.044269222290979e-07,0.1794536709944264,4.044269223810017e-07,0.1794536472747369,4.04426922477371e-07,0.1794536021748503,4.044269222290979e-07,0.1794536709944264,4.044269223810017e-07,0.1794536472747369,4.04426922477371e-07,0.1794536021748503,4.044269222290979e-07,0.1794536709944264,4.044269223810017e-07,0.1794536472747369,4.04426922477371e-07,0.1794536021748503
4.213181553645371e-07,0.1794473024909088,4.21318155534474e-07,0.1794472619874345,4.213181557290489e-07,0.1794472388098364,4.213181553645371e-07,0.1794473024909088,4.21318155534474e-07,0.1794472619874345,4.213181557290489e-07,0.1794472388098364,4.213181553645371e-07,0.1794473024909088,4.21318155534474e-07,0.1794472619874345,4.213181557290489e-07,0.1794472388098364,4.533529023102538e-07,0.1794475946308027,4.533529024715399e-07,0.179447561016376,4.533529025851114e-07,0.1794475267181312,4.533529023102538e-07,0.1794475946308027,4.533529024715399e-07,0.179447561016376,4.533529025851114e-07,0.1794475267181312,4.533529023102538e-07,0.1794475946308027,4.533529024715399e-07,0.179447561016376,4.533529025851114e-07,0.1794475267181312,4.693872848503812e-07,0.1794474285847513,4.69387284962471e-07,0.179447424088696,4.69387285094126e-07,0.1794474228561939,4.693872848503812e-07,0.1794474285847513,4.69387284962471e-07,0.179447424088696,4.69387285094126e-07,0.1794474228561939,4.693872848503812e-07,0.1794474285847513,4.69387284962471e-07,0.179447424088696,4.69387285094126e-07,0.1794474228561939,3.727364191505022e-07,0.1794502450097707,3.727364192664475e-07,0.1794501979854752,3.727364193828999e-07,0.1794501589782305,3.727364191505022e-07,0.1794502450097707,3.727364192664475e-07,0.1794501979854752,3.727364193828999e-07,0.1794501589782305,3.727364191505022e-07,0.1794502450097707,3.727364192664475e-07,0.1794501979854752,3.727364193828999e-07,0.1794501589782305,4.047402652121034e-07,0.1794504248309937,4.047402653562522e-07,0.1794503766041718,4.047402654958945e-07,0.1794503381109237,4.047402652121034e-07,0.1794504248309937,4.047402653562522e-07,0.1794503766041718,4.047402654958945e-07,0.1794503381109237,4.047402652121034e-07,0.1794504248309937,4.047402653562522e-07,0.1794503766041718,4.047402654958945e-07,0.1794503381109237,4.04859023130334e-07,0.1794516420520156,4.048590232816757e-07,0.1794516067056161,4.048590234289814e-07,0.1794515753981003,4.04859023130334e-07,0.1794516420520156,4.048590232816757e-07,0.1794516067056161,4.048590234289814e-07,0.1794515753981003,4.04859023130334e-07,0.1794516420520156,4.048590232816757e-07,0.1794516067056161,4.048590234289814e-07,0.1794515753981003,4.043813228613433e-07,0.1794523372954304,4.043813229716401e-07,0.1794523146367105,4.043813230764238e-07,0.1794522890305357,4.043813228613433e-07,0.1794523372954304,4.043813229716401e-07,0.1794523146367105,4.043813230764238e-07,0.1794522890305357,4.043813228613433e-07,0.1794523372954304,4.043813229716401e-07,0.1794523146367105,4.043813230764238e-07,0.1794522890305357,4.044009396660399e-07,0.1794534760385154,4.044009397479667e-07,0.1794534137778659,4.044009398904929e-07,0.1794533844422516,4.044009396660399e-07,0.1794534760385154,4.044009397479667e-07,0.1794534137778659,4.044009398904929e-07,0.1794533844422516,4.044009396660399e-07,0.1794534760385154,4.044009397479667e-07,0.1794534137778659,4.044009398904929e-07,0.1794533844422516,4.204269222290979e-07,0.1794535417155127,4.204269223810017e-07,0.1794535180908631,4.20426922477371e-07,0.1794534728987239,4.204269222290979e-07,0.1794535417155127,4.204269223810017e-07,0.1794535180908631,4.20426922477371e-07,0.1794534728987239,4.204269222290979e-07,0.1794535417155127,4.204269223810017e-07,0.1794535180908631,4.20426922477371e-07,0.1794534728987239
4.373181553645371e-07,0.179447123866311,4.37318155534474e-07,0.1794470833635206,4.373181557290489e-07,0.1794470601894922,4.373181553645371e-07,0.179447123866311,4.37318155534474e-07,0.1794470833635206,4.373181557290489e-07,0.1794470601894922,4.373181553645371e-07,0.179447123866311,4.37318155534474e-07,0.1794470833635206,4.373181557290489e-07,0.1794470601894922,4.693529023102538e-07,0.1794474182136893,4.693529024715399e-07,0.1794473845997676,4.693529025851114e-07,0.1794473502970735,4.693529023102538e-07,0.1794474182136893,4.693529024715399e-07,0.1794473845997676,4.693529025851114e-07,0.1794473502970735,4.693529023102538e-07,0.1794474182136893,4.693529024715399e-07,0.1794473845997676,4.693529025851114e-07,0.1794473502970735,4.853872848503812e-07,0.179447327386474,4.85387284962471e-07,0.1794473228904283,4.85387285094126e-07,0.1794473216602798,4.853872848503812e-07,0.179447327386474,4.85387284962471e-07,0.1794473228904283,4.85387285094126e-07,0.1794473216602798,4.853872848503812e-07,0.179447327386474,4.85387284962471e-07,0.1794473228904283,4.85387285094126e-07,0.1794473216602798,3.887364191505022e-07,0.1794500923744266,3.887364192664475e-07,0.1794500453563646,3.887364193828999e-07,0.1794500063811335,3.887364191505022e-07,0.1794500923744266,3.887364192664475e-07,0.1794500453563646,3.887364193828999e-07,0.1794500063811335,3.887364191505022e-07,0.1794500923744266,3.887364192664475e-07,0.1794500453563646,3.887364193828999e-07,0.1794500063811335,4.207402652121034e-07,0.1794502870156809,4.207402653562522e-07,0.1794502387924514,4.207402654958945e-07,0.1794502003043794,4.207402652121034e-07,0.1794502870156809,4.207402653562522e-07,0.1794502387924514,4.207402654958945e-07,0.1794502003043794,4.207402652121034e-07,0.1794502870156809,4.207402653562522e-07,0.1794502387924514,4.207402654958945e-07,0.1794502003043794,4.20859023130334e-07,0.1794515236398919,4.208590232816757e-07,0.1794514882930119,4.208590234289813e-07,0.1794514569844252,4.20859023130334e-07,0.1794515236398919,4.208590232816757e-07,0.1794514882930119,4.208590234289813e-07,0.1794514569844252,4.20859023130334e-07,0.1794515236398919,4.208590232816757e-07,0.1794514882930119,4.208590234289813e-07,0.1794514569844252,4.203813228613432e-07,0.179452166766773,4.203813229716401e-07,0.1794521441222796,4.203813230764238e-07,0.1794521185209564,4.203813228613432e-07,0.179452166766773,4.203813229716401e-07,0.1794521441222796,4.203813230764238e-07,0.1794521185209564,4.203813228613432e-07,0.179452166766773,4.203813229716401e-07,0.1794521441222796,4.203813230764238e-07,0.1794521185209564,4.204009396660398e-07,0.1794533305311921,4.204009397479667e-07,0.1794532682840795,4.204009398904929e-07,0.179453238952328,4.204009396660398e-07,0.1794533305311921,4.204009397479667e-07,0.1794532682840795,4.204009398904929e-07,0.179453238952328,4.204009396660398e-07,0.1794533305311921,4.204009397479667e-07,0.1794532682840795,4.204009398904929e-07,0.179453238952328,4.364269222290979e-07,0.1794533921333414,4.364269223810017e-07,0.1794533685834097,4.364269224773709e-07,0.1794533233233001,4.364269222290979e-07,0.1794533921333414,4.364269223810017e-07,0.1794533685834097,4.364269224773709e-07,0.1794533233233001,4.364269222290979e-07,0.1794533921333414,4.364269223810017e-07,0.1794533685834097,4.364269224773709e-07,0.1794533233233001
4.533181553645371e-07,0.1794470275842562,4.53318155534474e-07,0.179446987083134,4.533181557290488e-07,0.179446963906349,4.533181553645371e-07,0.1794470275842562,4.53318155534474e-07,0.179446987083134,4.533181557290488e-07,0.179446963906349,4.533181553645371e-07,0.1794470275842562,4.53318155534474e-07,0.179446987083134,4.533181557290488e-07,0.179446963906349,4.853529023102539e-07,0.1794473184141124,4.853529024715399e-07,0.1794472847950479,4.853529025851114e-07,0.1794472504934644,4.853529023102539e-07,0.1794473184141124,4.853529024715399e-07,0.1794472847950479,4.853529025851114e-07,0.1794472504934644,4.853529023102539e-07,0.1794473184141124,4.853529024715399e-07,0.1794472847950479,4.853529025851114e-07,0.1794472504934644,5.013872848503813e-07,0.1794471540201899,5.013872849624711e-07,0.1794471495256106,5.01387285094126e-07,0.179447148299228,5.013872848503813e-07,0.1794471540201899,5.013872849624711e-07,0.1794471495256106,5.01387285094126e-07,0.179447148299228,5.013872848503813e-07,0.1794471540201899,5.013872849624711e-07,0.1794471495256106,5.01387285094126e-07,0.179447148299228,4.047364191505022e-07,0.1794499341935742,4.047364192664474e-07,0.1794498871837278,4.047364193828999e-07,0.1794498482309836,4.047364191505022e-07,0.1794499341935742,4.047364192664474e-07,0.1794498871837278,4.047364193828999e-07,0.1794498482309836,4.047364191505022e-07,0.1794499341935742,4.047364192664474e-07,0.1794498871837278,4.047364193828999e-07,0.1794498482309836,4.367402652121033e-07,0.1794501269806346,4.367402653562521e-07,0.1794500787614371,4.367402654958945e-07,0.179450040272144,4.367402652121033e-07,0.1794501269806346,4.367402653562521e-07,0.1794500787614371,4.367402654958945e-07,0.179450040272144,4.367402652121033e-07,0.1794501269806346,4.367402653562521e-07,0.1794500787614371,4.367402654958945e-07,0.179450040272144,4.36859023130334e-07,0.1794513843903418,4.368590232816757e-07,0.1794513490465647,4.368590234289813e-07,0.1794513177388745,4.36859023130334e-07,0.1794513843903418,4.368590232816757e-07,0.1794513490465647,4.368590234289813e-07,0.1794513177388745,4.36859023130334e-07,0.1794513843903418,4.368590232816757e-07,0.1794513490465647,4.368590234289813e-07,0.1794513177388745,4.363813228613432e-07,0.1794519980361968,4.3638132297164e-07,0.1794519754038856,4.363813230764238e-07,0.1794519498064389,4.363813228613432e-07,0.1794519980361968,4.3638132297164e-07,0.1794519754038856,4.363813230764238e-07,0.1794519498064389,4.363813228613432e-07,0.1794519980361968,4.3638132297164e-07,0.1794519754038856,4.363813230764238e-07,0.1794519498064389,4.364009396660398e-07,0.1794531828044464,4.364009397479667e-07,0.1794531205635761,4.364009398904929e-07,0.1794530912393388,4.364009396660398e-07,0.1794531828044464,4.364009397479667e-07,0.1794531205635761,4.364009398904929e-07,0.1794530912393388,4.364009396660398e-07,0.1794531828044464,4.364009397479667e-07,0.1794531205635761,4.364009398904929e-07,0.1794530912393388,4.524269222290979e-07,0.1794532710915997,4.524269223810017e-07,0.1794532475923231,4.524269224773709e-07,0.1794532022827169,4.524269222290979e-07,0.1794532710915997,4.524269223810017e-07,0.1794532475923231,4.524269224773709e-07,0.1794532022827169,4.524269222290979e-07,0.1794532710915997,4.524269223810017e-07,0.1794532475923231,4.524269224773709e-07,0.1794532022827169
4.693181553645371e-07,0.1794468499082997,4.69318155534474e-07,0.1794468094038761,4.693181557290488e-07,0.1794467862305053,4.693181553645371e-07,0.1794468499082997,4.69318155534474e-07,0.1794468094038761,4.693181557290488e-07,0.1794467862305053,4.693181553645371e-07,0.1794468499082997,4.69318155534474e-07,0.1794468094038761,4.693181557290488e-07,0.1794467862305053,5.013529023102539e-07,0.1794471435414906,5.0135290247154e-07,0.1794471099207788,5.013529025851114e-07,0.1794470756209781,5.013529023102539e-07,0.1794471435414906,5.0135290247154e-07,0.1794471099207788,5.013529025851114e-07,0.1794470756209781,5.013529023102539e-07,0.1794471435414906,5.0135290247154e-07,0.1794471099207788,5.013529025851114e-07,0.1794470756209781,5.173872848503813e-07,0.1794470514224452,5.173872849624711e-07,0.1794470469297978,5.173872850941261e-07,0.1794470456995207,5.173872848503813e-07,0.1794470514224452,5.173872849624711e-07,0.1794470469297978,5.173872850941261e-07,0.1794470456995207,5.173872848503813e-07,0.1794470514224452,5.173872849624711e-07,0.1794470469297978,5.173872850941261e-07,0.1794470456995207,4.207364191505022e-07,0.1794497892229838,4.207364192664474e-07,0.1794497422180007,4.207364193828999e-07,0.1794497032792876,4.207364191505022e-07,0.1794497892229838,4.207364192664474e-07,0.1794497422180007,4.207364193828999e-07,0.1794497032792876,4.207364191505022e-07,0.1794497892229838,4.207364192664474e-07,0.1794497422180007,4.207364193828999e-07,0.1794497032792876,4.527402652121033e-07,0.179449995633327,4.527402653562521e-07,0.1794499474146171,4.527402654958945e-07,0.1794499089273789,4.527402652121033e-07,0.179449995633327,4.527402653562521e-07,0.1794499474146171,4.527402654958945e-07,0.1794499089273789,4.527402652121033e-07,0.179449995633327,4.527402653562521e-07,0.1794499474146171,4.527402654958945e-07,0.1794499089273789,4.52859023130334e-07,0.179451268882978,4.528590232816757e-07,0.1794512335365979,4.528590234289813e-07,0.1794512022318066,4.52859023130334e-07,0.179451268882978,4.528590232816757e-07,0.1794512335365979,4.528590234289813e-07,0.1794512022318066,4.52859023130334e-07,0.179451268882978,4.528590232816757e-07,0.1794512335365979,4.528590234289813e-07,0.1794512022318066,4.523813228613432e-07,0.1794518437268304,4.5238132297164e-07,0.1794518211072265,4.523813230764238e-07,0.1794517955045098,4.523813228613432e-07,0.1794518437268304,4.5238132297164e-07,0.1794518211072265,4.523813230764238e-07,0.1794517955045098,4.523813228613432e-07,0.1794518437268304,4.5238132297164e-07,0.1794518211072265,4.523813230764238e-07,0.1794517955045098,4.524009396660398e-07,0.1794530503045286,4.524009397479667e-07,0.1794529880728643,4.524009398904929e-07,0.1794529587494333,4.524009396660398e-07,0.1794530503045286,4.524009397479667e-07,0.1794529880728643,4.524009398904929e-07,0.1794529587494333,4.524009396660398e-07,0.1794530503045286,4.524009397479667e-07,0.1794529880728643,4.524009398904929e-07,0.1794529587494333,4.684269222290979e-07,0.1794531289386137,4.684269223810016e-07,0.1794531054764091,4.684269224773709e-07,0.1794530601365615,4.684269222290979e-07,0.1794531289386137,4.684269223810016e-07,0.1794531054764091,4.684269224773709e-07,0.1794530601365615,4.684269222290979e-07,0.1794531289386137,4.684269223810016e-07,0.1794531054764091,4.684269224773709e-07,0.1794530601365615
4.853181553645371e-07,0.1794467517402469,4.85318155534474e-07,0.1794467112376715,4.853181557290488e-07,0.1794466880620714,4.853181553645371e-07,0.1794467517402469,4.85318155534474e-07,0.1794467112376715,4.853181557290488e-07,0.1794466880620714,4.853181553645371e-07,0.1794467517402469,4.85318155534474e-07,0.1794467112376715,4.853181557290488e-07,0.1794466880620714,5.173529023102539e-07,0.1794470423235866,5.1735290247154e-07,0.1794470087070359,5.173529025851115e-07,0.1794469744062128,5.173529023102539e-07,0.1794470423235866,5.1735290247154e-07,0.1794470087070359,5.173529025851115e-07,0.1794469744062128,5.173529023102539e-07,0.1794470423235866,5.1735290247154e-07,0.1794470087070359,5.173529025851115e-07,0.1794469744062128,5.333872848503814e-07,0.1794468794006721,5.333872849624711e-07,0.1794468749064819,5.333872850941261e-07,0.1794468736759519,5.333872848503814e-07,0.1794468794006721,5.333872849624711e-07,0.1794468749064819,5.333872850941261e-07,0.1794468736759519,5.333872848503814e-07,0.1794468794006721,5.333872849624711e-07,0.1794468749064819,5.333872850941261e-07,0.1794468736759519,4.367364191505021e-07,0.1794496410376016,4.367364192664474e-07,0.1794495940357841,4.367364193828999e-07,0.1794495551110045,4.367364191505021e-07,0.1794496410376016,4.367364192664474e-07,0.1794495940357841,4.367364193828999e-07,0.1794495551110045,4.367364191505021e-07,0.1794496410376016,4.367364192664474e-07,0.1794495940357841,4.367364193828999e-07,0.1794495551110045,4.687402652121033e-07,0.179449841607693,4.687402653562521e-07,0.1794497933935754,4.687402654958944e-07,0.1794497549065835,4.687402652121033e-07,0.179449841607693,4.687402653562521e-07,0.1794497933935754,4.687402654958944e-07,0.1794497549065835,4.687402652121033e-07,0.179449841607693,4.687402653562521e-07,0.1794497933935754,4.687402654958944e-07,0.1794497549065835,4.688590231303339e-07,0.1794511330147968,4.688590232816757e-07,0.1794510976640321,4.688590234289813e-07,0.1794510663582435,4.688590231303339e-07,0.1794511330147968,4.688590232816757e-07,0.1794510976640321,4.688590234289813e-07,0.1794510663582435,4.688590231303339e-07,0.1794511330147968,4.688590232816757e-07,0.1794510976640321,4.688590234289813e-07,0.1794510663582435,4.683813228613432e-07,0.1794516882523537,4.6838132297164e-07,0.1794516656358008,4.683813230764238e-07,0.1794516400346785,4.683813228613432e-07,0.1794516882523537,4.6838132297164e-07,0.1794516656358008,4.683813230764238e-07,0.1794516400346785,4.683813228613432e-07,0.1794516882523537,4.6838132297164e-07,0.1794516656358008,4.683813230764238e-07,0.1794516400346785,4.684009396660398e-07,0.1794529125046387,4.684009397479667e-07,0.1794528502779347,4.684009398904928e-07,0.1794528209587427,4.684009396660398e-07,0.1794529125046387,4.684009397479667e-07,0.1794528502779347,4.684009398904928e-07,0.1794528209587427,4.684009396660398e-07,0.1794529125046387,4.684009397479667e-07,0.1794528502779347,4.684009398904928e-07,0.1794528209587427,4.844269222290979e-07,0.1794530117022289,4.844269223810017e-07,0.1794529882675605,4.844269224773709e-07,0.1794529429036479,4.844269222290979e-07,0.1794530117022289,4.844269223810017e-07,0.1794529882675605,4.844269224773709e-07,0.1794529429036479,4.844269222290979e-07,0.1794530117022289,4.844269223810017e-07,0.1794529882675605,4.844269224773709e-07,0.1794529429036479
5.013181553645371e-07,0.1794465754885828,5.013181555344741e-07,0.1794465349867675,5.013181557290489e-07,0.1794465118103678,5.013181553645371e-07,0.1794465754885828,5.013181555344741e-07,0.1794465349867675,5.013181557290489e-07,0.1794465118103678,5.013181553645371e-07,0.1794465754885828,5.013181555344741e-07,0.1794465349867675,5.013181557290489e-07,0.1794465118103678,5.33352902310254e-07,0.1794468689056556,5.333529024715401e-07,0.1794468352882872,5.333529025851115e-07,0.1794468009872114,5.33352902310254e-07,0.1794468689056556,5.333529024715401e-07,0.1794468352882872,5.333529025851115e-07,0.1794468009872114,5.33352902310254e-07,0.1794468689056556,5.333529024715401e-07,0.1794468352882872,5.333529025851115e-07,0.1794468009872114,5.493872848503814e-07,0.1794467585623259,5.493872849624712e-07,0.1794467540683428,5.493872850941261e-07,0.1794467528387535,5.493872848503814e-07,0.1794467585623259,5.493872849624712e-07,0.1794467540683428,5.493872850941261e-07,0.1794467528387535,5.493872848503814e-07,0.1794467585623259,5.493872849624712e-07,0.1794467540683428,5.493872850941261e-07,0.1794467528387535,4.527364191505021e-07,0.1794495019097277,4.527364192664474e-07,0.1794494549125039,4.527364193828999e-07,0.1794494159948911,4.527364191505021e-07,0.1794495019097277,4.527364192664474e-07,0.1794494549125039,4.527364193828999e-07,0.1794494159948911,4.527364191505021e-07,0.1794495019097277,4.527364192664474e-07,0.1794494549125039,4.527364193828999e-07,0.1794494159948911,4.847402652121033e-07,0.1794497126921263,4.847402653562522e-07,0.1794496644743087,4.847402654958944e-07,0.1794496259908671,4.847402652121033e-07,0.1794497126921263,4.847402653562522e-07,0.1794496644743087,4.847402654958944e-07,0.1794496259908671,4.847402652121033e-07,0.1794497126921263,4.847402653562522e-07,0.1794496644743087,4.847402654958944e-07,0.1794496259908671,4.848590231303339e-07,0.1794510182290068,4.848590232816756e-07,0.179450982879279,4.848590234289813e-07,0.1794509515704719,4.848590231303339e-07,0.1794510182290068,4.848590232816756e-07,0.179450982879279,4.848590234289813e-07,0.1794509515704719,4.848590231303339e-07,0.1794510182290068,4.848590232816756e-07,0.179450982879279,4.848590234289813e-07,0.1794509515704719,4.843813228613432e-07,0.1794515424192471,4.8438132297164e-07,0.1794515198099729,4.843813230764237e-07,0.1794514942089605,4.843813228613432e-07,0.1794515424192471,4.8438132297164e-07,0.1794515198099729,4.843813230764237e-07,0.1794514942089605,4.843813228613432e-07,0.1794515424192471,4.8438132297164e-07,0.1794515198099729,4.843813230764237e-07,0.1794514942089605,4.844009396660398e-07,0.1794527863881547,4.844009397479667e-07,0.1794527241645722,4.844009398904928e-07,0.1794526948476284,4.844009396660398e-07,0.1794527863881547,4.844009397479667e-07,0.1794527241645722,4.844009398904928e-07,0.1794526948476284,4.844009396660398e-07,0.1794527863881547,4.844009397479667e-07,0.1794527241645722,4.844009398904928e-07,0.1794526948476284,5.004269222290979e-07,0.1794528737743586,5.004269223810017e-07,0.1794528503556622,5.00426922477371e-07,0.1794528049743776,5.004269222290979e-07,0.1794528737743586,5.004269223810017e-07,0.1794528503556622,5.00426922477371e-07,0.1794528049743776,5.004269222290979e-07,0.1794528737743586,5.004269223810017e-07,0.1794528503556622,5.00426922477371e-07,0.1794528049743776
5.173181553645372e-07,0.1794464757308848,5.173181555344741e-07,0.1794464352318693,5.173181557290489e-07,0.1794464120501622,5.173181553645372e-07,0.1794464757308848,5.173181555344741e-07,0.1794464352318693,5.173181557290489e-07,0.1794464120501622,5.173181553645372e-07,0.1794464757308848,5.173181555344741e-07,0.1794464352318693,5.173181557290489e-07,0.1794464120501622,5.49352902310254e-07,0.1794467663030028,5.493529024715401e-07,0.1794467326887524,5.493529025851115e-07,0.1794466983897827,5.49352902310254e-07,0.1794467663030028,5.493529024715401e-07,0.1794467326887524,5.493529025851115e-07,0.1794466983897827,5.49352902310254e-07,0.1794467663030028,5.493529024715401e-07,0.1794467326887524,5.493529025851115e-07,0.1794466983897827,5.653872848503814e-07,0.1794466213134054,5.653872849624712e-07,0.1794466168197503,5.653872850941262e-07,0.1794466155915046,5.653872848503814e-07,0.1794466213134054,5.653872849624712e-07,0.1794466168197503,5.653872850941262e-07,0.1794466155915046,5.653872848503814e-07,0.1794466213134054,5.653872849624712e-07,0.1794466168197503,5.653872850941262e-07,0.1794466155915046,4.687364191505021e-07,0.1794493587746507,4.687364192664474e-07,0.1794493117800344,4.687364193828998e-07,0.1794492728663357,4.687364191505021e-07,0.1794493587746507,4.687364192664474e-07,0.1794493117800344,4.687364193828998e-07,0.1794492728663357,4.687364191505021e-07,0.1794493587746507,4.687364192664474e-07,0.1794493117800344,4.687364193828998e-07,0.1794492728663357,5.007402652121034e-07,0.1794495619471851,5.007402653562522e-07,0.1794495137324086,5.007402654958945e-07,0.1794494752489225,5.007402652121034e-07,0.1794495619471851,5.007402653562522e-07,0.1794495137324086,5.007402654958945e-07,0.1794494752489225,5.007402652121034e-07,0.1794495619471851,5.007402653562522e-07,0.1794495137324086,5.007402654958945e-07,0.1794494752489225,5.00859023130334e-07,0.1794508842962694,5.008590232816757e-07,0.1794508489455868,5.008590234289814e-07,0.1794508176396619,5.00859023130334e-07,0.1794508842962694,5.008590232816757e-07,0.1794508489455868,5.008590234289814e-07,0.1794508176396619,5.00859023130334e-07,0.1794508842962694,5.008590232816757e-07,0.1794508489455868,5.008590234289814e-07,0.1794508176396619,5.003813228613433e-07,0.1794513944314176,5.003813229716401e-07,0.1794513718281728,5.003813230764238e-07,0.179451346224454,5.003813228613433e-07,0.1794513944314176,5.003813229716401e-07,0.1794513718281728,5.003813230764238e-07,0.179451346224454,5.003813228613433e-07,0.1794513944314176,5.003813229716401e-07,0.1794513718281728,5.003813230764238e-07,0.179451346224454,5.004009396660398e-07,0.1794526537778148,5.004009397479668e-07,0.1794525915579413,5.004009398904929e-07,0.179452562244337,5.004009396660398e-07,0.1794526537778148,5.004009397479668e-07,0.1794525915579413,5.004009398904929e-07,0.179452562244337,5.004009396660398e-07,0.1794526537778148,5.004009397479668e-07,0.1794525915579413,5.004009398904929e-07,0.179452562244337,5.164269222290979e-07,0.1794527581020343,5.164269223810018e-07,0.1794527346927762,5.16426922477371e-07,0.1794526892980277,5.164269222290979e-07,0.1794527581020343,5.164269223810018e-07,0.1794527346927762,5.16426922477371e-07,0.1794526892980277,5.164269222290979e-07,0.1794527581020343,5.164269223810018e-07,0.1794527346927762,5.16426922477371e-07,0.1794526892980277
5.333181553645372e-07,0.1794463009571368,5.333181555344741e-07,0.1794462604581766,5.333181557290489e-07,0.1794462372764431,5.333181553645372e-07,0.1794463009571368,5.333181555344741e-07,0.1794462604581766,5.333181557290489e-07,0.1794462372764431,5.333181553645372e-07,0.1794463009571368,5.333181555344741e-07,0.1794462604581766,5.333181557290489e-07,0.1794462372764431,5.65352902310254e-07,0.1794465942723457,5.653529024715401e-07,0.1794465606564701,5.653529025851116e-07,0.1794465263591616,5.65352902310254e-07,0.1794465942723457,5.653529024715401e-07,0.1794465606564701,5.653529025851116e-07,0.1794465263591616,5.65352902310254e-07,0.1794465942723457,5.653529024715401e-07,0.1794465606564701,5.653529025851116e-07,0.1794465263591616,5.813872848503815e-07,0.1794464832715563,5.813872849624712e-07,0.1794464787723396,5.813872850941262e-07,0.1794464775460921,5.813872848503815e-07,0.1794464832715563,5.813872849624712e-07,0.1794464787723396,5.813872850941262e-07,0.1794464775460921,5.813872848503815e-07,0.1794464832715563,5.813872849624712e-07,0.1794464787723396,5.813872850941262e-07,0.1794464775460921,4.847364191505022e-07,0.1794492215544197,4.847364192664474e-07,0.1794491745630216,4.847364193828998e-07,0.179449135653969,4.847364191505022e-07,0.1794492215544197,4.847364192664474e-07,0.1794491745630216,4.847364193828998e-07,0.179449135653969,4.847364191505022e-07,0.1794492215544197,4.847364192664474e-07,0.1794491745630216,4.847364193828998e-07,0.179449135653969,5.167402652121034e-07,0.1794494336574667,5.167402653562522e-07,0.1794493854479774,5.167402654958945e-07,0.1794493469617944,5.167402652121034e-07,0.1794494336574667,5.167402653562522e-07,0.1794493854479774,5.167402654958945e-07,0.1794493469617944,5.167402652121034e-07,0.1794494336574667,5.167402653562522e-07,0.1794493854479774,5.167402654958945e-07,0.1794493469617944,5.16859023130334e-07,0.1794507693344174,5.168590232816757e-07,0.1794507339838159,5.168590234289814e-07,0.1794507026778863,5.16859023130334e-07,0.1794507693344174,5.168590232816757e-07,0.1794507339838159,5.168590234289814e-07,0.1794507026778863,5.16859023130334e-07,0.1794507693344174,5.168590232816757e-07,0.1794507339838159,5.168590234289814e-07,0.1794507026778863,5.163813228613433e-07,0.1794512528943477,5.163813229716401e-07,0.1794512302998648,5.163813230764238e-07,0.1794512046949705,5.163813228613433e-07,0.1794512528943477,5.163813229716401e-07,0.1794512302998648,5.163813230764238e-07,0.1794512046949705,5.163813228613433e-07,0.1794512528943477,5.163813229716401e-07,0.1794512302998648,5.163813230764238e-07,0.1794512046949705,5.164009396660399e-07,0.1794525307036475,5.164009397479668e-07,0.179452468482279,5.164009398904929e-07,0.1794524391700675,5.164009396660399e-07,0.1794525307036475,5.164009397479668e-07,0.179452468482279,5.164009398904929e-07,0.1794524391700675,5.164009396660399e-07,0.1794525307036475,5.164009397479668e-07,0.179452468482279,5.164009398904929e-07,0.1794524391700675,5.32426922229098e-07,0.1794526227064397,5.324269223810018e-07,0.1794525993088651,5.324269224773711e-07,0.1794525539048586,5.32426922229098e-07,0.1794526227064397,5.324269223810018e-07,0.1794525993088651,5.324269224773711e-07,0.1794525539048586,5.32426922229098e-07,0.1794526227064397,5.324269223810018e-07,0.1794525993088651,5.324269224773711e-07,0.1794525539048586
5.493181553645372e-07,0.1794461997118213,5.493181555344742e-07,0.1794461592129948,5.49318155729049e-07,0.1794461360324108,5.493181553645372e-07,0.1794461997118213,5.493181555344742e-07,0.1794461592129948,5.49318155729049e-07,0.1794461360324108,5.493181553645372e-07,0.1794461997118213,5.493181555344742e-07,0.1794461592129948,5.49318155729049e-07,0.1794461360324108,5.813529023102541e-07,0.179446473426513,5.813529024715402e-07,0.1794464398077145,5.813529025851116e-07,0.1794464055136404,5.813529023102541e-07,0.179446473426513,5.813529024715402e-07,0.1794464398077145,5.813529025851116e-07,0.1794464055136404,5.813529023102541e-07,0.179446473426513,5.813529024715402e-07,0.1794464398077145,5.813529025851116e-07,0.1794464055136404,5.973872848503815e-07,0.1794463460115849,5.973872849624713e-07,0.1794463415096115,5.973872850941262e-07,0.179446340283992,5.973872848503815e-07,0.1794463460115849,5.973872849624713e-07,0.1794463415096115,5.973872850941262e-07,0.179446340283992,5.973872848503815e-07,0.1794463460115849,5.973872849624713e-07,0.1794463415096115,5.973872850941262e-07,0.179446340283992,5.007364191505022e-07,0.1794490808914634,5.007364192664475e-07,0.1794490338993068,5.007364193828999e-07,0.1794489949983626,5.007364191505022e-07,0.1794490808914634,5.007364192664475e-07,0.1794490338993068,5.007364193828999e-07,0.1794489949983626,5.007364191505022e-07,0.1794490808914634,5.007364192664475e-07,0.1794490338993068,5.007364193828999e-07,0.1794489949983626,5.327402652121035e-07,0.1794492848861401,5.327402653562523e-07,0.1794492366790592,5.327402654958945e-07,0.1794491981962083,5.327402652121035e-07,0.1794492848861401,5.327402653562523e-07,0.1794492366790592,5.327402654958945e-07,0.1794491981962083,5.327402652121035e-07,0.1794492848861401,5.327402653562523e-07,0.1794492366790592,5.327402654958945e-07,0.1794491981962083,5.32859023130334e-07,0.1794506366895871,5.328590232816757e-07,0.1794506013429189,5.328590234289814e-07,0.1794505700367674,5.32859023130334e-07,0.1794506366895871,5.328590232816757e-07,0.1794506013429189,5.328590234289814e-07,0.1794505700367674,5.32859023130334e-07,0.1794506366895871,5.328590232816757e-07,0.1794506013429189,5.328590234289814e-07,0.1794505700367674,5.323813228613433e-07,0.1794511092495599,5.323813229716402e-07,0.1794510866573843,5.323813230764239e-07,0.1794510610572687,5.323813228613433e-07,0.1794511092495599,5.323813229716402e-07,0.1794510866573843,5.323813230764239e-07,0.1794510610572687,5.323813228613433e-07,0.1794511092495599,5.323813229716402e-07,0.1794510866573843,5.323813230764239e-07,0.1794510610572687,5.324009396660399e-07,0.1794524008751893,5.324009397479668e-07,0.1794523386576423,5.324009398904929e-07,0.1794523093428026,5.324009396660399e-07,0.1794524008751893,5.324009397479668e-07,0.1794523386576423,5.324009398904929e-07,0.1794523093428026,5.324009396660399e-07,0.1794524008751893,5.324009397479668e-07,0.1794523386576423,5.324009398904929e-07,0.1794523093428026,5.48426922229098e-07,0.1794525074593851,5.484269223810018e-07,0.1794524840680465,5.484269224773711e-07,0.1794524386553942,5.48426922229098e-07,0.1794525074593851,5.484269223810018e-07,0.1794524840680465,5.484269224773711e-07,0.1794524386553942,5.48426922229098e-07,0.1794525074593851,5.484269223810018e-07,0.1794524840680465,5.484269224773711e-07,0.1794524386553942
5.653181553645373e-07,0.1794460263763509,5.653181555344742e-07,0.1794459858798348,5.65318155729049e-07,0.1794459627013877,5.653181553645373e-07,0.1794460263763509,5.653181555344742e-07,0.1794459858798348,5.65318155729049e-07,0.1794459627013877,5.653181553645373e-07,0.1794460263763509,5.653181555344742e-07,0.1794459858798348,5.65318155729049e-07,0.1794459627013877,5.973529023102541e-07,0.1794463361842437,5.973529024715402e-07,0.1794463025663828,5.973529025851116e-07,0.1794462682697867,5.973529023102541e-07,0.1794463361842437,5.973529024715402e-07,0.1794463025663828,5.973529025851116e-07,0.1794462682697867,5.973529023102541e-07,0.1794463361842437,5.973529024715402e-07,0.1794463025663828,5.973529025851116e-07,0.1794462682697867,6.133872848503815e-07,0.179446207981268,6.133872849624713e-07,0.1794462034780311,6.133872850941263e-07,0.1794462022542121,6.133872848503815e-07,0.179446207981268,6.133872849624713e-07,0.1794462034780311,6.133872850941263e-07,0.1794462022542121,6.133872848503815e-07,0.179446207981268,6.133872849624713e-07,0.1794462034780311,6.133872850941263e-07,0.1794462022542121,5.167364191505022e-07,0.1794489440284557,5.167364192664475e-07,0.1794488970400061,5.167364193828999e-07,0.1794488581388299,5.167364191505022e-07,0.1794489440284557,5.167364192664475e-07,0.1794488970400061,5.167364193828999e-07,0.1794488581388299,5.167364191505022e-07,0.1794489440284557,5.167364192664475e-07,0.1794488970400061,5.167364193828999e-07,0.1794488581388299,5.487402652121035e-07,0.1794491564228884,5.487402653562523e-07,0.1794491082130149,5.487402654958946e-07,0.1794490697296171,5.487402652121035e-07,0.1794491564228884,5.487402653562523e-07,0.1794491082130149,5.487402654958946e-07,0.1794490697296171,5.487402652121035e-07,0.1794491564228884,5.487402653562523e-07,0.1794491082130149,5.487402654958946e-07,0.1794490697296171,5.488590231303341e-07,0.1794505212041339,5.488590232816758e-07,0.179450485861897,5.488590234289815e-07,0.1794504545557878,5.488590231303341e-07,0.1794505212041339,5.488590232816758e-07,0.179450485861897,5.488590234289815e-07,0.1794504545557878,5.488590231303341e-07,0.1794505212041339,5.488590232816758e-07,0.179450485861897,5.488590234289815e-07,0.1794504545557878,5.483813228613434e-07,0.1794509697615735,5.483813229716402e-07,0.1794509471652945,5.483813230764239e-07,0.1794509215634323,5.483813228613434e-07,0.1794509697615735,5.483813229716402e-07,0.1794509471652945,5.483813230764239e-07,0.1794509215634323,5.483813228613434e-07,0.1794509697615735,5.483813229716402e-07,0.1794509471652945,5.483813230764239e-07,0.1794509215634323,5.484009396660399e-07,0.179452279163198,5.484009397479669e-07,0.1794522169487797,5.48400939890493e-07,0.1794521876314228,5.484009396660399e-07,0.179452279163198,5.484009397479669e-07,0.1794522169487797,5.48400939890493e-07,0.1794521876314228,5.484009396660399e-07,0.179452279163198,5.484009397479669e-07,0.1794522169487797,5.48400939890493e-07,0.1794521876314228,5.64426922229098e-07,0.179452373729184,5.644269223810019e-07,0.1794523503381421,5.644269224773711e-07,0.1794523049221959,5.64426922229098e-07,0.179452373729184,5.644269223810019e-07,0.1794523503381421,5.644269224773711e-07,0.1794523049221959,5.64426922229098e-07,0.179452373729184,5.644269223810019e-07,0.1794523503381421,5.644269224773711e-07,0.1794523049221959
5.813181553645373e-07,0.1794459061675487,5.813181555344742e-07,0.1794458656695972,5.81318155729049e-07,0.1794458424924991,5.813181553645373e-07,0.1794459061675487,5.813181555344742e-07,0.1794458656695972,5.81318155729049e-07,0.1794458424924991,5.813181553645373e-07,0.1794459061675487,5.813181555344742e-07,0.1794458656695972,5.81318155729049e-07,0.1794458424924991,6.133529023102542e-07,0.1794461981309607,6.133529024715402e-07,0.1794461645143676,6.133529025851117e-07,0.179446130219512,6.133529023102542e-07,0.1794461981309607,6.133529024715402e-07,0.1794461645143676,6.133529025851117e-07,0.179446130219512,6.133529023102542e-07,0.1794461981309607,6.133529024715402e-07,0.1794461645143676,6.133529025851117e-07,0.179446130219512,6.293872848503816e-07,0.179446070710454,6.293872849624714e-07,0.1794460662022558,6.293872850941263e-07,0.1794460649825612,6.293872848503816e-07,0.179446070710454,6.293872849624714e-07,0.1794460662022558,6.293872850941263e-07,0.1794460649825612,6.293872848503816e-07,0.179446070710454,6.293872849624714e-07,0.1794460662022558,6.293872850941263e-07,0.1794460649825612,5.327364191505023e-07,0.1794488047712716,5.327364192664475e-07,0.179448757777134,5.327364193828999e-07,0.1794487188818799,5.327364191505023e-07,0.1794488047712716,5.327364192664475e-07,0.179448757777134,5.327364193828999e-07,0.1794487188818799,5.327364191505023e-07,0.1794488047712716,5.327364192664475e-07,0.179448757777134,5.327364193828999e-07,0.1794487188818799,5.647402652121035e-07,0.1794490090097021,5.647402653562523e-07,0.1794489607940424,5.647402654958946e-07,0.1794489223182757,5.647402652121035e-07,0.1794490090097021,5.647402653562523e-07,0.1794489607940424,5.647402654958946e-07,0.1794489223182757,5.647402652121035e-07,0.1794490090097021,5.647402653562523e-07,0.1794489607940424,5.647402654958946e-07,0.1794489223182757,5.648590231303341e-07,0.1794503895517526,5.648590232816758e-07,0.1794503542130448,5.648590234289815e-07,0.179450322906264,5.648590231303341e-07,0.1794503895517526,5.648590232816758e-07,0.1794503542130448,5.648590234289815e-07,0.179450322906264,5.648590231303341e-07,0.1794503895517526,5.648590232816758e-07,0.1794503542130448,5.648590234289815e-07,0.179450322906264,5.643813228613434e-07,0.1794508287427545,5.643813229716402e-07,0.1794508061486832,5.643813230764239e-07,0.1794507805469755,5.643813228613434e-07,0.1794508287427545,5.643813229716402e-07,0.1794508061486832,5.643813230764239e-07,0.1794507805469755,5.643813228613434e-07,0.1794508287427545,5.643813229716402e-07,0.1794508061486832,5.643813230764239e-07,0.1794507805469755,5.6440093966604e-07,0.179452150893997,5.644009397479669e-07,0.1794520886834188,5.64400939890493e-07,0.1794520593639209,5.6440093966604e-07,0.179452150893997,5.644009397479669e-07,0.1794520886834188,5.64400939890493e-07,0.1794520593639209,5.6440093966604e-07,0.179452150893997,5.644009397479669e-07,0.1794520886834188,5.64400939890493e-07,0.1794520593639209,5.804269222290981e-07,0.1794522583397174,5.804269223810019e-07,0.1794522349511163,5.804269224773712e-07,0.1794521895364973,5.804269222290981e-07,0.1794522583397174,5.804269223810019e-07,0.1794522349511163,5.804269224773712e-07,0.1794521895364973,5.804269222290981e-07,0.1794522583397174,5.804269223810019e-07,0.1794522349511163,5.804269224773712e-07,0.1794521895364973
5.973181553645373e-07,0.1794457689485193,5.973181555344743e-07,0.1794457284509235,5.973181557290491e-07,0.1794457052774656,5.973181553645373e-07,0.1794457689485193,5.973181555344743e-07,0.1794457284509235,5.973181557290491e-07,0.1794457052774656,5.973181553645373e-07,0.1794457689485193,5.973181555344743e-07,0.1794457284509235,5.973181557290491e-07,0.1794457052774656,6.293529023102542e-07,0.1794460608755306,6.293529024715403e-07,0.179446027261234,6.293529025851117e-07,0.1794459929694351,6.293529023102542e-07,0.1794460608755306,6.293529024715403e-07,0.179446027261234,6.293529025851117e-07,0.1794459929694351,6.293529023102542e-07,0.1794460608755306,6.293529024715403e-07,0.179446027261234,6.293529025851117e-07,0.1794459929694351,6.453872848503816e-07,0.1794459326939445,6.453872849624714e-07,0.179445928182786,6.453872850941264e-07,0.1794459269658348,6.453872848503816e-07,0.1794459326939445,6.453872849624714e-07,0.179445928182786,6.453872850941264e-07,0.1794459269658348,6.453872848503816e-07,0.1794459326939445,6.453872849624714e-07,0.179445928182786,6.453872850941264e-07,0.1794459269658348,5.487364191505023e-07,0.1794486676446692,5.487364192664476e-07,0.1794486206548191,5.487364193829e-07,0.1794485817561853,5.487364191505023e-07,0.1794486676446692,5.487364192664476e-07,0.1794486206548191,5.487364193829e-07,0.1794485817561853,5.487364191505023e-07,0.1794486676446692,5.487364192664476e-07,0.1794486206548191,5.487364193829e-07,0.1794485817561853,5.807402652121036e-07,0.1794488800212567,5.807402653562524e-07,0.1794488318070975,5.807402654958947e-07,0.1794487933288849,5.807402652121036e-07,0.1794488800212567,5.807402653562524e-07,0.1794488318070975,5.807402654958947e-07,0.1794487933288849,5.807402652121036e-07,0.1794488800212567,5.807402653562524e-07,0.1794488318070975,5.807402654958947e-07,0.1794487933288849,5.808590231303342e-07,0.1794502734101665,5.808590232816759e-07,0.1794502380724767,5.808590234289816e-07,0.1794502067668033,5.808590231303342e-07,0.1794502734101665,5.808590232816759e-07,0.1794502380724767,5.808590234289816e-07,0.1794502067668033,5.808590231303342e-07,0.1794502734101665,5.808590232816759e-07,0.1794502380724767,5.808590234289816e-07,0.1794502067668033,5.803813228613435e-07,0.1794506900895726,5.803813229716403e-07,0.1794506674972963,5.80381323076424e-07,0.1794506418971158,5.803813228613435e-07,0.1794506900895726,5.803813229716403e-07,0.1794506674972963,5.80381323076424e-07,0.1794506418971158,5.803813228613435e-07,0.1794506900895726,5.803813229716403e-07,0.1794506674972963,5.80381323076424e-07,0.1794506418971158,5.8040093966604e-07,0.1794520297113466,5.804009397479669e-07,0.179451967502122,5.80400939890493e-07,0.1794519381790285,5.8040093966604e-07,0.1794520297113466,5.804009397479669e-07,0.179451967502122,5.80400939890493e-07,0.1794519381790285,5.8040093966604e-07,0.1794520297113466,5.804009397479669e-07,0.179451967502122,5.80400939890493e-07,0.1794519381790285,5.964269222290981e-07,0.1794521258060212,5.964269223810019e-07,0.1794521024202222,5.964269224773712e-07,0.1794520570000011,5.964269222290981e-07,0.1794521258060212,5.964269223810019e-07,0.1794521024202222,5.964269224773712e-07,0.1794520570000011,5.964269222290981e-07,0.1794521258060212,5.964269223810019e-07,0.1794521024202222,5.964269224773712e-07,0.1794520570000011
6.133181553645374e-07,0.1794456308773306,6.133181555344743e-07,0.1794455903821034,6.133181557290491e-07,0.1794455672066937,6.133181553645374e-07,0.1794456308773306,6.133181555344743e-07,0.1794455903821034,6.133181557290491e-07,0.1794455672066937,6.133181553645374e-07,0.1794456308773306,6.133181555344743e-07,0.1794455903821034,6.133181557290491e-07,0.1794455672066937,6.453529023102542e-07,0.1794459228355609,6.453529024715403e-07,0.1794458892231037,6.453529025851118e-07,0.1794458549312886,6.453529023102542e-07,0.1794459228355609,6.453529024715403e-07,0.1794458892231037,6.453529025851118e-07,0.1794458549312886,6.453529023102542e-07,0.1794459228355609,6.453529024715403e-07,0.1794458892231037,6.453529025851118e-07,0.1794458549312886,6.613872848503817e-07,0.1794457954072397,6.613872849624714e-07,0.1794457908933087,6.613872850941264e-07,0.1794457896820174,6.613872848503817e-07,0.1794457954072397,6.613872849624714e-07,0.1794457908933087,6.613872850941264e-07,0.1794457896820174,6.613872848503817e-07,0.1794457954072397,6.613872849624714e-07,0.1794457908933087,6.613872850941264e-07,0.1794457896820174,5.647364191505023e-07,0.1794485293388234,5.647364192664476e-07,0.1794484823474212,5.647364193829e-07,0.1794484434503885,5.647364191505023e-07,0.1794485293388234,5.647364192664476e-07,0.1794484823474212,5.647364193829e-07,0.1794484434503885,5.647364191505023e-07,0.1794485293388234,5.647364192664476e-07,0.1794484823474212,5.647364193829e-07,0.1794484434503885,5.967402652121036e-07,0.1794487379373169,5.967402653562524e-07,0.179448689726883,5.967402654958947e-07,0.1794486512462852,5.967402652121036e-07,0.1794487379373169,5.967402653562524e-07,0.179448689726883,5.967402654958947e-07,0.1794486512462852,5.967402652121036e-07,0.1794487379373169,5.967402653562524e-07,0.179448689726883,5.967402654958947e-07,0.1794486512462852,5.968590231303342e-07,0.1794501461981849,5.968590232816759e-07,0.1794501108633189,5.968590234289816e-07,0.1794500795541337,5.968590231303342e-07,0.1794501461981849,5.968590232816759e-07,0.1794501108633189,5.968590234289816e-07,0.1794500795541337,5.968590231303342e-07,0.1794501461981849,5.968590232816759e-07,0.1794501108633189,5.968590234289816e-07,0.1794500795541337,5.963813228613435e-07,0.1794505507473409,5.963813229716403e-07,0.1794505281548114,5.96381323076424e-07,0.1794505025559153,5.963813228613435e-07,0.1794505507473409,5.963813229716403e-07,0.1794505281548114,5.96381323076424e-07,0.1794505025559153,5.963813228613435e-07,0.1794505507473409,5.963813229716403e-07,0.1794505281548114,5.96381323076424e-07,0.1794505025559153,5.9640093966604e-07,0.1794519023876167,5.96400939747967e-07,0.1794518401795451,5.964009398904931e-07,0.1794518108527503,5.9640093966604e-07,0.1794519023876167,5.96400939747967e-07,0.1794518401795451,5.964009398904931e-07,0.1794518108527503,5.9640093966604e-07,0.1794519023876167,5.96400939747967e-07,0.1794518401795451,5.964009398904931e-07,0.1794518108527503,6.124269222290982e-07,0.1794520100125647,6.12426922381002e-07,0.1794519866272971,6.124269224773712e-07,0.1794519412068421,6.124269222290982e-07,0.1794520100125647,6.12426922381002e-07,0.1794519866272971,6.124269224773712e-07,0.1794519412068421,6.124269222290982e-07,0.1794520100125647,6.12426922381002e-07,0.1794519866272971,6.124269224773712e-07,0.1794519412068421
6.293181553645374e-07,0.1794454936454113,6.293181555344744e-07,0.1794454531494765,6.293181557290491e-07,0.1794454299739325,6.293181553645374e-07,0.1794454936454113,6.293181555344744e-07,0.1794454531494765,6.293181557290491e-07,0.1794454299739325,6.293181553645374e-07,0.1794454936454113,6.293181555344744e-07,0.1794454531494765,6.293181557290491e-07,0.1794454299739325,6.613529023102543e-07,0.1794457855679059,6.613529024715404e-07,0.179445751959427,6.613529025851118e-07,0.1794457176617194,6.613529023102543e-07,0.1794457855679059,6.613529024715404e-07,0.179445751959427,6.613529025851118e-07,0.1794457176617194,6.613529023102543e-07,0.1794457855679059,6.613529024715404e-07,0.179445751959427,6.613529025851118e-07,0.1794457176617194,6.773872848503817e-07,0.1794456574039917,6.773872849624715e-07,0.1794456528942383,6.773872850941264e-07,0.1794456516814221,6.773872848503817e-07,0.1794456574039917,6.773872849624715e-07,0.1794456528942383,6.773872850941264e-07,0.1794456516814221,6.773872848503817e-07,0.1794456574039917,6.773872849624715e-07,0.1794456528942383,6.773872850941264e-07,0.1794456516814221,5.807364191505024e-07,0.1794483917277364,5.807364192664476e-07,0.1794483447332978,5.807364193829001e-07,0.1794483058385171,5.807364191505024e-07,0.1794483917277364,5.807364192664476e-07,0.1794483447332978,5.807364193829001e-07,0.1794483058385171,5.807364191505024e-07,0.1794483917277364,5.807364192664476e-07,0.1794483447332978,5.807364193829001e-07,0.1794483058385171,6.127402652121036e-07,0.1794485999055987,6.127402653562525e-07,0.179448551702713,6.127402654958947e-07,0.1794485132164736,6.127402652121036e-07,0.1794485999055987,6.127402653562525e-07,0.179448551702713,6.127402654958947e-07,0.1794485132164736,6.127402652121036e-07,0.1794485999055987,6.127402653562525e-07,0.179448551702713,6.127402654958947e-07,0.1794485132164736,6.128590231303342e-07,0.1794500223419743,6.128590232816759e-07,0.1794499870070745,6.128590234289816e-07,0.1794499556966932,6.128590231303342e-07,0.1794500223419743,6.128590232816759e-07,0.1794499870070745,6.128590234289816e-07,0.1794499556966932,6.128590231303342e-07,0.1794500223419743,6.128590232816759e-07,0.1794499870070745,6.128590234289816e-07,0.1794499556966932,6.123813228613435e-07,0.1794504122952488,6.123813229716403e-07,0.1794503897044163,6.12381323076424e-07,0.1794503641054363,6.123813228613435e-07,0.1794504122952488,6.123813229716403e-07,0.1794503897044163,6.12381323076424e-07,0.1794503641054363,6.123813228613435e-07,0.1794504122952488,6.123813229716403e-07,0.1794503897044163,6.12381323076424e-07,0.1794503641054363,6.124009396660401e-07,0.1794517813235517,6.12400939747967e-07,0.1794517191147356,6.124009398904931e-07,0.1794516897908849,6.124009396660401e-07,0.1794517813235517,6.12400939747967e-07,0.1794517191147356,6.124009398904931e-07,0.1794516897908849,6.124009396660401e-07,0.1794517813235517,6.12400939747967e-07,0.1794517191147356,6.124009398904931e-07,0.1794516897908849,6.284269222290982e-07,0.1794518784150518,6.28426922381002e-07,0.179451855031414,6.284269224773713e-07,0.1794518096088519,6.284269222290982e-07,0.1794518784150518,6.28426922381002e-07,0.179451855031414,6.284269224773713e-07,0.1794518096088519,6.284269222290982e-07,0.1794518784150518,6.28426922381002e-07,0.179451855031414,6.284269224773713e-07,0.1794518096088519
6.453181553645375e-07,0.1794453555867459,6.453181555344744e-07,0.179445315092515,6.453181557290492e-07,0.179445291916378,6.453181553645375e-07,0.1794453555867459,6.453181555344744e-07,0.179445315092515,6.453181557290492e-07,0.179445291916378,6.453181553645375e-07,0.1794453555867459,6.453181555344744e-07,0.179445315092515,6.453181557290492e-07,0.179445291916378,6.773529023102543e-07,0.1794456475500903,6.773529024715404e-07,0.1794456139355903,6.773529025851118e-07,0.1794455796399569,6.773529023102543e-07,0.1794456475500903,6.773529024715404e-07,0.1794456139355903,6.773529025851118e-07,0.1794455796399569,6.773529023102543e-07,0.1794456475500903,6.773529024715404e-07,0.1794456139355903,6.773529025851118e-07,0.1794455796399569,6.933872848503817e-07,0.1794455201059201,6.933872849624715e-07,0.1794455155963488,6.933872850941265e-07,0.1794455143838505,6.933872848503817e-07,0.1794455201059201,6.933872849624715e-07,0.1794455155963488,6.933872850941265e-07,0.1794455143838505,6.933872848503817e-07,0.1794455201059201,6.933872849624715e-07,0.1794455155963488,6.933872850941265e-07,0.1794455143838505,5.967364191505024e-07,0.1794482541031103,5.967364192664477e-07,0.1794482071033277,5.967364193829001e-07,0.179448168212509,5.967364191505024e-07,0.1794482541031103,5.967364192664477e-07,0.1794482071033277,5.967364193829001e-07,0.179448168212509,5.967364191505024e-07,0.1794482541031103,5.967364192664477e-07,0.1794482071033277,5.967364193829001e-07,0.179448168212509,6.287402652121037e-07,0.1794484624219812,6.287402653562525e-07,0.1794484142138474,6.287402654958948e-07,0.1794483757333865,6.287402652121037e-07,0.1794484624219812,6.287402653562525e-07,0.1794484142138474,6.287402654958948e-07,0.1794483757333865,6.287402652121037e-07,0.1794484624219812,6.287402653562525e-07,0.1794484142138474,6.287402654958948e-07,0.1794483757333865,6.288590231303343e-07,0.1794498989553253,6.28859023281676e-07,0.1794498636277036,6.288590234289817e-07,0.1794498323162356,6.288590231303343e-07,0.1794498989553253,6.28859023281676e-07,0.1794498636277036,6.288590234289817e-07,0.1794498323162356,6.288590231303343e-07,0.1794498989553253,6.28859023281676e-07,0.1794498636277036,6.288590234289817e-07,0.1794498323162356,6.283813228613436e-07,0.179450274103542,6.283813229716404e-07,0.1794502515183975,6.283813230764241e-07,0.1794502259175886,6.283813228613436e-07,0.179450274103542,6.283813229716404e-07,0.1794502515183975,6.283813230764241e-07,0.1794502259175886,6.283813228613436e-07,0.179450274103542,6.283813229716404e-07,0.1794502515183975,6.283813230764241e-07,0.1794502259175886,6.284009396660401e-07,0.1794516546144455,6.284009397479671e-07,0.1794515924079947,6.284009398904932e-07,0.1794515630820052,6.284009396660401e-07,0.1794516546144455,6.284009397479671e-07,0.1794515924079947,6.284009398904932e-07,0.1794515630820052,6.284009396660401e-07,0.1794516546144455,6.284009397479671e-07,0.1794515924079947,6.284009398904932e-07,0.1794515630820052,6.444269222290982e-07,0.1794517620885616,6.44426922381002e-07,0.1794517387020158,6.444269224773713e-07,0.1794516932829318,6.444269222290982e-07,0.1794517620885616,6.44426922381002e-07,0.1794517387020158,6.444269224773713e-07,0.1794516932829318,6.444269222290982e-07,0.1794517620885616,6.44426922381002e-07,0.1794517387020158,6.444269224773713e-07,0.1794516932829318
6.613181553645375e-07,0.1794452183366557,6.613181555344744e-07,0.1794451778439937,6.613181557290492e-07,0.1794451546723343,6.613181553645375e-07,0.1794452183366557,6.613181555344744e-07,0.1794451778439937,6.613181557290492e-07,0.1794451546723343,6.613181553645375e-07,0.1794452183366557,6.613181555344744e-07,0.1794451778439937,6.613181557290492e-07,0.1794451546723343,6.933529023102543e-07,0.1794455102668819,6.933529024715404e-07,0.1794454766527254,6.933529025851119e-07,0.1794454423598596,6.933529023102543e-07,0.1794455102668819,6.933529024715404e-07,0.1794454766527254,6.933529025851119e-07,0.1794454423598596,6.933529023102543e-07,0.1794455102668819,6.933529024715404e-07,0.1794454766527254,6.933529025851119e-07,0.1794454423598596,7.093872848503818e-07,0.1794453821186701,7.093872849624715e-07,0.1794453776092554,7.093872850941265e-07,0.1794453763952199,7.093872848503818e-07,0.1794453821186701,7.093872849624715e-07,0.1794453776092554,7.093872850941265e-07,0.1794453763952199,7.093872848503818e-07,0.1794453821186701,7.093872849624715e-07,0.1794453776092554,7.093872850941265e-07,0.1794453763952199,6.127364191505025e-07,0.1794481162110026,6.127364192664477e-07,0.1794480692137572,6.127364193829001e-07,0.1794480303210094,6.127364191505025e-07,0.1794481162110026,6.127364192664477e-07,0.1794480692137572,6.127364193829001e-07,0.1794480303210094,6.127364191505025e-07,0.1794481162110026,6.127364192664477e-07,0.1794480692137572,6.127364193829001e-07,0.1794480303210094,6.447402652121037e-07,0.1794483244706233,6.447402653562525e-07,0.179448276267929,6.447402654958948e-07,0.1794482377839578,6.447402652121037e-07,0.1794483244706233,6.447402653562525e-07,0.179448276267929,6.447402654958948e-07,0.1794482377839578,6.447402652121037e-07,0.1794483244706233,6.447402653562525e-07,0.179448276267929,6.447402654958948e-07,0.1794482377839578,6.448590231303343e-07,0.1794497751338823,6.44859023281676e-07,0.1794497398064052,6.448590234289817e-07,0.179449708495395,6.448590231303343e-07,0.1794497751338823,6.44859023281676e-07,0.1794497398064052,6.448590234289817e-07,0.179449708495395,6.448590231303343e-07,0.1794497751338823,6.44859023281676e-07,0.1794497398064052,6.448590234289817e-07,0.179449708495395,6.443813228613436e-07,0.1794501355256358,6.443813229716404e-07,0.1794501129428503,6.443813230764241e-07,0.1794500873384645,6.443813228613436e-07,0.1794501355256358,6.443813229716404e-07,0.1794501129428503,6.443813230764241e-07,0.1794500873384645,6.443813228613436e-07,0.1794501355256358,6.443813229716404e-07,0.1794501129428503,6.443813230764241e-07,0.1794500873384645,6.444009396660402e-07,0.1794515334658907,6.444009397479671e-07,0.1794514712628005,6.444009398904932e-07,0.179451441934198,6.444009396660402e-07,0.1794515334658907,6.444009397479671e-07,0.1794514712628005,6.444009398904932e-07,0.179451441934198,6.444009396660402e-07,0.1794515334658907,6.444009397479671e-07,0.1794514712628005,6.444009398904932e-07,0.179451441934198,6.604269222290983e-07,0.1794516348470928,6.604269223810021e-07,0.1794516114589993,6.604269224773714e-07,0.1794515660419345,6.604269222290983e-07,0.1794516348470928,6.604269223810021e-07,0.1794516114589993,6.604269224773714e-07,0.1794515660419345,6.604269222290983e-07,0.1794516348470928,6.604269223810021e-07,0.1794516114589993,6.604269224773714e-07,0.1794515660419345
6.773181553645375e-07,0.179445080293005,6.773181555344745e-07,0.1794450398023619,6.773181557290493e-07,0.1794450166313128,6.773181553645375e-07,0.179445080293005,6.773181555344745e-07,0.1794450398023619,6.773181557290493e-07,0.1794450166313128,6.773181553645375e-07,0.179445080293005,6.773181555344745e-07,0.1794450398023619,6.773181557290493e-07,0.1794450166313128,7.093529023102544e-07,0.1794453722627893,7.093529024715405e-07,0.1794453386499336,7.093529025851119e-07,0.1794453043545991,7.093529023102544e-07,0.1794453722627893,7.093529024715405e-07,0.1794453386499336,7.093529025851119e-07,0.1794453043545991,7.093529023102544e-07,0.1794453722627893,7.093529024715405e-07,0.1794453386499336,7.093529025851119e-07,0.1794453043545991,7.253872848503818e-07,0.1794452448077112,7.253872849624716e-07,0.1794452402955083,7.253872850941265e-07,0.1794452390783788,7.253872848503818e-07,0.1794452448077112,7.253872849624716e-07,0.1794452402955083,7.253872850941265e-07,0.1794452390783788,7.253872848503818e-07,0.1794452448077112,7.253872849624716e-07,0.1794452402955083,7.253872850941265e-07,0.1794452390783788,6.287364191505025e-07,0.1794479787210995,6.287364192664478e-07,0.1794479317246177,6.287364193829002e-07,0.1794478928398965,6.287364191505025e-07,0.1794479787210995,6.287364192664478e-07,0.1794479317246177,6.287364193829002e-07,0.1794478928398965,6.287364191505025e-07,0.1794479787210995,6.287364192664478e-07,0.1794479317246177,6.287364193829002e-07,0.1794478928398965,6.607402652121038e-07,0.1794481870158509,6.607402653562526e-07,0.1794481388163796,6.607402654958948e-07,0.179448100334274,6.607402652121038e-07,0.1794481870158509,6.607402653562526e-07,0.1794481388163796,6.607402654958948e-07,0.179448100334274,6.607402652121038e-07,0.1794481870158509,6.607402653562526e-07,0.1794481388163796,6.607402654958948e-07,0.179448100334274,6.608590231303343e-07,0.1794496517511572,6.60859023281676e-07,0.1794496164219109,6.608590234289817e-07,0.1794495851167086,6.608590231303343e-07,0.1794496517511572,6.60859023281676e-07,0.1794496164219109,6.608590234289817e-07,0.1794495851167086,6.608590231303343e-07,0.1794496517511572,6.60859023281676e-07,0.1794496164219109,6.608590234289817e-07,0.1794495851167086,6.603813228613436e-07,0.1794499978521253,6.603813229716405e-07,0.1794499752692825,6.603813230764242e-07,0.1794499496660025,6.603813228613436e-07,0.1794499978521253,6.603813229716405e-07,0.1794499752692825,6.603813230764242e-07,0.1794499496660025,6.603813228613436e-07,0.1794499978521253,6.603813229716405e-07,0.1794499752692825,6.603813230764242e-07,0.1794499496660025,6.604009396660402e-07,0.1794514072101786,6.604009397479671e-07,0.1794513450079681,6.604009398904932e-07,0.1794513156837754,6.604009396660402e-07,0.1794514072101786,6.604009397479671e-07,0.1794513450079681,6.604009398904932e-07,0.1794513156837754,6.604009396660402e-07,0.1794514072101786,6.604009397479671e-07,0.1794513450079681,6.604009398904932e-07,0.1794513156837754,6.764269222290983e-07,0.1794515109660988,6.764269223810021e-07,0.1794514875832371,6.764269224773714e-07,0.1794514421623933,6.764269222290983e-07,0.1794515109660988,6.764269223810021e-07,0.1794514875832371,6.764269224773714e-07,0.1794514421623933,6.764269222290983e-07,0.1794515109660988,6.764269223810021e-07,0.1794514875832371,6.764269224773714e-07,0.1794514421623933
6.933181553645376e-07,0.1794449430274218,6.933181555344745e-07,0.17944490253806,6.933181557290493e-07,0.179444879371518,6.933181553645376e-07,0.1794449430274218,6.933181555344745e-07,0.17944490253806,6.933181557290493e-07,0.179444879371518,6.933181553645376e-07,0.1794449430274218,6.933181555344745e-07,0.17944490253806,6.933181557290493e-07,0.179444879371518,7.253529023102544e-07,0.179445234971069,7.253529024715405e-07,0.1794452013552102,7.253529025851119e-07,0.1794451670574339,7.253529023102544e-07,0.179445234971069,7.253529024715405e-07,0.1794452013552102,7.253529025851119e-07,0.1794451670574339,7.253529023102544e-07,0.179445234971069,7.253529024715405e-07,0.1794452013552102,7.253529025851119e-07,0.1794451670574339,7.413872848503818e-07,0.1794451068289405,7.413872849624716e-07,0.1794451023177829,7.413872850941266e-07,0.17944510110714,7.413872848503818e-07,0.1794451068289405,7.413872849624716e-07,0.1794451023177829,7.413872850941266e-07,0.17944510110714,7.413872848503818e-07,0.1794451068289405,7.413872849624716e-07,0.1794451023177829,7.413872850941266e-07,0.17944510110714,6.447364191505025e-07,0.1794478408719251,6.447364192664478e-07,0.1794477938718834,6.447364193829002e-07,0.1794477549881477,6.447364191505025e-07,0.1794478408719251,6.447364192664478e-07,0.1794477938718834,6.447364193829002e-07,0.1794477549881477,6.447364191505025e-07,0.1794478408719251,6.447364192664478e-07,0.1794477938718834,6.447364193829002e-07,0.1794477549881477,6.767402652121038e-07,0.1794480491096695,6.767402653562526e-07,0.1794480009114048,6.767402654958949e-07,0.1794479624285985,6.767402652121038e-07,0.1794480491096695,6.767402653562526e-07,0.1794480009114048,6.767402654958949e-07,0.1794479624285985,6.767402652121038e-07,0.1794480491096695,6.767402653562526e-07,0.1794480009114048,6.767402654958949e-07,0.1794479624285985,6.768590231303344e-07,0.1794495279515003,6.768590232816761e-07,0.179449492617108,6.768590234289818e-07,0.1794494613154805,6.768590231303344e-07,0.1794495279515003,6.768590232816761e-07,0.179449492617108,6.768590234289818e-07,0.1794494613154805,6.768590231303344e-07,0.1794495279515003,6.768590232816761e-07,0.179449492617108,6.768590234289818e-07,0.1794494613154805,6.763813228613437e-07,0.1794498597648678,6.763813229716405e-07,0.1794498371843971,6.763813230764242e-07,0.1794498115748974,6.763813228613437e-07,0.1794498597648678,6.763813229716405e-07,0.1794498371843971,6.763813230764242e-07,0.1794498115748974,6.763813228613437e-07,0.1794498597648678,6.763813229716405e-07,0.1794498371843971,6.763813230764242e-07,0.1794498115748974,6.764009396660402e-07,0.1794512858841116,6.764009397479672e-07,0.1794512236801005,6.764009398904933e-07,0.1794511943593038,6.764009396660402e-07,0.1794512858841116,6.764009397479672e-07,0.1794512236801005,6.764009398904933e-07,0.1794511943593038,6.764009396660402e-07,0.1794512858841116,6.764009397479672e-07,0.1794512236801005,6.764009398904933e-07,0.1794511943593038,6.924269222290983e-07,0.1794513875230046,6.924269223810022e-07,0.1794513641391214,6.924269224773714e-07,0.1794513187167358,6.924269222290983e-07,0.1794513875230046,6.924269223810022e-07,0.1794513641391214,6.924269224773714e-07,0.1794513187167358,6.924269222290983e-07,0.1794513875230046,6.924269223810022e-07,0.1794513641391214,6.924269224773714e-07,0.1794513187167358
7.093181553645376e-07,0.1794448050033509,7.093181555344745e-07,0.1794447645137774,7.093181557290493e-07,0.1794447413463929,7.093181553645376e-07,0.1794448050033509,7.093181555344745e-07,0.1794447645137774,7.093181557290493e-07,0.1794447413463929,7.093181553645376e-07,0.1794448050033509,7.093181555344745e-07,0.1794447645137774,7.093181557290493e-07,0.1794447413463929,7.413529023102545e-07,0.1794450969762587,7.413529024715405e-07,0.1794450633630796,7.41352902585112e-07,0.1794450290603755,7.413529023102545e-07,0.1794450969762587,7.413529024715405e-07,0.1794450633630796,7.41352902585112e-07,0.1794450290603755,7.413529023102545e-07,0.1794450969762587,7.413529024715405e-07,0.1794450633630796,7.41352902585112e-07,0.1794450290603755,7.573872848503819e-07,0.1794449695068932,7.573872849624717e-07,0.1794449649902377,7.573872850941266e-07,0.1794449637791404,7.573872848503819e-07,0.1794449695068932,7.573872849624717e-07,0.1794449649902377,7.573872850941266e-07,0.1794449637791404,7.573872848503819e-07,0.1794449695068932,7.573872849624717e-07,0.1794449649902377,7.573872850941266e-07,0.1794449637791404,6.607364191505026e-07,0.1794477033903445,6.607364192664478e-07,0.1794476563878003,6.607364193829002e-07,0.1794476175018458,6.607364191505026e-07,0.1794477033903445,6.607364192664478e-07,0.1794476563878003,6.607364193829002e-07,0.1794476175018458,6.607364191505026e-07,0.1794477033903445,6.607364192664478e-07,0.1794476563878003,6.607364193829002e-07,0.1794476175018458,6.927402652121038e-07,0.1794479116679319,6.927402653562526e-07,0.1794478634648954,6.927402654958949e-07,0.1794478249866562,6.927402652121038e-07,0.1794479116679319,6.927402653562526e-07,0.1794478634648954,6.927402654958949e-07,0.1794478249866562,6.927402652121038e-07,0.1794479116679319,6.927402653562526e-07,0.1794478634648954,6.927402654958949e-07,0.1794478249866562,6.928590231303344e-07,0.1794494045669155,6.928590232816761e-07,0.1794493692292524,6.928590234289818e-07,0.1794493379311809,6.928590231303344e-07,0.1794494045669155,6.928590232816761e-07,0.1794493692292524,6.928590234289818e-07,0.1794493379311809,6.928590231303344e-07,0.1794494045669155,6.928590232816761e-07,0.1794493692292524,6.928590234289818e-07,0.1794493379311809,6.923813228613437e-07,0.1794497220728351,6.923813229716405e-07,0.1794496994960425,6.923813230764242e-07,0.1794496738841818,6.923813228613437e-07,0.1794497220728351,6.923813229716405e-07,0.1794496994960425,6.923813230764242e-07,0.1794496738841818,6.923813228613437e-07,0.1794497220728351,6.923813229716405e-07,0.1794496994960425,6.923813230764242e-07,0.1794496738841818,6.924009396660403e-07,0.1794511611118305,6.924009397479672e-07,0.1794510989076593,6.924009398904933e-07,0.1794510695853059,6.924009396660403e-07,0.1794511611118305,6.924009397479672e-07,0.1794510989076593,6.924009398904933e-07,0.1794510695853059,6.924009396660403e-07,0.1794511611118305,6.924009397479672e-07,0.1794510989076593,6.924009398904933e-07,0.1794510695853059,7.084269222290984e-07,0.1794512636968985,7.084269223810022e-07,0.1794512403120296,7.084269224773715e-07,0.179451194888939,7.084269222290984e-07,0.1794512636968985,7.084269223810022e-07,0.1794512403120296,7.084269224773715e-07,0.179451194888939,7.084269222290984e-07,0.1794512636968985,7.084269223810022e-07,0.1794512403120296,7.084269224773715e-07,0.179451194888939
7.253181553645376e-07,0.1794446677239908,7.253181555344746e-07,0.1794446272368431,7.253181557290494e-07,0.1794446040691529,7.253181553645376e-07,0.1794446677239908,7.253181555344746e-07,0.1794446272368431,7.253181557290494e-07,0.1794446040691529,7.253181553645376e-07,0.1794446677239908,7.253181555344746e-07,0.1794446272368431,7.253181557290494e-07,0.1794446040691529,7.573529023102545e-07,0.1794449596644041,7.573529024715406e-07,0.1794449260557794,7.57352902585112e-07,0.179444891750679,7.573529023102545e-07,0.1794449596644041,7.573529024715406e-07,0.1794449260557794,7.57352902585112e-07,0.179444891750679,7.573529023102545e-07,0.1794449596644041,7.573529024715406e-07,0.1794449260557794,7.57352902585112e-07,0.179444891750679,7.733872848503819e-07,0.1794448315437773,7.733872849624717e-07,0.1794448270283722,7.733872850941267e-07,0.1794448258185436,7.733872848503819e-07,0.1794448315437773,7.733872849624717e-07,0.1794448270283722,7.733872850941267e-07,0.1794448258185436,7.733872848503819e-07,0.1794448315437773,7.733872849624717e-07,0.1794448270283722,7.733872850941267e-07,0.1794448258185436,6.767364191505026e-07,0.1794475655605307,6.767364192664479e-07,0.1794475185589366,6.767364193829003e-07,0.1794474796714801,6.767364191505026e-07,0.1794475655605307,6.767364192664479e-07,0.1794475185589366,6.767364193829003e-07,0.1794474796714801,6.767364191505026e-07,0.1794475655605307,6.767364192664479e-07,0.1794475185589366,6.767364193829003e-07,0.1794474796714801,7.087402652121039e-07,0.179447773790076,7.087402653562527e-07,0.1794477255862905,7.087402654958949e-07,0.1794476871036021,7.087402652121039e-07,0.179447773790076,7.087402653562527e-07,0.1794477255862905,7.087402654958949e-07,0.1794476871036021,7.087402652121039e-07,0.179447773790076,7.087402653562527e-07,0.1794477255862905,7.087402654958949e-07,0.1794476871036021,7.088590231303345e-07,0.179449280778262,7.088590232816762e-07,0.1794492454434027,7.088590234289819e-07,0.1794492141442738,7.088590231303345e-07,0.179449280778262,7.088590232816762e-07,0.1794492454434027,7.088590234289819e-07,0.1794492141442738,7.088590231303345e-07,0.179449280778262,7.088590232816762e-07,0.1794492454434027,7.088590234289819e-07,0.1794492141442738,7.083813228613438e-07,0.1794495841215956,7.083813229716406e-07,0.1794495615427756,7.083813230764243e-07,0.1794495359327891,7.083813228613438e-07,0.1794495841215956,7.083813229716406e-07,0.1794495615427756,7.083813230764243e-07,0.1794495359327891,7.083813228613438e-07,0.1794495841215956,7.083813229716406e-07,0.1794495615427756,7.083813230764243e-07,0.1794495359327891,7.084009396660403e-07,0.179451037382705,7.084009397479672e-07,0.1794509751775197,7.084009398904933e-07,0.1794509458596386,7.084009396660403e-07,0.179451037382705,7.084009397479672e-07,0.1794509751775197,7.084009398904933e-07,0.1794509458596386,7.084009396660403e-07,0.179451037382705,7.084009397479672e-07,0.1794509751775197,7.084009398904933e-07,0.1794509458596386,7.244269222290984e-07,0.1794511402728303,7.244269223810022e-07,0.1794511168844285,7.244269224773715e-07,0.1794510714643948,7.244269222290984e-07,0.1794511402728303,7.244269223810022e-07,0.1794511168844285,7.244269224773715e-07,0.1794510714643948,7.244269222290984e-07,0.1794511402728303,7.244269223810022e-07,0.1794511168844285,7.244269224773715e-07,0.1794510714643948
7.413181553645377e-07,0.1794445297146079,7.413181555344746e-07,0.1794444892278239,7.413181557290494e-07,0.1794444660618401,7.413181553645377e-07,0.1794445297146079,7.413181555344746e-07,0.1794444892278239,7.413181557290494e-07,0.1794444660618401,7.413181553645377e-07,0.1794445297146079,7.413181555344746e-07,0.1794444892278239,7.413181557290494e-07,0.1794444660618401,7.733529023102545e-07,0.1794448216847096,7.733529024715406e-07,0.1794447880751065,7.733529025851121e-07,0.1794447537726559,7.733529023102545e-07,0.1794448216847096,7.733529024715406e-07,0.1794447880751065,7.733529025851121e-07,0.1794447537726559,7.733529023102545e-07,0.1794448216847096,7.733529024715406e-07,0.1794447880751065,7.733529025851121e-07,0.1794447537726559,7.866936424251909e-07,0.1794447173794344,7.866936424812359e-07,0.1794447128635868,7.866936425470633e-07,0.1794447116542028,7.866936424251909e-07,0.1794447173794344,7.866936424812359e-07,0.1794447128635868,7.866936425470633e-07,0.1794447116542028,7.866936424251909e-07,0.1794447173794344,7.866936424812359e-07,0.1794447128635868,7.866936425470633e-07,0.1794447116542028,6.927364191505026e-07,0.1794474280725525,6.927364192664479e-07,0.1794473810732242,6.927364193829003e-07,0.1794473421859904,6.927364191505026e-07,0.1794474280725525,6.927364192664479e-07,0.1794473810732242,6.927364193829003e-07,0.1794473421859904,6.927364191505026e-07,0.1794474280725525,6.927364192664479e-07,0.1794473810732242,6.927364193829003e-07,0.1794473421859904,7.247402652121039e-07,0.1794476363388221,7.247402653562527e-07,0.1794475881391384,7.24740265495895e-07,0.179447549661973,7.247402652121039e-07,0.1794476363388221,7.247402653562527e-07,0.1794475881391384,7.24740265495895e-07,0.179447549661973,7.247402652121039e-07,0.1794476363388221,7.247402653562527e-07,0.1794475881391384,7.24740265495895e-07,0.179447549661973,7.248590231303345e-07,0.1794491573849626,7.248590232816762e-07,0.1794491220522386,7.248590234289819e-07,0.179449090753199,7.248590231303345e-07,0.1794491573849626,7.248590232816762e-07,0.1794491220522386,7.248590234289819e-07,0.179449090753199,7.248590231303345e-07,0.1794491573849626,7.248590232816762e-07,0.1794491220522386,7.248590234289819e-07,0.179449090753199,7.243813228613438e-07,0.1794494465149421,7.243813229716406e-07,0.1794494239368191,7.243813230764243e-07,0.1794493983224535,7.243813228613438e-07,0.1794494465149421,7.243813229716406e-07,0.1794494239368191,7.243813230764243e-07,0.1794493983224535,7.243813228613438e-07,0.1794494465149421,7.243813229716406e-07,0.1794494239368191,7.243813230764243e-07,0.1794493983224535,7.244009396660403e-07,0.1794509138394633,7.244009397479673e-07,0.1794508516362351,7.244009398904934e-07,0.1794508223189857,7.244009396660403e-07,0.1794509138394633,7.244009397479673e-07,0.1794508516362351,7.244009398904934e-07,0.1794508223189857,7.244009396660403e-07,0.1794509138394633,7.244009397479673e-07,0.1794508516362351,7.244009398904934e-07,0.1794508223189857,7.404269222290985e-07,0.1794510164785287,7.404269223810023e-07,0.1794509930907123,7.404269224773715e-07,0.1794509476710084,7.404269222290985e-07,0.1794510164785287,7.404269223810023e-07,0.1794509930907123,7.404269224773715e-07,0.1794509476710084,7.404269222290985e-07,0.1794510164785287,7.404269223810023e-07,0.1794509930907123,7.404269224773715e-07,0.1794509476710084
7.573181553645377e-07,0.179444392423675,7.573181555344747e-07,0.1794443519362532,7.573181557290494e-07,0.179444328771995,7.573181553645377e-07,0.179444392423675,7.573181555344747e-07,0.1794443519362532,7.573181557290494e-07,0.179444328771995,7.573181553645377e-07,0.179444392423675,7.573181555344747e-07,0.1794443519362532,7.573181557290494e-07,0.179444328771995,7.866764511551272e-07,0.1794447073883857,7.866764512357703e-07,0.1794446737820012,7.86676451292556e-07,0.1794446394757704,7.866764511551272e-07,0.1794447073883857,7.866764512357703e-07,0.1794446737820012,7.86676451292556e-07,0.1794446394757704,7.866764511551272e-07,0.1794447073883857,7.866764512357703e-07,0.1794446737820012,7.86676451292556e-07,0.1794446394757704,8e-07,0.1794446026038941,8e-07,0.1794445980876159,8e-07,0.1794445968803066,8e-07,0.1794446026038941,8e-07,0.1794445980876159,8e-07,0.1794445968803066,8e-07,0.1794446026038941,8e-07,0.1794445980876159,8e-07,0.1794445968803066,7.087364191505027e-07,0.1794472902598762,7.087364192664479e-07,0.1794472432593998,7.087364193829004e-07,0.1794472043692319,7.087364191505027e-07,0.1794472902598762,7.087364192664479e-07,0.1794472432593998,7.087364193829004e-07,0.1794472043692319,7.087364191505027e-07,0.1794472902598762,7.087364192664479e-07,0.1794472432593998,7.087364193829004e-07,0.1794472043692319,7.407402652121039e-07,0.1794474984751381,7.407402653562527e-07,0.1794474502751791,7.40740265495895e-07,0.1794474118000567,7.407402652121039e-07,0.1794474984751381,7.407402653562527e-07,0.1794474502751791,7.40740265495895e-07,0.1794474118000567,7.407402652121039e-07,0.1794474984751381,7.407402653562527e-07,0.1794474502751791,7.40740265495895e-07,0.1794474118000567,7.408590231303345e-07,0.17944903361125,7.408590232816762e-07,0.1794489982744994,7.408590234289819e-07,0.1794489669774295,7.408590231303345e-07,0.17944903361125,7.408590232816762e-07,0.1794489982744994,7.408590234289819e-07,0.1794489669774295,7.408590231303345e-07,0.17944903361125,7.408590232816762e-07,0.1794489982744994,7.408590234289819e-07,0.1794489669774295,7.403813228613438e-07,0.1794493086401415,7.403813229716406e-07,0.1794492860653068,7.403813230764243e-07,0.1794492604452036,7.403813228613438e-07,0.1794493086401415,7.403813229716406e-07,0.1794492860653068,7.403813230764243e-07,0.1794492604452036,7.403813228613438e-07,0.1794493086401415,7.403813229716406e-07,0.1794492860653068,7.403813230764243e-07,0.1794492604452036,7.404009396660404e-07,0.1794507901474966,7.404009397479673e-07,0.1794507279394862,7.404009398904934e-07,0.1794506986227574,7.404009396660404e-07,0.1794507901474966,7.404009397479673e-07,0.1794507279394862,7.404009398904934e-07,0.1794506986227574,7.404009396660404e-07,0.1794507901474966,7.404009397479673e-07,0.1794507279394862,7.404009398904934e-07,0.1794506986227574,7.564269222290985e-07,0.1794508930555278,7.564269223810023e-07,0.1794508696735246,7.564269224773716e-07,0.1794508242494257,7.564269222290985e-07,0.1794508930555278,7.564269223810023e-07,0.1794508696735246,7.564269224773716e-07,0.1794508242494257,7.564269222290985e-07,0.1794508930555278,7.564269223810023e-07,0.1794508696735246,7.564269224773716e-07,0.1794508242494257
7.733181553645378e-07,0.1794442544307851,7.733181555344747e-07,0.1794442139435963,7.733181557290495e-07,0.1794441907781153,7.733181553645378e-07,0.1794442544307851,7.733181555344747e-07,0.1794442139435963,7.733181557290495e-07,0.1794441907781153,7.733181553645378e-07,0.1794442544307851,7.733181555344747e-07,0.1794442139435963,7.733181557290495e-07,0.1794441907781153,8e-07,0.1794445924479772,8e-07,0.1794445588415805,8e-07,0.1794445245367656,8e-07,0.1794445924479772,8e-07,0.1794445588415805,8e-07,0.1794445245367656,8e-07,0.1794445924479772,8e-07,0.1794445588415805,8e-07,0.1794445245367656,  ,  ,  ,  ,  ,  ,  ,  ,  ,  ,  ,  ,  ,  ,  ,  ,  ,  ,7.247364191505027e-07,0.1794471527677652,7.24736419266448e-07,0.1794471057658343,7.247364193829004e-07,0.1794470668784127,7.247364191505027e-07,0.1794471527677652,7.24736419266448e-07,0.1794471057658343,7.247364193829004e-07,0.1794470668784127,7.247364191505027e-07,0.1794471527677652,7.24736419266448e-07,0.1794471057658343,7.247364193829004e-07,0.1794470668784127,7.56740265212104e-07,0.1794473610254564,7.567402653562528e-07,0.179447312821076,7.567402654958951e-07,0.1794472743454619,7.56740265212104e-07,0.1794473610254564,7.567402653562528e-07,0.179447312821076,7.567402654958951e-07,0.1794472743454619,7.56740265212104e-07,0.1794473610254564,7.567402653562528e-07,0.179447312821076,7.567402654958951e-07,0.1794472743454619,7.568590231303346e-07,0.1794489102118169,7.568590232816763e-07,0.179448874874844,7.56859023428982e-07,0.1794488435814117,7.568590231303346e-07,0.1794489102118169,7.568590232816763e-07,0.179448874874844,7.56859023428982e-07,0.1794488435814117,7.568590231303346e-07,0.1794489102118169,7.568590232816763e-07,0.179448874874844,7.56859023428982e-07,0.1794488435814117,7.563813228613439e-07,0.1794491710713572,7.563813229716407e-07,0.1794491484970685,7.563813230764244e-07,0.179449122877195,7.563813228613439e-07,0.1794491710713572,7.563813229716407e-07,0.1794491484970685,7.563813230764244e-07,0.179449122877195,7.563813228613439e-07,0.1794491710713572,7.563813229716407e-07,0.1794491484970685,7.563813230764244e-07,0.179449122877195,7.564009396660404e-07,0.1794506666240668,7.564009397479674e-07,0.1794506044143211,7.564009398904935e-07,0.1794505751007015,7.564009396660404e-07,0.1794506666240668,7.564009397479674e-07,0.1794506044143211,7.564009398904935e-07,0.1794505751007015,7.564009396660404e-07,0.1794506666240668,7.564009397479674e-07,0.1794506044143211,7.564009398904935e-07,0.1794505751007015,7.724269222290985e-07,0.1794507692806504,7.724269223810023e-07,0.1794507458963885,7.724269224773716e-07,0.1794507004765948,7.724269222290985e-07,0.1794507692806504,7.724269223810023e-07,0.1794507458963885,7.724269224773716e-07,0.1794507004765948,7.724269222290985e-07,0.1794507692806504,7.724269223810023e-07,0.1794507458963885,7.724269224773716e-07,0.1794507004765948
7.893181553645378e-07,0.179444117128944,7.893181555344747e-07,0.1794440766364214,7.893181557290495e-07,0.179444053471435,7.893181553645378e-07,0.179444117128944,7.893181555344747e-07,0.1794440766364214,7.893181557290495e-07,0.179444053471435,7.893181553645378e-07,0.179444117128944,7.893181555344747e-07,0.1794440766364214,7.893181557290495e-07,0.179444053471435,  ,  ,  ,  ,  ,  ,  ,  ,  ,  ,  ,  ,  ,  ,  ,  ,  ,  ,  ,  ,  ,  ,  ,  ,  ,  ,  ,  ,  ,  ,  ,  ,  ,  ,  ,  ,7.407364191505028e-07,0.1794470149655629,7.40736419266448e-07,0.1794469679631099,7.407364193829004e-07,0.1794469290746539,7.407364191505028e-07,0.1794470149655629,7.40736419266448e-07,0.1794469679631099,7.407364193829004e-07,0.1794469290746539,7.407364191505028e-07,0.1794470149655629,7.40736419266448e-07,0.1794469679631099,7.407364193829004e-07,0.1794469290746539,7.72740265212104e-07,0.1794472231785041,7.727402653562528e-07,0.1794471749742595,7.727402654958951e-07,0.179447136499099,7.72740265212104e-07,0.1794472231785041,7.727402653562528e-07,0.1794471749742595,7.727402654958951e-07,0.179447136499099,7.72740265212104e-07,0.1794472231785041,7.727402653562528e-07,0.1794471749742595,7.727402654958951e-07,0.179447136499099,7.728590231303346e-07,0.1794487864464181,7.728590232816763e-07,0.179448751107898,7.72859023428982e-07,0.1794487198167335,7.728590231303346e-07,0.1794487864464181,7.728590232816763e-07,0.179448751107898,7.72859023428982e-07,0.1794487198167335,7.728590231303346e-07,0.1794487864464181,7.728590232816763e-07,0.179448751107898,7.72859023428982e-07,0.1794487198167335,7.723813228613439e-07,0.1794490332418752,7.723813229716407e-07,0.1794490106664626,7.723813230764244e-07,0.1794489850446744,7.723813228613439e-07,0.1794490332418752,7.723813229716407e-07,0.1794490106664626,7.723813230764244e-07,0.1794489850446744,7.723813228613439e-07,0.1794490332418752,7.723813229716407e-07,0.1794490106664626,7.723813230764244e-07,0.1794489850446744,7.724009396660405e-07,0.179450542947992,7.724009397479674e-07,0.179450480741352,7.724009398904935e-07,0.1794504514257343,7.724009396660405e-07,0.179450542947992,7.724009397479674e-07,0.179450480741352,7.724009398904935e-07,0.1794504514257343,7.724009396660405e-07,0.179450542947992,7.724009397479674e-07,0.179450480741352,7.724009398904935e-07,0.1794504514257343,7.884269222290986e-07,0.1794506458637886,7.884269223810024e-07,0.1794506224802442,7.884269224773717e-07,0.1794505770526017,7.884269222290986e-07,0.1794506458637886,7.884269223810024e-07,0.1794506224802442,7.884269224773717e-07,0.1794505770526017,7.884269222290986e-07,0.1794506458637886,7.884269223810024e-07,0.1794506224802442,7.884269224773717e-07,0.1794505770526017
8e-07,0.1794440249015843,8e-07,0.1794439844079039,8e-07,0.1794439612433316,8e-07,0.1794440249015843,8e-07,0.1794439844079039,8e-07,0.1794439612433316,8e-07,0.1794440249015843,8e-07,0.1794439844079039,8e-07,0.1794439612433316,  ,  ,  ,  ,  ,  ,  ,  ,  ,  ,  ,  ,  ,  ,  ,  ,  ,  ,  ,  ,  ,  ,  ,  ,  ,  ,  ,  ,  ,  ,  ,  ,  ,  ,  ,  ,7.567364191505028e-07,0.1794468774656093,7.56736419266448e-07,0.1794468304623184,7.567364193829005e-07,0.1794467915802893,7.567364191505028e-07,0.1794468774656093,7.56736419266448e-07,0.1794468304623184,7.567364193829005e-07,0.1794467915802893,7.567364191505028e-07,0.1794468774656093,7.56736419266448e-07,0.1794468304623184,7.567364193829005e-07,0.1794467915802893,7.887402652121041e-07,0.1794470857240553,7.887402653562529e-07,0.1794470375140253,7.887402654958951e-07,0.1794469990402635,7.887402652121041e-07,0.1794470857240553,7.887402653562529e-07,0.1794470375140253,7.887402654958951e-07,0.1794469990402635,7.887402652121041e-07,0.1794470857240553,7.887402653562529e-07,0.1794470375140253,7.887402654958951e-07,0.1794469990402635,7.888590231303346e-07,0.1794486630378774,7.888590232816763e-07,0.1794486277013529,7.88859023428982e-07,0.179448596407037,7.888590231303346e-07,0.1794486630378774,7.888590232816763e-07,0.1794486277013529,7.88859023428982e-07,0.179448596407037,7.888590231303346e-07,0.1794486630378774,7.888590232816763e-07,0.1794486277013529,7.88859023428982e-07,0.179448596407037,7.883813228613439e-07,0.1794488956954702,7.883813229716408e-07,0.1794488731189954,7.883813230764245e-07,0.1794488474967555,7.883813228613439e-07,0.1794488956954702,7.883813229716408e-07,0.1794488731189954,7.883813230764245e-07,0.1794488474967555,7.883813228613439e-07,0.1794488956954702,7.883813229716408e-07,0.1794488731189954,7.883813230764245e-07,0.1794488474967555,7.884009396660405e-07,0.1794504194274351,7.884009397479674e-07,0.1794503572235633,7.884009398904935e-07,0.179450327908393,7.884009396660405e-07,0.1794504194274351,7.884009397479674e-07,0.1794503572235633,7.884009398904935e-07,0.179450327908393,7.884009396660405e-07,0.1794504194274351,7.884009397479674e-07,0.1794503572235633,7.884009398904935e-07,0.179450327908393,8e-07,0.1794505562989843,8e-07,0.1794505329178767,8e-07,0.1794504874911276,8e-07,0.1794505562989843,8e-07,0.1794505329178767,8e-07,0.1794504874911276,8e-07,0.1794505562989843,8e-07,0.1794505329178767,8e-07,0.1794504874911276
  ,  ,  ,  ,  ,  ,  ,  ,  ,  ,  ,  ,  ,  ,  ,  ,  ,  ,  ,  ,  ,  ,  ,  ,  ,  ,  ,  ,  ,  ,  ,  ,  ,  ,  ,  ,  ,  ,  ,  ,  ,  ,  ,  ,  ,  ,  ,  ,  ,  ,  ,  ,  ,  ,7.727364191505028e-07,0.1794467396699471,7.727364192664481e-07,0.1794466926695998,7.727364193829005e-07,0.1794466537821138,7.727364191505028e-07,0.1794467396699471,7.727364192664481e-07,0.1794466926695998,7.727364193829005e-07,0.1794466537821138,7.727364191505028e-07,0.1794467396699471,7.727364192664481e-07,0.1794466926695998,7.727364193829005e-07,0.1794466537821138,8e-07,0.1794469886696103,8e-07,0.1794469404597929,8e-07,0.1794469019872615,8e-07,0.1794469886696103,8e-07,0.1794469404597929,8e-07,0.1794469019872615,8e-07,0.1794469886696103,8e-07,0.1794469404597929,8e-07,0.1794469019872615,8e-07,0.1794485768144012,8e-07,0.1794485414780753,8e-07,0.1794485101807788,8e-07,0.1794485768144012,8e-07,0.1794485414780753,8e-07,0.1794485101807788,8e-07,0.1794485768144012,8e-07,0.1794485414780753,8e-07,0.1794485101807788,8e-07,0.1794487955900477,8e-07,0.1794487730181243,8e-07,0.1794487473935494,8e-07,0.1794487955900477,8e-07,0.1794487730181243,8e-07,0.1794487473935494,8e-07,0.1794487955900477,8e-07,0.1794487730181243,8e-07,0.1794487473935494,8e-07,0.1794503297594499,8e-07,0.1794502675514594,8e-07,0.1794502382396258,8e-07,0.1794503297594499,8e-07,0.1794502675514594,8e-07,0.1794502382396258,8e-07,0.1794503297594499,8e-07,0.1794502675514594,8e-07,0.1794502382396258,  ,  ,  ,  ,  ,  ,  ,  ,  ,  ,  ,  ,  ,  ,  ,  ,  ,  
  ,  ,  ,  ,  ,  ,  ,  ,  ,  ,  ,  ,  ,  ,  ,  ,  ,  ,  ,  ,  ,  ,  ,  ,  ,  ,  ,  ,  ,  ,  ,  ,  ,  ,  ,  ,  ,  ,  ,  ,  ,  ,  ,  ,  ,  ,  ,  ,  ,  ,  ,  ,  ,  ,7.887364191505029e-07,0.1794466021637807,7.887364192664481e-07,0.1794465551567169,7.887364193829005e-07,0.1794465162740511,7.887364191505029e-07,0.1794466021637807,7.887364192664481e-07,0.1794465551567169,7.887364193829005e-07,0.1794465162740511,7.887364191505029e-07,0.1794466021637807,7.887364192664481e-07,0.1794465551567169,7.887364193829005e-07,0.1794465162740511,  ,  ,  ,  ,  ,  ,  ,  ,  ,  ,  ,  ,  ,  ,  ,  ,  ,  ,  ,  ,  ,  ,  ,  ,  ,  ,  ,  ,  ,  ,  ,  ,  ,  ,  ,  ,  ,  ,  ,  ,  ,  ,  ,  ,  ,  ,  ,  ,  ,  ,  ,  ,  ,  ,  ,  ,  ,  ,  ,  ,  ,  ,  ,  ,  ,  ,  ,  ,  ,  ,  ,  ,  ,  ,  ,  ,  ,  ,  ,  ,  ,  ,  ,  ,  ,  ,  ,  ,  ,  
  ,  ,  ,  ,  ,  ,  ,  ,  ,  ,  ,  ,  ,  ,  ,  ,  ,  ,  ,  ,  ,  ,  ,  ,  ,  ,  ,  ,  ,  ,  ,  ,  ,  ,  ,  ,  ,  ,  ,  ,  ,  ,  ,  ,  ,  ,  ,  ,  ,  ,  ,  ,  ,  ,8e-07,0.1794465051256327,8e-07,0.1794464581228458,8e-07,0.1794464192384397,8e-07,0.1794465051256327,8e-07,0.1794464581228458,8e-07,0.1794464192384397,8e-07,0.1794465051256327,8e-07,0.1794464581228458,8e-07,0.1794464192384397,  ,  ,  ,  ,  ,  ,  ,  ,  ,  ,  ,  ,  ,  ,  ,  ,  ,  ,  ,  ,  ,  ,  ,  ,  ,  ,  ,  ,  ,  ,  ,  ,  ,  ,  ,  ,  ,  ,  ,  ,  ,  ,  ,  ,  ,  ,  ,  ,  ,  ,  ,  ,  ,  ,  ,  ,  ,  ,  ,  ,  ,  ,  ,  ,  ,  ,  ,  ,  ,  ,  ,  ,  ,  ,  ,  ,  ,  ,  ,  ,  ,  ,  ,  ,  ,  ,  ,  ,  ,  
