/A0 (Design_Point=1) X,/A0 (Design_Point=1) Y,/A1 (Design_Point=1) X,/A1 (Design_Point=1) Y,/Data_In_1 (Design_Point=1) X,/Data_In_1 (Design_Point=1) Y,/Data_In_2 (Design_Point=1) X,/Data_In_2 (Design_Point=1) Y,/Data_In_3 (Design_Point=1) X,/Data_In_3 (Design_Point=1) Y,/Data_In_4 (Design_Point=1) X,/Data_In_4 (Design_Point=1) Y,/EN (Design_Point=1) X,/EN (Design_Point=1) Y,/SAE (Design_Point=1) X,/SAE (Design_Point=1) Y,/WE (Design_Point=1) X,/WE (Design_Point=1) Y,/OA_Charge (Design_Point=1) X,/OA_Charge (Design_Point=1) Y,/IA_AnalogR1 (Design_Point=1) X,/IA_AnalogR1 (Design_Point=1) Y,/IA_AnalogR2 (Design_Point=1) X,/IA_AnalogR2 (Design_Point=1) Y,/IA_AnalogR3 (Design_Point=1) X,/IA_AnalogR3 (Design_Point=1) Y,/IA_AnalogR4 (Design_Point=1) X,/IA_AnalogR4 (Design_Point=1) Y,/Read_Out_1 (Design_Point=1) X,/Read_Out_1 (Design_Point=1) Y,/Read_Out_2 (Design_Point=1) X,/Read_Out_2 (Design_Point=1) Y,/Read_Out_3 (Design_Point=1) X,/Read_Out_3 (Design_Point=1) Y,/Read_Out_4 (Design_Point=1) X,/Read_Out_4 (Design_Point=1) Y
0,3.709179201831198e-12,0,2.271214863744794e-12,0,1.099999999999218,0,1.099999999999218,0,1.099999999999218,0,1.099999999999218,0,1.099999999994894,0,1.56908305680845e-13,0,1.099999999993556,0,0,0,2.859053768657166e-12,0,2.860079614343809e-12,0,2.860079614343809e-12,0,2.860079614343809e-12,0,1.099741603899693,0,1.099741603899693,0,1.099741603899693,0,1.099741603899693
8e-10,3.709179201831228e-12,8e-10,2.271214863744831e-12,8e-10,1.099999999999218,8e-10,1.099999999999218,8e-10,1.099999999999218,8e-10,1.099999999999218,8e-10,1.099999999994894,8e-10,1.569083056809927e-13,8e-10,1.099999999993556,8e-10,4.463073979628883e-21,8e-10,2.859053768657253e-12,8e-10,2.860079614343795e-12,8e-10,2.860079614343795e-12,8e-10,2.860079614343792e-12,8e-10,1.099741603899693,8e-10,1.099741603899693,8e-10,1.099741603899693,8e-10,1.099741603899693
2.4e-09,3.709179201831328e-12,2.4e-09,2.271214863744834e-12,2.4e-09,1.099999999999218,2.4e-09,1.099999999999218,2.4e-09,1.099999999999218,2.4e-09,1.099999999999218,2.4e-09,1.099999999994894,2.4e-09,1.569083056806862e-13,2.4e-09,1.099999999993556,2.4e-09,-3.386184327716446e-21,2.4e-09,2.859053768657319e-12,2.4e-09,2.860079614343803e-12,2.4e-09,2.860079614343803e-12,2.4e-09,2.860079614343802e-12,2.4e-09,1.099741603899693,2.4e-09,1.099741603899693,2.4e-09,1.099741603899693,2.4e-09,1.099741603899693
5.6e-09,3.709179201831164e-12,5.6e-09,2.271214863744807e-12,5.6e-09,1.099999999999218,5.6e-09,1.099999999999218,5.6e-09,1.099999999999218,5.6e-09,1.099999999999218,5.6e-09,1.099999999994894,5.6e-09,1.569083056809576e-13,5.6e-09,1.099999999993556,5.6e-09,3.018444281637664e-20,5.6e-09,2.859053768657151e-12,5.6e-09,2.86007961434379e-12,5.6e-09,2.860079614343789e-12,5.6e-09,2.860079614343787e-12,5.6e-09,1.099741603899694,5.6e-09,1.099741603899694,5.6e-09,1.099741603899694,5.6e-09,1.099741603899694
1.2e-08,3.709179201831171e-12,1.2e-08,2.271214863744786e-12,1.2e-08,1.099999999999218,1.2e-08,1.099999999999218,1.2e-08,1.099999999999218,1.2e-08,1.099999999999218,1.2e-08,1.099999999994894,1.2e-08,1.569083056807797e-13,1.2e-08,1.099999999993556,1.2e-08,-6.977328869339037e-20,1.2e-08,2.859053768657138e-12,1.2e-08,2.860079614343701e-12,1.2e-08,2.860079614343703e-12,1.2e-08,2.860079614343701e-12,1.2e-08,1.099741603899694,1.2e-08,1.099741603899694,1.2e-08,1.099741603899694,1.2e-08,1.099741603899694
2.48e-08,3.709179201831263e-12,2.48e-08,2.271214863744807e-12,2.48e-08,1.099999999999219,2.48e-08,1.099999999999219,2.48e-08,1.099999999999219,2.48e-08,1.099999999999219,2.48e-08,1.099999999994894,2.48e-08,1.569083056809262e-13,2.48e-08,1.099999999993556,2.48e-08,7.599090226312629e-20,2.48e-08,2.85905376865729e-12,2.48e-08,2.860079614343922e-12,2.48e-08,2.860079614343925e-12,2.48e-08,2.860079614343924e-12,2.48e-08,1.099741603899694,2.48e-08,1.099741603899694,2.48e-08,1.099741603899694,2.48e-08,1.099741603899694
3.74e-08,3.709179201831128e-12,3.74e-08,2.271214863744806e-12,3.74e-08,1.099999999999218,3.74e-08,1.099999999999218,3.74e-08,1.099999999999218,3.74e-08,1.099999999999218,3.74e-08,1.099999999994894,3.74e-08,1.569083056807771e-13,3.74e-08,1.099999999993556,3.74e-08,-9.013189953823216e-20,3.74e-08,2.859053768656918e-12,3.74e-08,2.860079614343704e-12,3.74e-08,2.860079614343706e-12,3.74e-08,2.860079614343705e-12,3.74e-08,1.099741603899693,3.74e-08,1.099741603899693,3.74e-08,1.099741603899693,3.74e-08,1.099741603899693
5e-08,3.709179201831227e-12,5e-08,2.271214863744702e-12,5e-08,1.099999999999219,5e-08,1.099999999999219,5e-08,1.099999999999219,5e-08,1.099999999999219,5e-08,1.099999999994894,5e-08,1.569083056809085e-13,5e-08,1.099999999993556,5e-08,1.057629630637076e-19,5e-08,2.859053768657592e-12,5e-08,2.860079614343909e-12,5e-08,2.860079614343909e-12,5e-08,2.860079614343908e-12,5e-08,1.099741603899693,5e-08,1.099741603899693,5e-08,1.099741603899693,5e-08,1.099741603899693
5.0025e-08,0.2749999876675265,5.0025e-08,-5.431722517523647e-12,5.0025e-08,1.099999999999218,5.0025e-08,1.099999999999218,5.0025e-08,1.099999999999218,5.0025e-08,1.099999999999218,5.0025e-08,1.099999999994735,5.0025e-08,1.566874697102311e-13,5.0025e-08,1.099999999993555,5.0025e-08,-2.349923524181384e-11,5.0025e-08,2.85862398167457e-12,5.0025e-08,2.860253155492816e-12,5.0025e-08,2.860068072864761e-12,5.0025e-08,2.860068190680606e-12,5.0025e-08,1.099741603615264,5.0025e-08,1.099741603615264,5.0025e-08,1.099741603615264,5.0025e-08,1.099741603615265
5.00347914937119e-08,0.3827064164743956,5.00347914937119e-08,-9.191574335016176e-10,5.00347914937119e-08,1.099999999999218,5.00347914937119e-08,1.099999999999218,5.00347914937119e-08,1.099999999999218,5.00347914937119e-08,1.099999999999218,5.00347914937119e-08,1.099999999959864,5.00347914937119e-08,5.577321184765417e-14,5.00347914937119e-08,1.099999999992885,5.00347914937119e-08,-1.266759449769631e-08,5.00347914937119e-08,2.593906522177049e-12,5.00347914937119e-08,2.85067842867251e-12,5.00347914937119e-08,2.845744202113488e-12,5.00347914937119e-08,2.844768451942195e-12,5.00347914937119e-08,1.099741557727647,5.00347914937119e-08,1.099741557727339,5.00347914937119e-08,1.099741557727618,5.00347914937119e-08,1.099741557728547
5.004645455504641e-08,0.5110000909863394,5.004645455504641e-08,-2.605774974215281e-09,5.004645455504641e-08,1.099999999999218,5.004645455504641e-08,1.099999999999218,5.004645455504641e-08,1.099999999999218,5.004645455504641e-08,1.099999999999218,5.004645455504641e-08,1.099999999953681,5.004645455504641e-08,1.429771401687329e-13,5.004645455504641e-08,1.099999999993687,5.004645455504641e-08,-1.147288761425889e-08,5.004645455504641e-08,2.960335478380458e-12,5.004645455504641e-08,2.851063611945978e-12,5.004645455504641e-08,2.864761186420654e-12,5.004645455504641e-08,2.867819405615695e-12,5.004645455504641e-08,1.099741529941202,5.004645455504641e-08,1.099741529941327,5.004645455504641e-08,1.09974152994128,5.004645455504641e-08,1.099741529941066
5.004970254612221e-08,0.5467279917493033,5.004970254612221e-08,-3.8022757951571e-09,5.004970254612221e-08,1.099999999999218,5.004970254612221e-08,1.099999999999218,5.004970254612221e-08,1.099999999999218,5.004970254612221e-08,1.099999999999218,5.004970254612221e-08,1.099999999926277,5.004970254612221e-08,3.293733354526844e-14,5.004970254612221e-08,1.099999999992832,5.004970254612221e-08,-1.251950653522608e-08,5.004970254612221e-08,2.531227652249637e-12,5.004970254612221e-08,2.900220130723215e-12,5.004970254612221e-08,2.826794393727165e-12,5.004970254612221e-08,2.816215100828832e-12,5.004970254612221e-08,1.099741520524288,5.004970254612221e-08,1.099741520524378,5.004970254612221e-08,1.099741520524327,5.004970254612221e-08,1.099741520524142
5.00561985282738e-08,0.6181837954499002,5.00561985282738e-08,-5.079644102829884e-09,5.00561985282738e-08,1.099999999999218,5.00561985282738e-08,1.099999999999218,5.00561985282738e-08,1.099999999999218,5.00561985282738e-08,1.099999999999218,5.00561985282738e-08,1.099999999934274,5.00561985282738e-08,1.420436402853977e-13,5.00561985282738e-08,1.099999999993669,5.00561985282738e-08,-1.016039812078017e-08,5.00561985282738e-08,3.025854817334991e-12,5.00561985282738e-08,2.809982099964158e-12,5.00561985282738e-08,2.896767305583523e-12,5.00561985282738e-08,2.923107105447534e-12,5.00561985282738e-08,1.099741504513329,5.00561985282738e-08,1.099741504513392,5.00561985282738e-08,1.099741504513408,5.00561985282738e-08,1.09974150451339
5.006089906323542e-08,0.6698896787679376,5.006089906323542e-08,-5.095730776509029e-09,5.006089906323542e-08,1.099999999999219,5.006089906323542e-08,1.099999999999219,5.006089906323542e-08,1.099999999999219,5.006089906323542e-08,1.099999999999219,5.006089906323542e-08,1.099999999978937,5.006089906323542e-08,4.102035003739648e-13,5.006089906323542e-08,1.09999999999564,5.006089906323542e-08,2.400935959995022e-08,5.006089906323542e-08,3.762531364429533e-12,5.006089906323542e-08,2.934576747250111e-12,5.006089906323542e-08,2.861127890216691e-12,5.006089906323542e-08,2.86479222694516e-12,5.006089906323542e-08,1.099741594491681,5.006089906323542e-08,1.099741594492917,5.006089906323542e-08,1.099741594491852,5.006089906323542e-08,1.099741594488274
5.006619500908618e-08,0.7281450837493877,5.006619500908618e-08,-7.1651247319058e-10,5.006619500908618e-08,1.099999999999221,5.006619500908618e-08,1.099999999999221,5.006619500908618e-08,1.099999999999221,5.006619500908618e-08,1.099999999999221,5.006619500908618e-08,1.100000000288168,5.006619500908618e-08,1.863710070425899e-12,5.006619500908618e-08,1.100000000005547,5.006619500908618e-08,1.924369962324663e-07,5.006619500908618e-08,7.814710148123093e-12,5.006619500908618e-08,2.94179745691592e-12,5.006619500908618e-08,3.268684247168927e-12,5.006619500908618e-08,3.072937139437129e-12,5.006619500908618e-08,1.099742147845585,5.006619500908618e-08,1.099742147851481,5.006619500908618e-08,1.099742147846187,5.006619500908618e-08,1.099742147828554
5.007147180509431e-08,0.7861898391526184,5.007147180509431e-08,2.867606924365935e-09,5.007147180509431e-08,1.099999999999224,5.007147180509431e-08,1.099999999999224,5.007147180509431e-08,1.099999999999224,5.007147180509431e-08,1.099999999999224,5.007147180509431e-08,1.100000000960951,5.007147180509431e-08,5.55879512624733e-12,5.007147180509431e-08,1.100000000029176,5.007147180509431e-08,7.046490245927053e-07,5.007147180509431e-08,1.540020208203754e-11,5.007147180509431e-08,3.356670454053599e-12,5.007147180509431e-08,6.1911909839542e-12,5.007147180509431e-08,3.21722514889206e-12,5.007147180509431e-08,1.099743910653413,5.007147180509431e-08,1.099743910670673,5.007147180509431e-08,1.09974391065782,5.007147180509431e-08,1.099743910611909
5.007550318667276e-08,0.8305350380267753,5.007550318667276e-08,3.406129742989488e-09,5.007550318667276e-08,1.099999999999242,5.007550318667276e-08,1.099999999999242,5.007550318667276e-08,1.099999999999242,5.007550318667276e-08,1.099999999999242,5.007550318667276e-08,1.100000001879628,5.007550318667276e-08,1.565788570660646e-11,5.007550318667276e-08,1.100000000098109,5.007550318667276e-08,1.854916033076665e-06,5.007550318667276e-08,4.696233493088515e-11,5.007550318667276e-08,4.032367327927039e-12,5.007550318667276e-08,4.711007782439423e-12,5.007550318667276e-08,4.11482996053448e-12,5.007550318667276e-08,1.099747911906914,5.007550318667276e-08,1.099747911954617,5.007550318667276e-08,1.099747911912353,5.007550318667276e-08,1.099747911770715
5.007991956454749e-08,0.8791151955642286,5.007991956454749e-08,6.163241231564021e-09,5.007991956454749e-08,1.099999999999114,5.007991956454749e-08,1.099999999999114,5.007991956454749e-08,1.099999999999114,5.007991956454749e-08,1.099999999999114,5.007991956454749e-08,1.10000000287024,5.007991956454749e-08,-1.188011683141949e-11,5.007991956454749e-08,1.099999999884653,5.007991956454749e-08,6.22541704998241e-07,5.007991956454749e-08,-3.723965925803669e-11,5.007991956454749e-08,2.231701627389152e-12,5.007991956454749e-08,-2.339217304623912e-11,5.007991956454749e-08,2.108825436902666e-12,5.007991956454749e-08,1.09974673922074,5.007991956454749e-08,1.099746739200398,5.007991956454749e-08,1.099746739175486,5.007991956454749e-08,1.099746739138959
5.008434617471052e-08,0.9278079099433552,5.008434617471052e-08,5.400277129955243e-09,5.008434617471052e-08,1.099999999998879,5.008434617471052e-08,1.099999999998879,5.008434617471052e-08,1.099999999998879,5.008434617471052e-08,1.099999999998879,5.008434617471052e-08,1.100000000627275,5.008434617471052e-08,-1.260088438921998e-10,5.008434617471052e-08,1.099999999033874,5.008434617471052e-08,-1.16312493892859e-05,5.008434617471052e-08,-3.614902575583252e-10,5.008434617471052e-08,-6.674459102935847e-12,5.008434617471052e-08,-5.574267174577976e-11,5.008434617471052e-08,-6.760880291597633e-12,5.008434617471052e-08,1.099710861188653,5.008434617471052e-08,1.099710860760453,5.008434617471052e-08,1.099710861059505,5.008434617471052e-08,1.099710862145692
5.008802646725149e-08,0.9682911283991107,5.008802646725149e-08,3.984956904790761e-09,5.008802646725149e-08,1.099999999998883,5.008802646725149e-08,1.099999999998883,5.008802646725149e-08,1.099999999998883,5.008802646725149e-08,1.099999999998883,5.008802646725149e-08,1.099999999025004,5.008802646725149e-08,-2.044446068043648e-10,5.008802646725149e-08,1.099999998451964,5.008802646725149e-08,-2.927569588638518e-05,5.008802646725149e-08,-6.91824330822636e-10,5.008802646725149e-08,-1.489339170981715e-11,5.008802646725149e-08,9.77935659543072e-11,5.008802646725149e-08,-1.490514787013844e-11,5.008802646725149e-08,1.099645425044702,5.008802646725149e-08,1.099645424145067,5.008802646725149e-08,1.099645425084669,5.008802646725149e-08,1.099645428062407
5.009204760574982e-08,1.012523653405847,5.009204760574982e-08,2.084378758141625e-09,5.009204760574982e-08,1.100000000000527,5.009204760574982e-08,1.100000000000527,5.009204760574982e-08,1.100000000000527,5.009204760574982e-08,1.100000000000526,5.009204760574982e-08,1.099999997612082,5.009204760574982e-08,-6.890283997032481e-11,5.009204760574982e-08,1.099999999712116,5.009204760574982e-08,-3.126684726070982e-05,5.009204760574982e-08,-3.881259192925351e-10,5.009204760574982e-08,-6.313489864370899e-12,5.009204760574982e-08,4.366548715481605e-10,5.009204760574982e-08,-6.167095950837214e-12,5.009204760574982e-08,1.099600068821809,5.009204760574982e-08,1.099600068187705,5.009204760574982e-08,1.099600069541066,5.009204760574982e-08,1.099600073188651
5.009525525431615e-08,1.047807787369488,5.009525525431615e-08,1.923093873693515e-09,5.009525525431615e-08,1.099999999999269,5.009525525431615e-08,1.099999999999269,5.009525525431615e-08,1.099999999999269,5.009525525431615e-08,1.09999999999927,5.009525525431615e-08,1.09999999782287,5.009525525431615e-08,5.779272730868658e-12,5.009525525431615e-08,1.100000000248967,5.009525525431615e-08,-1.737796242209636e-05,5.009525525431615e-08,-4.15438910190253e-10,5.009525525431615e-08,-2.100141726325207e-12,5.009525525431615e-08,6.263382238363993e-10,5.009525525431615e-08,-2.129097848671938e-12,5.009525525431615e-08,1.099607917833346,5.009525525431615e-08,1.099607917827157,5.009525525431615e-08,1.099607919013275,5.009525525431615e-08,1.099607921684392
5.009762762715807e-08,1.073903889551788,5.009762762715807e-08,1.70775873504231e-09,5.009762762715807e-08,1.099999999999854,5.009762762715807e-08,1.099999999999854,5.009762762715807e-08,1.099999999999854,5.009762762715807e-08,1.099999999999854,5.009762762715807e-08,1.099999998555353,5.009762762715807e-08,3.576702764961406e-11,5.009762762715807e-08,1.100000000644031,5.009762762715807e-08,-7.427796734122688e-06,5.009762762715807e-08,-1.493183902090453e-10,5.009762762715807e-08,4.861106355775411e-12,5.009762762715807e-08,3.709732998282519e-10,5.009762762715807e-08,4.97467074196643e-12,5.009762762715807e-08,1.09962954354955,5.009762762715807e-08,1.099629543814606,5.009762762715807e-08,1.099629544639686,5.009762762715807e-08,1.09962954624762
5.01e-08,1.099999990258244,5.01e-08,1.72127165201232e-09,5.01e-08,1.099999999998781,5.01e-08,1.099999999998781,5.01e-08,1.099999999998781,5.01e-08,1.099999999998782,5.01e-08,1.09999999917354,5.01e-08,6.097718402037008e-11,5.01e-08,1.10000000081404,5.01e-08,6.808890075356765e-07,5.01e-08,-1.980704007222364e-10,5.01e-08,7.05841502462162e-12,5.01e-08,4.331181872103271e-10,5.01e-08,7.000056251852512e-12,5.01e-08,1.09966218171555,5.01e-08,1.099662182013712,5.01e-08,1.099662182490493,5.01e-08,1.099662183276453
5.010255132046506e-08,1.09999999944009,5.010255132046506e-08,1.00496664446946e-09,5.010255132046506e-08,1.099999999999075,5.010255132046506e-08,1.099999999999075,5.010255132046506e-08,1.099999999999075,5.010255132046506e-08,1.099999999999075,5.010255132046506e-08,1.09999999941257,5.010255132046506e-08,7.892079690954281e-11,5.010255132046506e-08,1.100000000937422,5.010255132046506e-08,7.557309869360109e-06,5.010255132046506e-08,-5.61053225611995e-12,5.010255132046506e-08,1.0702434658593e-11,5.010255132046506e-08,2.664975542566588e-10,5.010255132046506e-08,1.075321406932753e-11,5.010255132046506e-08,1.099703543676065,5.010255132046506e-08,1.099703543922701,5.010255132046506e-08,1.099703544400765,5.010255132046506e-08,1.099703545204826
5.010588537613048e-08,1.099999999654677,5.010588537613048e-08,7.772692502159576e-10,5.010588537613048e-08,1.099999999998837,5.010588537613048e-08,1.099999999998837,5.010588537613048e-08,1.099999999998837,5.010588537613048e-08,1.099999999998837,5.010588537613048e-08,1.099999999697591,5.010588537613048e-08,9.992743130300043e-11,5.010588537613048e-08,1.100000000869479,5.010588537613048e-08,1.807588079866114e-05,5.010588537613048e-08,2.248821489518417e-10,5.010588537613048e-08,1.537840588628372e-11,5.010588537613048e-08,1.851936765902624e-10,5.010588537613048e-08,1.529747132455464e-11,5.010588537613048e-08,1.099754875182027,5.010588537613048e-08,1.099754875376982,5.010588537613048e-08,1.099754876105723,5.010588537613048e-08,1.099754877481991
5.010935991505659e-08,1.09999999973867,5.010935991505659e-08,5.141495833307315e-10,5.010935991505659e-08,1.099999999998481,5.010935991505659e-08,1.099999999998481,5.010935991505659e-08,1.099999999998481,5.010935991505659e-08,1.099999999998481,5.010935991505659e-08,1.099999999891101,5.010935991505659e-08,6.230721665424453e-11,5.010935991505659e-08,1.100000000375097,5.010935991505659e-08,2.408503314379967e-05,5.010935991505659e-08,1.60900795557742e-10,5.010935991505659e-08,1.546164751854182e-11,5.010935991505659e-08,2.377636770074346e-11,5.010935991505659e-08,1.549642940367319e-11,5.010935991505659e-08,1.099784098680822,5.010935991505659e-08,1.099784098689341,5.010935991505659e-08,1.099784099786682,5.010935991505659e-08,1.099784102159503
5.01144784969612e-08,1.099999999821675,5.01144784969612e-08,2.041207369653005e-10,5.01144784969612e-08,1.099999999999279,5.01144784969612e-08,1.099999999999279,5.01144784969612e-08,1.099999999999279,5.01144784969612e-08,1.099999999999279,5.01144784969612e-08,1.099999999907994,5.01144784969612e-08,3.496330800297259e-11,5.01144784969612e-08,1.099999999972569,5.01144784969612e-08,2.257286082118616e-05,5.01144784969612e-08,2.458630536486494e-10,5.01144784969612e-08,1.486019561659891e-11,5.01144784969612e-08,-9.947638850262416e-11,5.01144784969612e-08,1.483142669852096e-11,5.01144784969612e-08,1.099787821425933,5.01144784969612e-08,1.099787821044341,5.01144784969612e-08,1.099787822251937,5.01144784969612e-08,1.099787825291018
5.011986006167156e-08,1.099999999850402,5.011986006167156e-08,2.899413177085374e-11,5.011986006167156e-08,1.099999999999408,5.011986006167156e-08,1.099999999999408,5.011986006167156e-08,1.099999999999408,5.011986006167156e-08,1.099999999999408,5.011986006167156e-08,1.09999999997877,5.011986006167156e-08,5.882501860759715e-12,5.011986006167156e-08,1.099999999881105,5.011986006167156e-08,1.503663087863687e-05,5.011986006167156e-08,1.11028720421603e-10,5.011986006167156e-08,8.650160473001341e-12,5.011986006167156e-08,-1.602819553038802e-10,5.011986006167156e-08,8.675396043982083e-12,5.011986006167156e-08,1.099772403313598,5.011986006167156e-08,1.099772402761329,5.011986006167156e-08,1.09977240370032,5.011986006167156e-08,1.099772406360471
5.012617387829425e-08,1.099999999893748,5.012617387829425e-08,-5.919929829299577e-11,5.012617387829425e-08,1.099999999999411,5.012617387829425e-08,1.099999999999411,5.012617387829425e-08,1.099999999999411,5.012617387829425e-08,1.099999999999411,5.012617387829425e-08,1.099999999929573,5.012617387829425e-08,1.411487097554601e-11,5.012617387829425e-08,1.099999999953614,5.012617387829425e-08,6.969905011670477e-06,5.012617387829425e-08,1.65367207192787e-10,5.012617387829425e-08,5.350660858994776e-12,5.012617387829425e-08,-1.196808220169604e-10,5.012617387829425e-08,5.322084972813748e-12,5.012617387829425e-08,1.099758315305094,5.012617387829425e-08,1.099758314912234,5.012617387829425e-08,1.099758315353455,5.012617387829425e-08,1.099758316765055
5.013351413834239e-08,1.099999999905351,5.013351413834239e-08,-9.050156703851729e-11,5.013351413834239e-08,1.099999999999144,5.013351413834239e-08,1.099999999999144,5.013351413834239e-08,1.099999999999143,5.013351413834239e-08,1.099999999999144,5.013351413834239e-08,1.100000000006385,5.013351413834239e-08,-4.623696709717825e-12,5.013351413834239e-08,1.099999999955057,5.013351413834239e-08,7.701085929900055e-07,5.013351413834239e-08,3.631971830341155e-11,5.013351413834239e-08,2.674744860960477e-13,5.013351413834239e-08,-1.278608070415981e-10,5.013351413834239e-08,2.922715817409443e-13,5.013351413834239e-08,1.099749956843955,5.013351413834239e-08,1.09974995669365,5.013351413834239e-08,1.099749956682555,5.013351413834239e-08,1.099749956909595
5.014268163990684e-08,1.099999999933979,5.014268163990684e-08,-8.994999858023889e-11,5.014268163990684e-08,1.099999999999265,5.014268163990684e-08,1.099999999999265,5.014268163990684e-08,1.099999999999266,5.014268163990684e-08,1.099999999999265,5.014268163990684e-08,1.0999999999581,5.014268163990684e-08,8.465634498260318e-12,5.014268163990684e-08,1.099999999999605,5.014268163990684e-08,-2.62739366663065e-06,5.014268163990684e-08,1.073146405415967e-10,5.014268163990684e-08,6.299528043322972e-13,5.014268163990684e-08,-6.446046427755898e-11,5.014268163990684e-08,6.032331466140766e-13,5.014268163990684e-08,1.099745818993705,5.014268163990684e-08,1.099745819018871,5.014268163990684e-08,1.09974581879281,5.014268163990684e-08,1.09974581833363
5.015468822233381e-08,1.099999999936188,5.015468822233381e-08,-8.171788540100697e-11,5.015468822233381e-08,1.099999999999155,5.015468822233381e-08,1.099999999999155,5.015468822233381e-08,1.099999999999155,5.015468822233381e-08,1.099999999999155,5.015468822233381e-08,1.100000000023801,5.015468822233381e-08,-7.20347826526549e-12,5.015468822233381e-08,1.099999999979303,5.015468822233381e-08,-3.314998072538196e-06,5.015468822233381e-08,-7.846198842562236e-12,5.015468822233381e-08,-6.795117989925306e-13,5.015468822233381e-08,-7.086242168869129e-11,5.015468822233381e-08,-6.534493909614676e-13,5.015468822233381e-08,1.099744321803198,5.015468822233381e-08,1.099744321888608,5.015468822233381e-08,1.099744321655044,5.015468822233381e-08,1.099744321079536
5.017120279318569e-08,1.099999999958933,5.017120279318569e-08,-5.853225426520778e-11,5.017120279318569e-08,1.099999999999274,5.017120279318569e-08,1.099999999999274,5.017120279318569e-08,1.099999999999274,5.017120279318569e-08,1.099999999999274,5.017120279318569e-08,1.099999999964744,5.017120279318569e-08,7.698901633585952e-12,5.017120279318569e-08,1.100000000007002,5.017120279318569e-08,-2.086097003049524e-06,5.017120279318569e-08,7.595160755254694e-11,5.017120279318569e-08,2.478269432613844e-12,5.017120279318569e-08,-1.309039809888227e-11,5.017120279318569e-08,2.452015030153167e-12,5.017120279318569e-08,1.099744068164594,5.017120279318569e-08,1.099744068224739,5.017120279318569e-08,1.099744068080203,5.017120279318569e-08,1.099744067712932
5.019569763769361e-08,1.099999999958017,5.019569763769361e-08,-4.506394306763095e-11,5.019569763769361e-08,1.099999999999164,5.019569763769361e-08,1.099999999999164,5.019569763769361e-08,1.099999999999164,5.019569763769361e-08,1.099999999999164,5.019569763769361e-08,1.100000000025045,5.019569763769361e-08,-7.393551740575831e-12,5.019569763769361e-08,1.099999999980331,5.019569763769361e-08,-6.88888507737865e-07,5.019569763769361e-08,-3.256670316336084e-11,5.019569763769361e-08,1.871722195136466e-12,5.019569763769361e-08,-3.173418056238004e-11,5.019569763769361e-08,1.897934910220998e-12,5.019569763769361e-08,1.099744012014678,5.019569763769361e-08,1.099744012032119,5.019569763769361e-08,1.09974401198655,5.019569763769361e-08,1.09974401185052
5.023810849465938e-08,1.099999999978593,5.023810849465938e-08,-2.336369100762919e-11,5.023810849465938e-08,1.099999999999272,5.023810849465938e-08,1.099999999999272,5.023810849465938e-08,1.099999999999272,5.023810849465938e-08,1.099999999999272,5.023810849465938e-08,1.099999999964778,5.023810849465938e-08,7.707682296354623e-12,5.023810849465938e-08,1.100000000006969,5.023810849465938e-08,1.638295560220026e-08,5.023810849465938e-08,5.587691123871202e-11,5.023810849465938e-08,3.943020158163274e-12,5.023810849465938e-08,1.59991500648119e-11,5.023810849465938e-08,3.916846544325125e-12,5.023810849465938e-08,1.099743992877451,5.023810849465938e-08,1.099743992876204,5.023810849465938e-08,1.099743992879427,5.023810849465938e-08,1.099743992882104
5.031869403054187e-08,1.09999999997605,5.031869403054187e-08,-1.612521620543216e-11,5.031869403054187e-08,1.099999999999165,5.031869403054187e-08,1.099999999999165,5.031869403054187e-08,1.099999999999165,5.031869403054187e-08,1.099999999999165,5.031869403054187e-08,1.100000000025012,5.031869403054187e-08,-7.398238044982611e-12,5.031869403054187e-08,1.099999999980335,5.031869403054187e-08,-4.474740324629799e-09,5.031869403054187e-08,-4.559025160853707e-11,5.031869403054187e-08,1.986789902617959e-12,5.031869403054187e-08,-1.53610934448152e-11,5.031869403054187e-08,2.012950034767068e-12,5.031869403054187e-08,1.099743896308882,5.031869403054187e-08,1.099743896307034,5.031869403054187e-08,1.099743896315707,5.031869403054187e-08,1.099743896331313
5.043362225737064e-08,1.099999999992129,5.043362225737064e-08,-4.601599734444506e-12,5.043362225737064e-08,1.099999999999271,5.043362225737064e-08,1.099999999999271,5.043362225737064e-08,1.099999999999271,5.043362225737064e-08,1.099999999999271,5.043362225737064e-08,1.099999999964781,5.043362225737064e-08,7.712048192042643e-12,5.043362225737064e-08,1.100000000006931,5.043362225737064e-08,7.372553008684128e-09,5.043362225737064e-08,5.156067020546925e-11,5.043362225737064e-08,3.740967408764164e-12,5.043362225737064e-08,2.084474915647266e-11,5.043362225737064e-08,3.714822691244412e-12,5.043362225737064e-08,1.099743815252767,5.043362225737064e-08,1.099743815252735,5.043362225737064e-08,1.099743815251007,5.043362225737064e-08,1.099743815253834
5.059941189345288e-08,1.099999999984576,5.059941189345288e-08,-5.897576325833197e-12,5.059941189345288e-08,1.099999999999166,5.059941189345288e-08,1.099999999999166,5.059941189345288e-08,1.099999999999166,5.059941189345288e-08,1.099999999999166,5.059941189345288e-08,1.100000000025006,5.059941189345288e-08,-7.398029193023722e-12,5.059941189345288e-08,1.099999999980324,5.059941189345288e-08,-6.959202661983202e-09,5.059941189345288e-08,-4.580837518256411e-11,5.059941189345288e-08,1.980185302937561e-12,5.059941189345288e-08,-1.517583442931504e-11,5.059941189345288e-08,2.006319305012123e-12,5.059941189345288e-08,1.099743671797153,5.059941189345288e-08,1.099743671797749,5.059941189345288e-08,1.099743671798579,5.059941189345288e-08,1.09974367179448
5.084460077776037e-08,1.099999999997969,5.084460077776037e-08,1.215234988345819e-12,5.084460077776037e-08,1.099999999999271,5.084460077776037e-08,1.099999999999271,5.084460077776037e-08,1.099999999999271,5.084460077776037e-08,1.099999999999271,5.084460077776037e-08,1.099999999964784,5.084460077776037e-08,7.716293570773473e-12,5.084460077776037e-08,1.100000000006895,5.084460077776037e-08,7.704681066765026e-09,5.084460077776037e-08,5.152104340515687e-11,5.084460077776037e-08,3.739817889821797e-12,5.084460077776037e-08,2.091053939872494e-11,5.084460077776037e-08,3.713691415817122e-12,5.084460077776037e-08,1.099743520070239,5.084460077776037e-08,1.099743520070658,5.084460077776037e-08,1.099743520069263,5.084460077776037e-08,1.099743520070709
5.122498485311029e-08,1.099999999988692,5.122498485311029e-08,-2.067736104593601e-12,5.122498485311029e-08,1.099999999999166,5.122498485311029e-08,1.099999999999166,5.122498485311029e-08,1.099999999999166,5.122498485311029e-08,1.099999999999166,5.122498485311029e-08,1.100000000025004,5.122498485311029e-08,-7.394699986300337e-12,5.122498485311029e-08,1.099999999980306,5.122498485311029e-08,-6.934053422966651e-09,5.122498485311029e-08,-4.579833227739159e-11,5.122498485311029e-08,1.980372503956626e-12,5.122498485311029e-08,-1.520024032547809e-11,5.122498485311029e-08,2.006494013351401e-12,5.122498485311029e-08,1.099743268701415,5.122498485311029e-08,1.099743268702566,5.122498485311029e-08,1.099743268702774,5.122498485311029e-08,1.099743268697022
5.181633209641572e-08,1.100000000001161,5.181633209641572e-08,3.621770928415639e-12,5.181633209641572e-08,1.099999999999271,5.181633209641572e-08,1.099999999999271,5.181633209641572e-08,1.099999999999271,5.181633209641572e-08,1.099999999999271,5.181633209641572e-08,1.099999999964785,5.181633209641572e-08,7.721658278006228e-12,5.181633209641572e-08,1.100000000006869,5.181633209641572e-08,7.630329228015928e-09,5.181633209641572e-08,5.151742154722725e-11,5.181633209641572e-08,3.739781769452965e-12,5.181633209641572e-08,2.092274848954685e-11,5.181633209641572e-08,3.713663498547327e-12,5.181633209641572e-08,1.099742937172579,5.181633209641572e-08,1.099742937173444,5.181633209641572e-08,1.099742937171562,5.181633209641572e-08,1.099742937171248
5.268219970925564e-08,1.099999999990761,5.268219970925564e-08,-6.561467296929971e-13,5.268219970925564e-08,1.099999999999166,5.268219970925564e-08,1.099999999999166,5.268219970925564e-08,1.099999999999166,5.268219970925564e-08,1.099999999999166,5.268219970925564e-08,1.100000000025003,5.268219970925564e-08,-7.390878401689922e-12,5.268219970925564e-08,1.099999999980294,5.268219970925564e-08,-6.862620994169293e-09,5.268219970925564e-08,-4.57967074526828e-11,5.268219970925564e-08,1.980376755200158e-12,5.268219970925564e-08,-1.520726739833465e-11,5.268219970925564e-08,2.00649279078187e-12,5.268219970925564e-08,1.099742453312288,5.268219970925564e-08,1.099742453313635,5.268219970925564e-08,1.099742453313234,5.268219970925564e-08,1.099742453305995
5.401688199521391e-08,1.100000000002512,5.401688199521391e-08,4.531950121333427e-12,5.401688199521391e-08,1.09999999999927,5.401688199521391e-08,1.09999999999927,5.401688199521391e-08,1.09999999999927,5.401688199521391e-08,1.09999999999927,5.401688199521391e-08,1.099999999964786,5.401688199521391e-08,7.723265223337128e-12,5.401688199521391e-08,1.100000000006856,5.401688199521391e-08,7.574059148954639e-09,5.401688199521391e-08,5.151658174330512e-11,5.401688199521391e-08,3.739784057518194e-12,5.401688199521391e-08,2.09271039105215e-11,5.401688199521391e-08,3.713669478472158e-12,5.401688199521391e-08,1.099741890425194,5.401688199521391e-08,1.099741890425835,5.401688199521391e-08,1.099741890423545,5.401688199521391e-08,1.099741890422541
5.614330933131112e-08,1.099999999991602,5.614330933131112e-08,-2.372799803834933e-13,5.614330933131112e-08,1.099999999999166,5.614330933131112e-08,1.099999999999166,5.614330933131112e-08,1.099999999999166,5.614330933131112e-08,1.099999999999166,5.614330933131112e-08,1.100000000025003,5.614330933131112e-08,-7.393655090388691e-12,5.614330933131112e-08,1.099999999980284,5.614330933131112e-08,-6.828317809510981e-09,5.614330933131112e-08,-4.579625848468786e-11,5.614330933131112e-08,1.980373549794359e-12,5.614330933131112e-08,-1.520997518306826e-11,5.614330933131112e-08,2.006487208451956e-12,5.614330933131112e-08,1.099741366966949,5.614330933131112e-08,1.099741366967712,5.614330933131112e-08,1.099741366967179,5.614330933131112e-08,1.099741366960342
5.914892856657512e-08,1.100000000003011,5.914892856657512e-08,4.719502804912536e-12,5.914892856657512e-08,1.09999999999927,5.914892856657512e-08,1.09999999999927,5.914892856657512e-08,1.09999999999927,5.914892856657512e-08,1.09999999999927,5.914892856657512e-08,1.099999999964786,5.914892856657512e-08,7.717825798190141e-12,5.914892856657512e-08,1.100000000006844,5.914892856657512e-08,7.545271052068385e-09,5.914892856657512e-08,5.151632088039706e-11,5.914892856657512e-08,3.739786844716611e-12,5.914892856657512e-08,2.092879046807521e-11,5.914892856657512e-08,3.713673836166924e-12,5.914892856657512e-08,1.099741220188374,5.914892856657512e-08,1.099741220188395,5.914892856657512e-08,1.099741220186353,5.914892856657512e-08,1.099741220186561
6.433381695264624e-08,1.099999999991905,6.433381695264624e-08,-1.901992877563651e-13,6.433381695264624e-08,1.099999999999167,6.433381695264624e-08,1.099999999999167,6.433381695264624e-08,1.099999999999167,6.433381695264624e-08,1.099999999999167,6.433381695264624e-08,1.100000000025002,6.433381695264624e-08,-7.399438974789804e-12,6.433381695264624e-08,1.099999999980275,6.433381695264624e-08,-6.813782223980552e-09,6.433381695264624e-08,-4.579610064351646e-11,6.433381695264624e-08,1.98037155708489e-12,6.433381695264624e-08,-1.521110459405577e-11,6.433381695264624e-08,2.006484185636235e-12,6.433381695264624e-08,1.099741357301063,6.433381695264624e-08,1.099741357301489,6.433381695264624e-08,1.099741357301494,6.433381695264624e-08,1.099741357296202
7.227901999429394e-08,1.100000000003205,7.227901999429394e-08,4.734425859306131e-12,7.227901999429394e-08,1.09999999999927,7.227901999429394e-08,1.09999999999927,7.227901999429394e-08,1.09999999999927,7.227901999429394e-08,1.09999999999927,7.227901999429394e-08,1.099999999964786,7.227901999429394e-08,7.714294333618623e-12,7.227901999429394e-08,1.100000000006838,7.227901999429394e-08,7.533212810912733e-09,7.227901999429394e-08,5.151623039083116e-11,7.227901999429394e-08,3.739788176738223e-12,7.227901999429394e-08,2.092943932975671e-11,7.227901999429394e-08,3.713675793788046e-12,7.227901999429394e-08,1.09974155283975,7.227901999429394e-08,1.099741552839688,7.227901999429394e-08,1.099741552838318,7.227901999429394e-08,1.099741552840072
8.376029178786391e-08,1.09999999999201,8.376029178786391e-08,-1.926176157996831e-13,8.376029178786391e-08,1.099999999999167,8.376029178786391e-08,1.099999999999167,8.376029178786391e-08,1.099999999999167,8.376029178786391e-08,1.099999999999167,8.376029178786391e-08,1.100000000025002,8.376029178786391e-08,-7.40045794559681e-12,8.376029178786391e-08,1.099999999980274,8.376029178786391e-08,-6.807082611071653e-09,8.376029178786391e-08,-4.579604221744398e-11,8.376029178786391e-08,1.980370651909586e-12,8.376029178786391e-08,-1.52115484229253e-11,8.376029178786391e-08,2.006482862096949e-12,8.376029178786391e-08,1.099741574086153,8.376029178786391e-08,1.099741574086549,8.376029178786391e-08,1.099741574087136,8.376029178786391e-08,1.099741574083172
9.188014589393195e-08,1.100000000003256,9.188014589393195e-08,4.735583357788091e-12,9.188014589393195e-08,1.09999999999927,9.188014589393195e-08,1.09999999999927,9.188014589393195e-08,1.09999999999927,9.188014589393195e-08,1.09999999999927,9.188014589393195e-08,1.099999999964786,9.188014589393195e-08,7.714280453539282e-12,9.188014589393195e-08,1.100000000006838,9.188014589393195e-08,7.526134609347982e-09,9.188014589393195e-08,5.151617447358064e-11,9.188014589393195e-08,3.73978910381003e-12,9.188014589393195e-08,2.092987119607343e-11,9.188014589393195e-08,3.71367713422809e-12,9.188014589393195e-08,1.099741592741645,9.188014589393195e-08,1.099741592741536,9.188014589393195e-08,1.099741592740512,9.188014589393195e-08,1.099741592743084
1e-07,1.099999999992034,1e-07,-1.934982271047471e-13,1e-07,1.099999999999167,1e-07,1.099999999999167,1e-07,1.099999999999167,1e-07,1.099999999999167,1e-07,1.100000000025002,1e-07,-7.400476822115002e-12,1e-07,1.099999999980274,1e-07,-6.798754232541856e-09,1e-07,-4.579597842025904e-11,1e-07,1.980369539307961e-12,1e-07,-1.521205205247043e-11,1e-07,2.006481264919727e-12,1e-07,1.099741583740327,1e-07,1.0997415837407,1e-07,1.099741583741439,1e-07,1.09974158373784
1.00025e-07,0.8250000098795524,1.00025e-07,0.2749999900452734,1.00025e-07,1.099999999999218,1.00025e-07,1.099999999999218,1.00025e-07,1.099999999999218,1.00025e-07,1.099999999999218,1.00025e-07,1.099999999995784,1.00025e-07,1.588749190006259e-13,1.00025e-07,1.099999999993549,1.00025e-07,8.942278248386529e-11,1.00025e-07,2.860475645646124e-12,1.00025e-07,2.860033505235393e-12,1.00025e-07,2.876368770062431e-12,1.00025e-07,2.860216907456736e-12,1.00025e-07,1.099741591314405,1.00025e-07,1.099741591314519,1.00025e-07,1.099741591314432,1.00025e-07,1.099741591313892
1.000350248885988e-07,0.7147262400692118,1.000350248885988e-07,0.3852737632459606,1.000350248885988e-07,1.099999999999218,1.000350248885988e-07,1.099999999999218,1.000350248885988e-07,1.099999999999218,1.000350248885988e-07,1.099999999999218,1.000350248885988e-07,1.099999999955586,1.000350248885988e-07,3.994095970525133e-14,1.000350248885988e-07,1.099999999992794,1.000350248885988e-07,-1.413399091749643e-08,1.000350248885988e-07,2.84605817028778e-12,1.000350248885988e-07,2.848646652001547e-12,1.000350248885988e-07,2.533220734187449e-12,1.000350248885988e-07,2.85104129508237e-12,1.000350248885988e-07,1.099741537862437,1.000350248885988e-07,1.099741537862198,1.000350248885988e-07,1.099741537862448,1.000350248885988e-07,1.099741537863267
1.000400373328982e-07,0.6595893520303577,1.000400373328982e-07,0.4404106515780732,1.000400373328982e-07,1.099999999999218,1.000400373328982e-07,1.099999999999218,1.000400373328982e-07,1.099999999999218,1.000400373328982e-07,1.099999999999218,1.000400373328982e-07,1.099999999948608,1.000400373328982e-07,9.099063364916153e-14,1.000400373328982e-07,1.099999999993291,1.000400373328982e-07,-1.8613625203603e-08,1.000400373328982e-07,2.831603497364908e-12,1.000400373328982e-07,2.848905220364796e-12,1.000400373328982e-07,2.837074730217574e-12,1.000400373328982e-07,2.851295470653602e-12,1.000400373328982e-07,1.099741508331494,1.000400373328982e-07,1.099741508331414,1.000400373328982e-07,1.09974150833157,1.000400373328982e-07,1.099741508331863
1.000492684980782e-07,0.5580465386606575,1.000492684980782e-07,0.5419534677046475,1.000492684980782e-07,1.099999999999218,1.000492684980782e-07,1.099999999999218,1.000492684980782e-07,1.099999999999218,1.000492684980782e-07,1.099999999999218,1.000492684980782e-07,1.099999999908516,1.000492684980782e-07,2.15796165350423e-14,1.000492684980782e-07,1.099999999992859,1.000492684980782e-07,-1.98491913584374e-08,1.000492684980782e-07,2.9401762896083e-12,1.000492684980782e-07,2.846823494179251e-12,1.000492684980782e-07,2.506172370481934e-12,1.000492684980782e-07,2.848770085065098e-12,1.000492684980782e-07,1.099741464950768,1.000492684980782e-07,1.099741464950948,1.000492684980782e-07,1.099741464950966,1.000492684980782e-07,1.099741464950806
1.000553310090036e-07,0.4913589150506512,1.000553310090036e-07,0.6086410867150618,1.000553310090036e-07,1.099999999999218,1.000553310090036e-07,1.099999999999218,1.000553310090036e-07,1.099999999999218,1.000553310090036e-07,1.099999999999218,1.000553310090036e-07,1.099999999889845,1.000553310090036e-07,5.385092881770333e-14,1.000553310090036e-07,1.099999999993104,1.000553310090036e-07,-1.856800253065216e-08,1.000553310090036e-07,2.949407617711901e-12,1.000553310090036e-07,2.899574231299639e-12,1.000553310090036e-07,2.679498978381902e-12,1.000553310090036e-07,2.891632301085333e-12,1.000553310090036e-07,1.099741430405164,1.000553310090036e-07,1.099741430405291,1.000553310090036e-07,1.09974143040561,1.000553310090036e-07,1.099741430406115
1.000614522512427e-07,0.4240252529609932,1.000614522512427e-07,0.6759747465467432,1.000614522512427e-07,1.09999999999923,1.000614522512427e-07,1.09999999999923,1.000614522512427e-07,1.09999999999923,1.000614522512427e-07,1.09999999999923,1.000614522512427e-07,1.100000000306402,1.000614522512427e-07,2.130820417789057e-12,1.000614522512427e-07,1.100000000008076,1.000614522512427e-07,1.920462968673892e-07,1.000614522512427e-07,2.53644755208568e-12,1.000614522512427e-07,3.254208266975522e-12,1.000614522512427e-07,9.257482735853636e-12,1.000614522512427e-07,3.027727533345253e-12,1.000614522512427e-07,1.099742095439563,1.000614522512427e-07,1.09974209544651,1.000614522512427e-07,1.099742095439751,1.000614522512427e-07,1.09974209541781
1.000674445827857e-07,0.3581096035608413,1.000674445827857e-07,0.7418903943408747,1.000674445827857e-07,1.099999999999207,1.000674445827857e-07,1.099999999999207,1.000674445827857e-07,1.099999999999207,1.000674445827857e-07,1.099999999999207,1.000674445827857e-07,1.100000001043453,1.000674445827857e-07,8.527172203127511e-12,1.000674445827857e-07,1.100000000050037,1.000674445827857e-07,1.04382603418262e-06,1.000674445827857e-07,3.60459048124497e-12,1.000674445827857e-07,3.801933525753092e-12,1.000674445827857e-07,2.598908451790802e-11,1.000674445827857e-07,3.487890609828384e-12,1.000674445827857e-07,1.099745139985149,1.000674445827857e-07,1.099745140013784,1.000674445827857e-07,1.099745139985537,1.000674445827857e-07,1.099745139894031
1.00072649673719e-07,0.3008536066118684,1.00072649673719e-07,0.7991463925295684,1.00072649673719e-07,1.099999999999247,1.00072649673719e-07,1.099999999999247,1.00072649673719e-07,1.099999999999247,1.00072649673719e-07,1.099999999999247,1.00072649673719e-07,1.10000000258835,1.00072649673719e-07,1.595073280243343e-11,1.00072649673719e-07,1.100000000091384,1.00072649673719e-07,2.357785710870379e-06,1.00072649673719e-07,4.477792628467607e-12,1.00072649673719e-07,5.581399881992835e-12,1.00072649673719e-07,3.945475442798761e-11,1.00072649673719e-07,4.190756270407833e-12,1.00072649673719e-07,1.099750497694565,1.00072649673719e-07,1.099750497743906,1.00072649673719e-07,1.099750497695511,1.00072649673719e-07,1.099750497537761
1.000771713730941e-07,0.2511149107352127,1.000771713730941e-07,0.8488850913066249,1.000771713730941e-07,1.099999999998782,1.000771713730941e-07,1.099999999998782,1.000771713730941e-07,1.099999999998782,1.000771713730941e-07,1.099999999998782,1.000771713730941e-07,1.100000003451235,1.000771713730941e-07,-1.087548247523214e-10,1.000771713730941e-07,1.099999999137933,1.000771713730941e-07,-7.196982732961441e-06,1.000771713730941e-07,-5.016712408384066e-12,1.000771713730941e-07,-7.011340838169109e-12,1.000771713730941e-07,-3.700996284557915e-10,1.000771713730941e-07,-5.062017128372503e-12,1.000771713730941e-07,1.099723090498771,1.000771713730941e-07,1.099723090189734,1.000771713730941e-07,1.099723090469521,1.000771713730941e-07,1.099723091393876
1.000805147352465e-07,0.2143379299161361,1.000805147352465e-07,0.8856620745303622,1.000805147352465e-07,1.099999999998562,1.000805147352465e-07,1.099999999998562,1.000805147352465e-07,1.099999999998562,1.000805147352465e-07,1.099999999998562,1.000805147352465e-07,1.100000002675069,1.000805147352465e-07,-2.317970096662979e-10,1.000805147352465e-07,1.099999998189628,1.000805147352465e-07,-2.717124944786274e-05,1.000805147352465e-07,-1.677324311584701e-11,1.000805147352465e-07,-3.028534372880202e-11,1.000805147352465e-07,-7.213830336112058e-10,1.000805147352465e-07,-1.745878052339298e-11,1.000805147352465e-07,1.09965780707034,1.000805147352465e-07,1.099657806125355,1.000805147352465e-07,1.099657807013395,1.000805147352465e-07,1.099657809920785
1.000840912028995e-07,0.174996782992919,1.000840912028995e-07,0.9250032217568726,1.000840912028995e-07,1.100000000000223,1.000840912028995e-07,1.100000000000223,1.000840912028995e-07,1.100000000000223,1.000840912028995e-07,1.100000000000223,1.000840912028995e-07,1.100000000701457,1.000840912028995e-07,-2.25498626433968e-10,1.000840912028995e-07,1.099999998530576,1.000840912028995e-07,-4.518189030064723e-05,1.000840912028995e-07,-1.808778497463078e-11,1.000840912028995e-07,-4.458777764525095e-11,1.000840912028995e-07,-5.039203764348467e-10,1.000840912028995e-07,-1.74213552250701e-11,1.000840912028995e-07,1.099579545537784,1.000840912028995e-07,1.099579544427865,1.000840912028995e-07,1.099579545526776,1.000840912028995e-07,1.099579549083832
1.00087775806212e-07,0.1344661488714682,1.00087775806212e-07,0.9655338570330199,1.00087775806212e-07,1.099999999999285,1.00087775806212e-07,1.099999999999285,1.00087775806212e-07,1.099999999999285,1.00087775806212e-07,1.099999999999285,1.00087775806212e-07,1.099999997929248,1.00087775806212e-07,-2.250174770359167e-10,1.00087775806212e-07,1.099999998556959,1.00087775806212e-07,-5.307418693837213e-05,1.00087775806212e-07,-2.35670029014648e-11,1.00087775806212e-07,-6.597895878161678e-11,1.00087775806212e-07,-4.687354652577709e-10,1.00087775806212e-07,-2.390046520762425e-11,1.00087775806212e-07,1.09951844506999,1.00087775806212e-07,1.099518444452265,1.00087775806212e-07,1.099518445116876,1.00087775806212e-07,1.09951844724327
1.000915360340322e-07,0.09310363914127859,1.000915360340322e-07,1.006896365583612,1.000915360340322e-07,1.100000000000166,1.000915360340322e-07,1.100000000000166,1.000915360340322e-07,1.100000000000166,1.000915360340322e-07,1.100000000000166,1.000915360340322e-07,1.099999997736218,1.000915360340322e-07,-1.112246864455917e-10,1.000915360340322e-07,1.099999999614731,1.000915360340322e-07,-4.469923781018839e-05,1.000915360340322e-07,-1.03188615940657e-11,1.000915360340322e-07,1.901579344237745e-10,1.000915360340322e-07,-9.794123980145071e-11,1.000915360340322e-07,-9.680752355435354e-12,1.000915360340322e-07,1.099491215969432,1.000915360340322e-07,1.099491215850533,1.000915360340322e-07,1.099491216109298,1.000915360340322e-07,1.099491216839832
1.000952704352382e-07,0.05202522778716724,1.000952704352382e-07,1.047974777170178,1.000952704352382e-07,1.099999999999401,1.000952704352382e-07,1.099999999999401,1.000952704352382e-07,1.099999999999401,1.000952704352382e-07,1.099999999999401,1.000952704352382e-07,1.099999996765199,1.000952704352382e-07,5.453572488531633e-11,1.000952704352382e-07,1.100000000929301,1.000952704352382e-07,-1.732917059940176e-05,1.000952704352382e-07,5.304472621796424e-12,1.000952704352382e-07,4.711980672522671e-10,1.000952704352382e-07,1.266804416143119e-11,1.000952704352382e-07,4.841608267677197e-12,1.000952704352382e-07,1.099527701582176,1.000952704352382e-07,1.099527701637976,1.000952704352382e-07,1.099527701744819,1.000952704352382e-07,1.099527701949419
1.000976352176191e-07,0.02601261844207189,1.000976352176191e-07,1.073987385535495,1.000976352176191e-07,1.100000000000098,1.000976352176191e-07,1.100000000000098,1.000976352176191e-07,1.100000000000098,1.000976352176191e-07,1.100000000000098,1.000976352176191e-07,1.099999997779438,1.000976352176191e-07,1.936017412122993e-10,1.000976352176191e-07,1.100000002122191,1.000976352176191e-07,6.336328401045597e-06,1.000976352176191e-07,2.123700342932654e-11,1.000976352176191e-07,6.547000689072011e-10,1.000976352176191e-07,2.31426202996998e-10,1.000976352176191e-07,2.177625261524691e-11,1.000976352176191e-07,1.099591081997408,1.000976352176191e-07,1.099591082048625,1.000976352176191e-07,1.099591082118392,1.000976352176191e-07,1.099591082236362
1.001e-07,1.485316321970762e-08,1.001e-07,1.099999989881633,1.001e-07,1.099999999998101,1.001e-07,1.099999999998101,1.001e-07,1.099999999998101,1.001e-07,1.099999999998101,1.001e-07,1.099999998023805,1.001e-07,1.737222450959004e-10,1.001e-07,1.100000001708424,1.001e-07,2.55000313748112e-05,1.001e-07,2.20352181039101e-11,1.001e-07,4.205327020166652e-10,1.001e-07,1.29526501270852e-10,1.001e-07,2.150433225606132e-11,1.001e-07,1.099663342993776,1.001e-07,1.099663343071902,1.001e-07,1.099663343112085,1.001e-07,1.099663343129083
1.001035328379074e-07,1.40367942474742e-09,1.001035328379074e-07,1.099999999635962,1.001035328379074e-07,1.099999999998468,1.001035328379074e-07,1.099999999998468,1.001035328379074e-07,1.099999999998468,1.001035328379074e-07,1.099999999998468,1.001035328379074e-07,1.099999998984434,1.001035328379074e-07,1.819203536928824e-10,1.001035328379074e-07,1.100000001544322,1.001035328379074e-07,3.929433492134412e-05,1.001035328379074e-07,2.845848654869937e-11,1.001035328379074e-07,3.830626008616734e-10,1.001035328379074e-07,2.129570101210661e-10,1.001035328379074e-07,2.849860296385702e-11,1.001035328379074e-07,1.099742050605011,1.001035328379074e-07,1.099742050758991,1.001035328379074e-07,1.099742050866101,1.001035328379074e-07,1.099742050943128
1.001072346662209e-07,9.316563830193297e-10,1.001072346662209e-07,1.099999999814598,1.001072346662209e-07,1.099999999998663,1.001072346662209e-07,1.099999999998663,1.001072346662209e-07,1.099999999998663,1.001072346662209e-07,1.099999999998663,1.001072346662209e-07,1.09999999947617,1.001072346662209e-07,1.388673412717682e-10,1.001072346662209e-07,1.100000000908793,1.001072346662209e-07,4.873769988871344e-05,1.001072346662209e-07,2.700764005528041e-11,1.001072346662209e-07,2.613677584908233e-10,1.001072346662209e-07,2.147142855472452e-10,1.001072346662209e-07,2.685501162472167e-11,1.001072346662209e-07,1.099803322812259,1.001072346662209e-07,1.099803322892191,1.001072346662209e-07,1.099803323144162,1.001072346662209e-07,1.099803323605231
1.001109408162915e-07,6.61432928647272e-10,1.001109408162915e-07,1.099999999852805,1.001109408162915e-07,1.099999999998482,1.001109408162915e-07,1.099999999998482,1.001109408162915e-07,1.099999999998482,1.001109408162915e-07,1.099999999998482,1.001109408162915e-07,1.099999999756254,1.001109408162915e-07,8.881042212749065e-11,1.001109408162915e-07,1.10000000029229,1.001109408162915e-07,4.785244591343676e-05,1.001109408162915e-07,2.970669862956691e-11,1.001109408162915e-07,6.677031096732178e-11,1.001109408162915e-07,1.84918902825261e-10,1.001109408162915e-07,2.973243482774297e-11,1.001109408162915e-07,1.099823465747542,1.001109408162915e-07,1.099823465497948,1.001109408162915e-07,1.099823465979158,1.001109408162915e-07,1.099823467275844
1.001177123696721e-07,2.768879826346301e-10,1.001177123696721e-07,1.099999999932304,1.001177123696721e-07,1.099999999999921,1.001177123696721e-07,1.099999999999921,1.001177123696721e-07,1.099999999999921,1.001177123696721e-07,1.099999999999921,1.001177123696721e-07,1.099999999867356,1.001177123696721e-07,2.45627553882795e-11,1.001177123696721e-07,1.099999999796373,1.001177123696721e-07,3.113003133882381e-05,1.001177123696721e-07,1.277062747360462e-11,1.001177123696721e-07,-1.262915945645603e-10,1.001177123696721e-07,1.405971521302206e-10,1.001177123696721e-07,1.276003468192364e-11,1.001177123696721e-07,1.099805141849466,1.001177123696721e-07,1.099805141057109,1.001177123696721e-07,1.099805141807803,1.001177123696721e-07,1.099805144266927
1.001248739225326e-07,1.413405668690594e-10,1.001248739225326e-07,1.099999999945896,1.001248739225326e-07,1.099999999999171,1.001248739225326e-07,1.099999999999171,1.001248739225326e-07,1.099999999999171,1.001248739225326e-07,1.099999999999171,1.001248739225326e-07,1.099999999951846,1.001248739225326e-07,5.310477614709081e-12,1.001248739225326e-07,1.099999999857751,1.001248739225326e-07,1.097933854593604e-05,1.001248739225326e-07,6.925678803857705e-12,1.001248739225326e-07,-1.702186321341586e-10,1.001248739225326e-07,9.037726214103137e-11,1.001248739225326e-07,6.940963146588668e-12,1.001248739225326e-07,1.099771832869054,1.001248739225326e-07,1.099771832141173,1.001248739225326e-07,1.099771832696576,1.001248739225326e-07,1.099771834694539
1.001334180649858e-07,2.72264036857734e-11,1.001334180649858e-07,1.099999999986596,1.001334180649858e-07,1.09999999999951,1.001334180649858e-07,1.09999999999951,1.001334180649858e-07,1.09999999999951,1.001334180649858e-07,1.09999999999951,1.001334180649858e-07,1.099999999944287,1.001334180649858e-07,7.971948949369341e-12,1.001334180649858e-07,1.099999999984564,1.001334180649858e-07,-1.780655907127856e-06,1.001334180649858e-07,-5.280723365821747e-12,1.001334180649858e-07,-1.066470171693324e-10,1.001334180649858e-07,6.580140584718676e-11,1.001334180649858e-07,-5.29303067307005e-12,1.001334180649858e-07,1.099755369837436,1.001334180649858e-07,1.099755369611075,1.001334180649858e-07,1.099755369697567,1.001334180649858e-07,1.099755370177436
1.001411725386463e-07,4.119730482062961e-11,1.001411725386463e-07,1.099999999972772,1.001411725386463e-07,1.099999999998835,1.001411725386463e-07,1.099999999998835,1.001411725386463e-07,1.099999999998835,1.001411725386463e-07,1.099999999998835,1.001411725386463e-07,1.100000000002214,1.001411725386463e-07,-2.756216323226986e-12,1.001411725386463e-07,1.099999999958054,1.001411725386463e-07,-6.388951022155252e-06,1.001411725386463e-07,-1.34942841110864e-12,1.001411725386463e-07,-1.218108874021724e-10,1.001411725386463e-07,4.267853995723697e-11,1.001411725386463e-07,-1.340127759203693e-12,1.001411725386463e-07,1.099750208499351,1.001411725386463e-07,1.099750208534724,1.001411725386463e-07,1.099750208389941,1.001411725386463e-07,1.099750208116417
1.001515242341195e-07,-1.17495295881404e-11,1.001515242341195e-07,1.099999999996789,1.001515242341195e-07,1.099999999999556,1.001515242341195e-07,1.099999999999556,1.001515242341195e-07,1.099999999999556,1.001515242341195e-07,1.099999999999556,1.001515242341195e-07,1.099999999973346,1.001515242341195e-07,4.674525245404642e-12,1.001515242341195e-07,1.10000000001199,1.001515242341195e-07,-7.064185298867208e-06,1.001515242341195e-07,-5.475918858746782e-12,1.001515242341195e-07,-4.592740844603274e-11,1.001515242341195e-07,3.758387507982428e-11,1.001515242341195e-07,-5.484595567134759e-12,1.001515242341195e-07,1.099747805961667,1.001515242341195e-07,1.099747806074462,1.001515242341195e-07,1.099747805862005,1.001515242341195e-07,1.099747805317064
1.00165333593737e-07,2.619241820358273e-11,1.00165333593737e-07,1.099999999977719,1.00165333593737e-07,1.099999999998876,1.00165333593737e-07,1.099999999998876,1.00165333593737e-07,1.099999999998876,1.00165333593737e-07,1.099999999998875,1.00165333593737e-07,1.100000000012312,1.00165333593737e-07,-3.863697280818646e-12,1.00165333593737e-07,1.099999999973925,1.00165333593737e-07,-5.028112341559602e-06,1.00165333593737e-07,2.261385369662743e-12,1.00165333593737e-07,-6.521460694125171e-11,1.00165333593737e-07,2.119927229252069e-11,1.00165333593737e-07,2.269758639274516e-12,1.00165333593737e-07,1.099747170538792,1.00165333593737e-07,1.099747170640585,1.00165333593737e-07,1.099747170473721,1.00165333593737e-07,1.099747170016447
1.001862005803582e-07,-1.801101574766313e-11,1.001862005803582e-07,1.099999999998865,1.001862005803582e-07,1.099999999999556,1.001862005803582e-07,1.099999999999556,1.001862005803582e-07,1.099999999999556,1.001862005803582e-07,1.099999999999556,1.001862005803582e-07,1.099999999977305,1.001862005803582e-07,4.257088482553284e-12,1.001862005803582e-07,1.10000000001307,1.001862005803582e-07,-2.108241286484688e-06,1.001862005803582e-07,-4.158608792118659e-13,1.001862005803582e-07,1.831803510616184e-12,1.001862005803582e-07,2.021388400510359e-11,1.001862005803582e-07,-4.239925242631084e-13,1.001862005803582e-07,1.099746950578834,1.001862005803582e-07,1.099746950617186,1.001862005803582e-07,1.099746950541439,1.001862005803582e-07,1.099746950330594
1.002197049438634e-07,2.5520256041778e-11,1.002197049438634e-07,1.099999999979446,1.002197049438634e-07,1.099999999998884,1.002197049438634e-07,1.099999999998884,1.002197049438634e-07,1.099999999998884,1.002197049438634e-07,1.099999999998884,1.002197049438634e-07,1.100000000012353,1.002197049438634e-07,-3.897504677605511e-12,1.002197049438634e-07,1.099999999974933,1.002197049438634e-07,-2.932148636069608e-07,1.002197049438634e-07,5.832561799900357e-12,1.002197049438634e-07,-2.911214133865826e-11,1.002197049438634e-07,5.57805886075147e-12,1.002197049438634e-07,5.840613473721611e-12,1.002197049438634e-07,1.099746811156489,1.002197049438634e-07,1.099746811160303,1.002197049438634e-07,1.099746811149514,1.002197049438634e-07,1.099746811107277
1.002820212984992e-07,-1.810980807548521e-11,1.002820212984992e-07,1.099999999999899,1.002820212984992e-07,1.099999999999552,1.002820212984992e-07,1.099999999999552,1.002820212984992e-07,1.099999999999552,1.002820212984992e-07,1.099999999999552,1.002820212984992e-07,1.09999999997751,1.002820212984992e-07,4.252329728626439e-12,1.002820212984992e-07,1.100000000012602,1.002820212984992e-07,8.147208048906277e-08,1.002820212984992e-07,4.507336975267035e-13,1.002820212984992e-07,2.479329931475477e-11,1.002820212984992e-07,7.57443051906865e-12,1.002820212984992e-07,4.427393458299727e-13,1.002820212984992e-07,1.099746496976217,1.002820212984992e-07,1.099746496972126,1.002820212984992e-07,1.099746496982615,1.002820212984992e-07,1.09974649700709
1.004066540077708e-07,2.557115670001451e-11,1.004066540077708e-07,1.09999999998274,1.004066540077708e-07,1.099999999998886,1.004066540077708e-07,1.099999999998886,1.004066540077708e-07,1.099999999998886,1.004066540077708e-07,1.099999999998885,1.004066540077708e-07,1.100000000012241,1.004066540077708e-07,-3.900080051216095e-12,1.004066540077708e-07,1.099999999975044,1.004066540077708e-07,-4.283492614991689e-08,1.004066540077708e-07,5.391318214562371e-12,1.004066540077708e-07,-2.019253321712666e-11,1.004066540077708e-07,-8.769838629089402e-13,1.004066540077708e-07,5.399292393320102e-12,1.004066540077708e-07,1.099745997951646,1.004066540077708e-07,1.099745997952355,1.004066540077708e-07,1.0997459979519,1.004066540077708e-07,1.099745997951034
1.00655919426314e-07,-1.815104769950562e-11,1.00655919426314e-07,1.100000000003459,1.00655919426314e-07,1.09999999999955,1.00655919426314e-07,1.09999999999955,1.00655919426314e-07,1.09999999999955,1.00655919426314e-07,1.099999999999551,1.00655919426314e-07,1.099999999977567,1.00655919426314e-07,4.246242237601078e-12,1.00655919426314e-07,1.100000000012395,1.00655919426314e-07,3.416893009709303e-08,1.00655919426314e-07,3.144031262121376e-13,1.00655919426314e-07,2.596411382363508e-11,1.00655919426314e-07,6.548891418649445e-12,1.00655919426314e-07,3.064397635108821e-13,1.00655919426314e-07,1.099745194965103,1.00655919426314e-07,1.099745194965142,1.00655919426314e-07,1.099745194964627,1.00655919426314e-07,1.099745194964015
1.011451735299402e-07,2.557890950250129e-11,1.011451735299402e-07,1.099999999986015,1.011451735299402e-07,1.099999999998887,1.011451735299402e-07,1.099999999998887,1.011451735299402e-07,1.099999999998887,1.011451735299402e-07,1.099999999998885,1.011451735299402e-07,1.100000000012212,1.011451735299402e-07,-3.90479124623963e-12,1.011451735299402e-07,1.099999999974946,1.011451735299402e-07,-3.003147812194389e-08,1.011451735299402e-07,5.410907754085797e-12,1.011451735299402e-07,-2.026466016624424e-11,1.011451735299402e-07,-8.132862827055682e-13,1.011451735299402e-07,5.41886567265529e-12,1.011451735299402e-07,1.09974419593156,1.011451735299402e-07,1.099744195933179,1.011451735299402e-07,1.099744195932517,1.011451735299402e-07,1.099744195928206
1.018277811919185e-07,-1.816225877005932e-11,1.018277811919185e-07,1.100000000005636,1.018277811919185e-07,1.09999999999955,1.018277811919185e-07,1.09999999999955,1.018277811919185e-07,1.09999999999955,1.018277811919185e-07,1.099999999999551,1.018277811919185e-07,1.099999999977584,1.018277811919185e-07,4.243892229990487e-12,1.018277811919185e-07,1.100000000012268,1.018277811919185e-07,2.855898725738366e-08,1.018277811919185e-07,3.062105801572733e-13,1.018277811919185e-07,2.599380024047835e-11,1.018277811919185e-07,6.524779790680752e-12,1.018277811919185e-07,2.98256509572071e-13,1.018277811919185e-07,1.099743339684828,1.018277811919185e-07,1.099743339685743,1.018277811919185e-07,1.099743339684934,1.018277811919185e-07,1.099743339683219
1.02838860045718e-07,2.558380167937526e-11,1.02838860045718e-07,1.099999999987353,1.02838860045718e-07,1.099999999998887,1.02838860045718e-07,1.099999999998887,1.02838860045718e-07,1.099999999998887,1.02838860045718e-07,1.099999999998885,1.02838860045718e-07,1.1000000000122,1.02838860045718e-07,-3.904617594327281e-12,1.02838860045718e-07,1.099999999974917,1.02838860045718e-07,-2.660498443368095e-08,1.02838860045718e-07,5.415745359192654e-12,1.02838860045718e-07,-2.028221542574518e-11,1.02838860045718e-07,-7.996693263222504e-13,1.02838860045718e-07,5.423696829754312e-12,1.02838860045718e-07,1.099742526273145,1.02838860045718e-07,1.099742526275167,1.02838860045718e-07,1.099742526274172,1.02838860045718e-07,1.099742526268455
1.043824264347505e-07,-1.816676152177211e-11,1.043824264347505e-07,1.100000000006409,1.043824264347505e-07,1.09999999999955,1.043824264347505e-07,1.09999999999955,1.043824264347505e-07,1.09999999999955,1.043824264347505e-07,1.099999999999551,1.043824264347505e-07,1.099999999977591,1.043824264347505e-07,4.242393325490471e-12,1.043824264347505e-07,1.100000000012235,1.043824264347505e-07,2.648772433415659e-08,1.043824264347505e-07,3.033359149674104e-13,1.043824264347505e-07,2.600444142635711e-11,1.043824264347505e-07,6.516925519494411e-12,1.043824264347505e-07,2.953861218783076e-13,1.043824264347505e-07,1.099741712390446,1.043824264347505e-07,1.099741712391202,1.043824264347505e-07,1.099741712390339,1.043824264347505e-07,1.099741712388822
1.067071959814922e-07,2.558635284550252e-11,1.067071959814922e-07,1.099999999987884,1.067071959814922e-07,1.099999999998887,1.067071959814922e-07,1.099999999998887,1.067071959814922e-07,1.099999999998887,1.067071959814922e-07,1.099999999998885,1.067071959814922e-07,1.100000000012195,1.067071959814922e-07,-3.909914149485177e-12,1.067071959814922e-07,1.09999999997491,1.067071959814922e-07,-2.532988241770859e-08,1.067071959814922e-07,5.417498221792056e-12,1.067071959814922e-07,-2.028885400927971e-11,1.067071959814922e-07,-7.949701760292537e-13,1.067071959814922e-07,5.425446885724193e-12,1.067071959814922e-07,1.099741177397157,1.067071959814922e-07,1.099741177398556,1.067071959814922e-07,1.09974117739771,1.067071959814922e-07,1.099741177392936
1.104623447142175e-07,-1.816860031138239e-11,1.104623447142175e-07,1.100000000006776,1.104623447142175e-07,1.09999999999955,1.104623447142175e-07,1.09999999999955,1.104623447142175e-07,1.09999999999955,1.104623447142175e-07,1.099999999999551,1.104623447142175e-07,1.099999999977595,1.104623447142175e-07,4.234444315644953e-12,1.104623447142175e-07,1.100000000012216,1.104623447142175e-07,2.569103311567535e-08,1.104623447142175e-07,3.022579129127187e-13,1.104623447142175e-07,2.600851295935334e-11,1.104623447142175e-07,6.514069651046895e-12,1.104623447142175e-07,2.943099287555039e-13,1.104623447142175e-07,1.099741095096311,1.104623447142175e-07,1.099741095096351,1.104623447142175e-07,1.099741095095932,1.104623447142175e-07,1.099741095096141
1.160636480298717e-07,2.558742686174267e-11,1.160636480298717e-07,1.099999999988111,1.160636480298717e-07,1.099999999998887,1.160636480298717e-07,1.099999999998887,1.160636480298717e-07,1.099999999998887,1.160636480298717e-07,1.099999999998885,1.160636480298717e-07,1.100000000012193,1.160636480298717e-07,-3.916613205288199e-12,1.160636480298717e-07,1.099999999974903,1.160636480298717e-07,-2.483957873202583e-08,1.160636480298717e-07,5.418164718576888e-12,1.160636480298717e-07,-2.029144421799667e-11,1.160636480298717e-07,-7.932182439654391e-13,1.160636480298717e-07,5.426112228957944e-12,1.160636480298717e-07,1.099741357905978,1.160636480298717e-07,1.099741357906853,1.160636480298717e-07,1.099741357906584,1.160636480298717e-07,1.099741357903498
1.243525806296918e-07,-1.816935524375012e-11,1.243525806296918e-07,1.10000000000693,1.243525806296918e-07,1.09999999999955,1.243525806296918e-07,1.09999999999955,1.243525806296918e-07,1.09999999999955,1.243525806296918e-07,1.099999999999551,1.243525806296918e-07,1.099999999977596,1.243525806296918e-07,4.23117594331744e-12,1.243525806296918e-07,1.100000000012209,1.243525806296918e-07,2.536384772441842e-08,1.243525806296918e-07,3.018188641044066e-13,1.243525806296918e-07,2.601019851530146e-11,1.243525806296918e-07,6.51292112495901e-12,1.243525806296918e-07,2.938716549888624e-13,1.243525806296918e-07,1.099741515614538,1.243525806296918e-07,1.099741515614216,1.243525806296918e-07,1.099741515614424,1.243525806296918e-07,1.099741515616304
1.377225722720575e-07,2.558790257201756e-11,1.377225722720575e-07,1.09999999998821,1.377225722720575e-07,1.099999999998887,1.377225722720575e-07,1.099999999998887,1.377225722720575e-07,1.099999999998887,1.377225722720575e-07,1.099999999998885,1.377225722720575e-07,1.100000000012192,1.377225722720575e-07,-3.91735088925656e-12,1.377225722720575e-07,1.099999999974903,1.377225722720575e-07,-2.46292961680038e-08,1.377225722720575e-07,5.418447697593888e-12,1.377225722720575e-07,-2.029254586034199e-11,1.377225722720575e-07,-7.924803499677044e-13,1.377225722720575e-07,5.426394702007144e-12,1.377225722720575e-07,1.099741556582512,1.377225722720575e-07,1.099741556583037,1.377225722720575e-07,1.099741556583316,1.377225722720575e-07,1.099741556581733
1.5e-07,-1.816974235335784e-11,1.5e-07,1.100000000006988,1.5e-07,1.09999999999955,1.5e-07,1.09999999999955,1.5e-07,1.09999999999955,1.5e-07,1.099999999999551,1.5e-07,1.099999999977597,1.5e-07,4.231161533274981e-12,1.5e-07,1.100000000012208,1.5e-07,2.51970035991183e-08,1.5e-07,3.015950560343389e-13,1.5e-07,2.601107041405423e-11,1.5e-07,6.512338980415715e-12,1.5e-07,2.936482512074356e-13,1.5e-07,1.099741555760404,1.5e-07,1.099741555759834,1.5e-07,1.099741555760392,1.5e-07,1.099741555763268
1.50025e-07,0.2749999876700615,1.50025e-07,1.100000000027782,1.50025e-07,1.099999999999219,1.50025e-07,1.099999999999219,1.50025e-07,1.099999999999219,1.50025e-07,1.099999999999219,1.50025e-07,1.099999999994709,1.50025e-07,1.571258015065279e-13,1.50025e-07,1.099999999993619,1.50025e-07,6.113073212616929e-09,1.50025e-07,2.867085462721e-12,1.50025e-07,2.8191736436835e-12,1.50025e-07,2.876231516967336e-12,1.50025e-07,2.866874649148769e-12,1.50025e-07,1.099741559744962,1.50025e-07,1.099741559744859,1.50025e-07,1.099741559745197,1.50025e-07,1.099741559745663
1.500350579548293e-07,0.385637488696671,1.500350579548293e-07,1.099999999914624,1.500350579548293e-07,1.099999999999218,1.500350579548293e-07,1.099999999999218,1.500350579548293e-07,1.099999999999218,1.500350579548293e-07,1.099999999999218,1.500350579548293e-07,1.09999999995758,1.500350579548293e-07,5.057988590973508e-14,1.500350579548293e-07,1.099999999992815,1.500350579548293e-07,-1.024103675384187e-08,1.500350579548293e-07,2.855502133397211e-12,1.500350579548293e-07,2.595911567974696e-12,1.500350579548293e-07,2.859948677804146e-12,1.500350579548293e-07,2.844892742589298e-12,1.500350579548293e-07,1.099741511585437,1.500350579548293e-07,1.099741511585058,1.500350579548293e-07,1.099741511585731,1.500350579548293e-07,1.099741511587134
1.500470887145736e-07,0.517975845774253,1.500470887145736e-07,1.099999999742902,1.500470887145736e-07,1.099999999999219,1.500470887145736e-07,1.099999999999219,1.500470887145736e-07,1.099999999999219,1.500470887145736e-07,1.099999999999219,1.500470887145736e-07,1.099999999954723,1.500470887145736e-07,1.531691503049826e-13,1.500470887145736e-07,1.099999999993796,1.500470887145736e-07,-7.970600492933989e-09,1.500470887145736e-07,2.855068829983268e-12,1.500470887145736e-07,2.973632832061349e-12,1.500470887145736e-07,2.871769659920128e-12,1.500470887145736e-07,2.876403761668583e-12,1.500470887145736e-07,1.099741487784413,1.500470887145736e-07,1.099741487784551,1.500470887145736e-07,1.099741487784875,1.500470887145736e-07,1.099741487785094
1.500604942442763e-07,0.6654366701167586,1.500604942442763e-07,1.099999999812832,1.500604942442763e-07,1.099999999999201,1.500604942442763e-07,1.099999999999201,1.500604942442763e-07,1.099999999999201,1.500604942442763e-07,1.099999999999201,1.500604942442763e-07,1.099999999958383,1.500604942442763e-07,1.815528476570803e-13,1.500604942442763e-07,1.099999999993707,1.500604942442763e-07,1.196302549086463e-08,1.500604942442763e-07,2.887354254585222e-12,1.500604942442763e-07,2.831084164745482e-12,1.500604942442763e-07,2.865584062513798e-12,1.500604942442763e-07,2.955516830843064e-12,1.500604942442763e-07,1.099741538515585,1.500604942442763e-07,1.09974153851593,1.500604942442763e-07,1.099741538516129,1.500604942442763e-07,1.099741538515808
1.500722998306386e-07,0.7952981213552069,1.500722998306386e-07,1.100000000899173,1.500722998306386e-07,1.099999999999246,1.500722998306386e-07,1.099999999999246,1.500722998306386e-07,1.099999999999246,1.500722998306386e-07,1.099999999999246,1.500722998306386e-07,1.100000001080859,1.500722998306386e-07,5.056814372343712e-12,1.500722998306386e-07,1.100000000024929,1.500722998306386e-07,6.703564470057942e-07,1.500722998306386e-07,3.229466930810848e-12,1.500722998306386e-07,1.494646781684408e-11,1.500722998306386e-07,3.2784460327837e-12,1.500722998306386e-07,4.223832937220677e-12,1.500722998306386e-07,1.099744058367573,1.500722998306386e-07,1.099744058381426,1.500722998306386e-07,1.099744058369295,1.500722998306386e-07,1.099744058327975
1.500806853402419e-07,0.8875387285027062,1.500806853402419e-07,1.100000000192526,1.500806853402419e-07,1.099999999999159,1.500806853402419e-07,1.099999999999159,1.500806853402419e-07,1.099999999999159,1.500806853402419e-07,1.099999999999159,1.500806853402419e-07,1.100000002042372,1.500806853402419e-07,-1.281838875703678e-11,1.500806853402419e-07,1.099999999898642,1.500806853402419e-07,-1.15766236680604e-06,1.500806853402419e-07,1.870846017552821e-12,1.500806853402419e-07,-2.17199296212275e-11,1.500806853402419e-07,1.824304747914965e-12,1.500806853402419e-07,-2.152583576948928e-11,1.500806853402419e-07,1.099739860899138,1.500806853402419e-07,1.099739860858963,1.500806853402419e-07,1.099739860858886,1.500806853402419e-07,1.099739860897684
1.500873128537956e-07,0.9604413808148359,1.500873128537956e-07,1.100000001051849,1.500873128537956e-07,1.099999999998876,1.500873128537956e-07,1.099999999998876,1.500873128537956e-07,1.099999999998876,1.500873128537956e-07,1.099999999998876,1.500873128537956e-07,1.099999999032573,1.500873128537956e-07,-1.678878717154017e-10,1.500873128537956e-07,1.099999998737324,1.500873128537956e-07,-1.962721595257453e-05,1.500873128537956e-07,-1.078229013073532e-11,1.500873128537956e-07,-5.699582015298794e-10,1.500873128537956e-07,-1.070965244716785e-11,1.500873128537956e-07,5.470572383315679e-11,1.500873128537956e-07,1.099675016400843,1.500873128537956e-07,1.099675015818319,1.500873128537956e-07,1.099675016463795,1.500873128537956e-07,1.099675018475291
1.500924507257181e-07,1.016957972091648,1.500924507257181e-07,1.099999999786795,1.500924507257181e-07,1.099999999999878,1.500924507257181e-07,1.099999999999878,1.500924507257181e-07,1.099999999999878,1.500924507257181e-07,1.099999999999878,1.500924507257181e-07,1.09999999834791,1.500924507257181e-07,-4.856761045545321e-11,1.500924507257181e-07,1.099999999699858,1.500924507257181e-07,-2.334023202672601e-05,1.500924507257181e-07,-3.503132296250686e-12,1.500924507257181e-07,-5.158930833646771e-10,1.500924507257181e-07,-3.69487498511671e-12,1.500924507257181e-07,5.944722525497075e-10,1.500924507257181e-07,1.099622385397682,1.500924507257181e-07,1.099622384839582,1.500924507257181e-07,1.099622386236996,1.500924507257181e-07,1.099622389905629
1.500967726917361e-07,1.064499599708491,1.500967726917361e-07,1.100000000706779,1.500967726917361e-07,1.099999999999774,1.500967726917361e-07,1.099999999999774,1.500967726917361e-07,1.099999999999774,1.500967726917361e-07,1.099999999999774,1.500967726917361e-07,1.099999997961552,1.500967726917361e-07,3.197782864523033e-11,1.500967726917361e-07,1.100000000556469,1.500967726917361e-07,-7.854690067713193e-06,1.500967726917361e-07,2.772207827432194e-12,1.500967726917361e-07,-2.262801085870828e-10,1.500967726917361e-07,3.004451660841913e-12,1.500967726917361e-07,4.369535227404418e-10,1.500967726917361e-07,1.099640406866663,1.500967726917361e-07,1.099640406965412,1.500967726917361e-07,1.099640408039341,1.500967726917361e-07,1.099640410357047
1.501e-07,1.099999990106701,1.501e-07,1.099999999715733,1.501e-07,1.09999999999908,1.501e-07,1.09999999999908,1.501e-07,1.09999999999908,1.501e-07,1.099999999999081,1.501e-07,1.100000000055113,1.501e-07,3.727797628666598e-11,1.501e-07,1.100000000626056,1.501e-07,-1.523126472451784e-07,1.501e-07,5.764201106174387e-12,1.501e-07,-2.121902092678186e-10,1.501e-07,5.539358639515525e-12,1.501e-07,3.003061429346885e-10,1.501e-07,1.099677041588434,1.501e-07,1.099677041813512,1.501e-07,1.099677042342609,1.501e-07,1.099677043306932
1.501039279248534e-07,1.099999999415564,1.501039279248534e-07,1.099999999962171,1.501039279248534e-07,1.099999999999004,1.501039279248534e-07,1.099999999999004,1.501039279248534e-07,1.099999999999004,1.501039279248534e-07,1.099999999999004,1.501039279248534e-07,1.099999999630422,1.501039279248534e-07,6.452312546595451e-11,1.501039279248534e-07,1.100000000725701,1.501039279248534e-07,7.606104922121588e-06,1.501039279248534e-07,9.55999493321564e-12,1.501039279248534e-07,1.612006971110531e-11,1.501039279248534e-07,9.581805454681341e-12,1.501039279248534e-07,1.932611152316922e-10,1.501039279248534e-07,1.099726177401535,1.501039279248534e-07,1.099726177542278,1.501039279248534e-07,1.099726178196082,1.501039279248534e-07,1.099726179472518
1.501080087614925e-07,1.09999999962984,1.501080087614925e-07,1.100000000007453,1.501080087614925e-07,1.099999999998859,1.501080087614925e-07,1.099999999998859,1.501080087614925e-07,1.099999999998859,1.501080087614925e-07,1.099999999998859,1.501080087614925e-07,1.099999999818413,1.501080087614925e-07,7.436705934607081e-11,1.501080087614925e-07,1.100000000577041,1.501080087614925e-07,1.695677155422916e-05,1.501080087614925e-07,1.337172816855305e-11,1.501080087614925e-07,2.518029146987712e-10,1.501080087614925e-07,1.332104820870484e-11,1.501080087614925e-07,7.669128256491119e-11,1.501080087614925e-07,1.099769809812702,1.501080087614925e-07,1.099769809872271,1.501080087614925e-07,1.099769810903195,1.501080087614925e-07,1.099769813069858
1.501123842088043e-07,1.099999999748208,1.501123842088043e-07,1.099999999995052,1.501123842088043e-07,1.099999999998738,1.501123842088043e-07,1.099999999998738,1.501123842088043e-07,1.099999999998738,1.501123842088043e-07,1.099999999998738,1.501123842088043e-07,1.099999999963554,1.501123842088043e-07,2.404328645463909e-11,1.501123842088043e-07,1.099999999983327,1.501123842088043e-07,1.907523880074249e-05,1.501123842088043e-07,1.201808210275306e-11,1.501123842088043e-07,1.372519673128098e-10,1.501123842088043e-07,1.204983509608116e-11,1.501123842088043e-07,-1.013279070234611e-10,1.501123842088043e-07,1.099781911453001,1.501123842088043e-07,1.099781911243876,1.501123842088043e-07,1.099781912500035,1.501123842088043e-07,1.099781915455137
1.501183484275037e-07,1.09999999980923,1.501183484275037e-07,1.099999999988744,1.501183484275037e-07,1.099999999999555,1.501183484275037e-07,1.099999999999555,1.501183484275037e-07,1.099999999999555,1.501183484275037e-07,1.099999999999555,1.501183484275037e-07,1.09999999992843,1.501183484275037e-07,2.330858861616278e-11,1.501183484275037e-07,1.099999999983879,1.501183484275037e-07,1.417723635052402e-05,1.501183484275037e-07,1.023543115737668e-11,1.501183484275037e-07,2.378728308091866e-10,1.501183484275037e-07,1.02357202639273e-11,1.501183484275037e-07,-1.252795621438122e-10,1.501183484275037e-07,1.099771575210929,1.501183484275037e-07,1.099771574743424,1.501183484275037e-07,1.099771575798485,1.501183484275037e-07,1.099771578617772
1.501240184408501e-07,1.099999999870142,1.501240184408501e-07,1.09999999998988,1.501240184408501e-07,1.099999999999314,1.501240184408501e-07,1.099999999999314,1.501240184408501e-07,1.099999999999314,1.501240184408501e-07,1.099999999999314,1.501240184408501e-07,1.099999999985221,1.501240184408501e-07,-1.21048837512057e-12,1.501240184408501e-07,1.099999999871155,1.501240184408501e-07,8.094615375117436e-06,1.501240184408501e-07,4.956147155706755e-12,1.501240184408501e-07,6.538668820899452e-11,1.501240184408501e-07,4.956660990681928e-12,1.501240184408501e-07,-1.509683518393543e-10,1.501240184408501e-07,1.099759362576577,1.501240184408501e-07,1.099759362185959,1.501240184408501e-07,1.099759362779668,1.501240184408501e-07,1.099759364500078
1.501311274590994e-07,1.099999999889381,1.501311274590994e-07,1.099999999990401,1.501311274590994e-07,1.099999999999266,1.501311274590994e-07,1.099999999999266,1.501311274590994e-07,1.099999999999266,1.501311274590994e-07,1.099999999999266,1.501311274590994e-07,1.099999999948033,1.501311274590994e-07,1.252121894586356e-11,1.501311274590994e-07,1.100000000030073,1.501311274590994e-07,2.241533138618028e-06,1.501311274590994e-07,3.002425060316478e-12,1.501311274590994e-07,1.613793682855742e-10,1.501311274590994e-07,3.006787625027942e-12,1.501311274590994e-07,-1.011540163606181e-10,1.501311274590994e-07,1.099750559412917,1.501311274590994e-07,1.099750559223846,1.501311274590994e-07,1.099750559305491,1.501311274590994e-07,1.099750559789888
1.501397434708074e-07,1.099999999928198,1.501397434708074e-07,1.099999999991128,1.501397434708074e-07,1.099999999999183,1.501397434708074e-07,1.099999999999183,1.501397434708074e-07,1.099999999999183,1.501397434708074e-07,1.099999999999183,1.501397434708074e-07,1.100000000011564,1.501397434708074e-07,-7.867662964541043e-12,1.501397434708074e-07,1.099999999919629,1.501397434708074e-07,-1.438813160338064e-06,1.501397434708074e-07,-1.541693725694764e-13,1.501397434708074e-07,7.621123794079062e-13,1.501397434708074e-07,-1.590576205065441e-13,1.501397434708074e-07,-9.919007159056503e-11,1.501397434708074e-07,1.099745836503027,1.501397434708074e-07,1.099745836494266,1.501397434708074e-07,1.099745836298641,1.501397434708074e-07,1.099745835949881
1.501513095122354e-07,1.099999999929873,1.501513095122354e-07,1.099999999990736,1.501513095122354e-07,1.099999999999227,1.501513095122354e-07,1.099999999999227,1.501513095122354e-07,1.099999999999227,1.501513095122354e-07,1.099999999999227,1.501513095122354e-07,1.099999999967505,1.501513095122354e-07,9.464247093844663e-12,1.501513095122354e-07,1.10000000005548,1.501513095122354e-07,-2.795793707410994e-06,1.501513095122354e-07,1.153833826788204e-12,1.501513095122354e-07,1.111230659070264e-10,1.501513095122354e-07,1.159324816201043e-12,1.501513095122354e-07,-4.49200790210446e-11,1.501513095122354e-07,1.099743938446754,1.501513095122354e-07,1.099743938520935,1.501513095122354e-07,1.099743938274774,1.501513095122354e-07,1.099743937682766
1.50166767937222e-07,1.099999999958723,1.50166767937222e-07,1.099999999991268,1.50166767937222e-07,1.099999999999206,1.50166767937222e-07,1.099999999999206,1.50166767937222e-07,1.099999999999206,1.50166767937222e-07,1.099999999999206,1.50166767937222e-07,1.10000000002014,1.50166767937222e-07,-8.90521435471848e-12,1.50166767937222e-07,1.099999999930571,1.50166767937222e-07,-2.020579025198824e-06,1.50166767937222e-07,8.240211301130491e-13,1.50166767937222e-07,-3.484243227771846e-11,1.50166767937222e-07,8.183940644866322e-13,1.50166767937222e-07,-4.603935797794945e-11,1.50166767937222e-07,1.099743549297817,1.50166767937222e-07,1.099743549363183,1.50166767937222e-07,1.099743549197268,1.50166767937222e-07,1.099743548787154
1.501893972215248e-07,1.09999999995319,1.501893972215248e-07,1.099999999991,1.501893972215248e-07,1.099999999999228,1.501893972215248e-07,1.099999999999228,1.501893972215248e-07,1.099999999999228,1.501893972215248e-07,1.099999999999228,1.501893972215248e-07,1.099999999969562,1.501893972215248e-07,9.21687192433899e-12,1.501893972215248e-07,1.100000000056452,1.501893972215248e-07,-8.014191452610556e-07,1.501893972215248e-07,3.315616622158744e-12,1.501893972215248e-07,8.370689727200115e-11,1.501893972215248e-07,3.321496291156022e-12,1.501893972215248e-07,-4.580871893403869e-12,1.501893972215248e-07,1.099743525782021,1.501893972215248e-07,1.099743525804258,1.501893972215248e-07,1.099743525743512,1.501893972215248e-07,1.099743525566685
1.502270737848296e-07,1.099999999979345,1.502270737848296e-07,1.099999999991801,1.502270737848296e-07,1.09999999999921,1.502270737848296e-07,1.09999999999921,1.502270737848296e-07,1.09999999999921,1.502270737848296e-07,1.09999999999921,1.502270737848296e-07,1.100000000020238,1.502270737848296e-07,-8.923215913407407e-12,1.502270737848296e-07,1.09999999993092,1.502270737848296e-07,-2.4342654047223e-08,1.502270737848296e-07,2.33629058447269e-12,1.502270737848296e-07,-5.646759525839701e-11,1.502270737848296e-07,2.330413581147844e-12,1.502270737848296e-07,-1.539421844905758e-11,1.502270737848296e-07,1.099743518320483,1.502270737848296e-07,1.099743518321611,1.502270737848296e-07,1.099743518320538,1.502270737848296e-07,1.099743518311125
1.503024269114393e-07,1.099999999972221,1.503024269114393e-07,1.099999999992033,1.503024269114393e-07,1.099999999999226,1.503024269114393e-07,1.099999999999226,1.503024269114393e-07,1.099999999999226,1.503024269114393e-07,1.099999999999226,1.503024269114393e-07,1.099999999969558,1.503024269114393e-07,9.22187198462806e-12,1.503024269114393e-07,1.100000000056283,1.503024269114393e-07,3.43960946272737e-09,1.503024269114393e-07,3.589124373337781e-12,1.503024269114393e-07,6.845958523139701e-11,1.503024269114393e-07,3.595047036196662e-12,1.503024269114393e-07,1.415163906374499e-11,1.503024269114393e-07,1.099743505884663,1.503024269114393e-07,1.099743505881664,1.503024269114393e-07,1.099743505892287,1.503024269114393e-07,1.099743505911349
1.504096662314394e-07,1.099999999993981,1.504096662314394e-07,1.099999999993499,1.504096662314394e-07,1.09999999999921,1.504096662314394e-07,1.09999999999921,1.504096662314394e-07,1.09999999999921,1.504096662314394e-07,1.09999999999921,1.504096662314394e-07,1.100000000020227,1.504096662314394e-07,-8.922093526442305e-12,1.504096662314394e-07,1.099999999930986,1.504096662314394e-07,6.212368374031897e-09,1.504096662314394e-07,2.151934577249176e-12,1.504096662314394e-07,-6.227527403307607e-11,1.504096662314394e-07,2.145992187471836e-12,1.504096662314394e-07,-8.867897543735865e-12,1.504096662314394e-07,1.099743476081499,1.504096662314394e-07,1.099743476081638,1.504096662314394e-07,1.099743476081828,1.504096662314394e-07,1.099743476088785
1.505660671394957e-07,1.099999999981602,1.505660671394957e-07,1.09999999999391,1.505660671394957e-07,1.099999999999226,1.505660671394957e-07,1.099999999999226,1.505660671394957e-07,1.099999999999226,1.505660671394957e-07,1.099999999999226,1.505660671394957e-07,1.099999999969564,1.505660671394957e-07,9.226489329273756e-12,1.505660671394957e-07,1.100000000056218,1.505660671394957e-07,-7.553489508917441e-09,1.505660671394957e-07,3.566955337252787e-12,1.505660671394957e-07,6.803179581894914e-11,1.505660671394957e-07,3.572910776360089e-12,1.505660671394957e-07,1.452390445772388e-11,1.505660671394957e-07,1.099743444707991,1.505660671394957e-07,1.099743444707753,1.505660671394957e-07,1.099743444708425,1.505660671394957e-07,1.099743444704603
1.507960294245535e-07,1.100000000000236,1.507960294245535e-07,1.0999999999952,1.507960294245535e-07,1.099999999999211,1.507960294245535e-07,1.099999999999211,1.507960294245535e-07,1.099999999999211,1.507960294245535e-07,1.099999999999211,1.507960294245535e-07,1.100000000020222,1.507960294245535e-07,-8.917967690961313e-12,1.507960294245535e-07,1.099999999931002,1.507960294245535e-07,8.759301529753899e-09,1.507960294245535e-07,2.153940698036234e-12,1.507960294245535e-07,-6.231440205809187e-11,1.507960294245535e-07,2.147976606995355e-12,1.507960294245535e-07,-8.789566034006659e-12,1.507960294245535e-07,1.099743372296864,1.507960294245535e-07,1.09974337229731,1.507960294245535e-07,1.099743372297567,1.507960294245535e-07,1.099743372302255
1.511436614848547e-07,1.099999999985719,1.511436614848547e-07,1.099999999995127,1.511436614848547e-07,1.099999999999226,1.511436614848547e-07,1.099999999999226,1.511436614848547e-07,1.099999999999226,1.511436614848547e-07,1.099999999999226,1.511436614848547e-07,1.099999999969568,1.511436614848547e-07,9.233009150967605e-12,1.511436614848547e-07,1.10000000005618,1.511436614848547e-07,-8.325102094262561e-09,1.511436614848547e-07,3.565884049458885e-12,1.511436614848547e-07,6.803427166885552e-11,1.511436614848547e-07,3.571853758106534e-12,1.511436614848547e-07,1.450011609392926e-11,1.511436614848547e-07,1.099743257863719,1.511436614848547e-07,1.099743257863774,1.511436614848547e-07,1.099743257864252,1.511436614848547e-07,1.09974325785991
1.516951531697872e-07,1.100000000003673,1.516951531697872e-07,1.099999999996647,1.516951531697872e-07,1.099999999999211,1.516951531697872e-07,1.099999999999211,1.516951531697872e-07,1.099999999999211,1.516951531697872e-07,1.099999999999211,1.516951531697872e-07,1.10000000002022,1.516951531697872e-07,-8.911240632188949e-12,1.516951531697872e-07,1.099999999931001,1.516951531697872e-07,9.011665697638951e-09,1.516951531697872e-07,2.154432995583149e-12,1.516951531697872e-07,-6.231352330666471e-11,1.516951531697872e-07,2.1484597864091e-12,1.516951531697872e-07,-8.777802338514055e-12,1.516951531697872e-07,1.099743011535746,1.516951531697872e-07,1.099743011536386,1.516951531697872e-07,1.099743011536685,1.516951531697872e-07,1.099743011541103
1.525320213859866e-07,1.099999999987975,1.525320213859866e-07,1.099999999996244,1.525320213859866e-07,1.099999999999225,1.525320213859866e-07,1.099999999999225,1.525320213859866e-07,1.099999999999225,1.525320213859866e-07,1.099999999999225,1.525320213859866e-07,1.099999999969569,1.525320213859866e-07,9.239607475771481e-12,1.525320213859866e-07,1.100000000056158,1.525320213859866e-07,-8.408879761821713e-09,1.525320213859866e-07,3.565641567941529e-12,1.525320213859866e-07,6.803319540836738e-11,1.525320213859866e-07,3.571617065241229e-12,1.525320213859866e-07,1.449347982422239e-11,1.525320213859866e-07,1.099742614904582,1.525320213859866e-07,1.099742614904676,1.525320213859866e-07,1.099742614905631,1.525320213859866e-07,1.099742614902304
1.537532898644079e-07,1.100000000005108,1.537532898644079e-07,1.099999999997377,1.537532898644079e-07,1.099999999999211,1.537532898644079e-07,1.099999999999211,1.537532898644079e-07,1.099999999999211,1.537532898644079e-07,1.099999999999211,1.537532898644079e-07,1.100000000020219,1.537532898644079e-07,-8.908006510817082e-12,1.537532898644079e-07,1.099999999930997,1.537532898644079e-07,9.038931897257513e-09,1.537532898644079e-07,2.154567419632569e-12,1.537532898644079e-07,-6.231265966409382e-11,1.537532898644079e-07,2.14859036105221e-12,1.537532898644079e-07,-8.773662659713398e-12,1.537532898644079e-07,1.099742076132426,1.537532898644079e-07,1.099742076132779,1.537532898644079e-07,1.099742076134293,1.537532898644079e-07,1.099742076141706
1.557303977804081e-07,1.099999999988917,1.557303977804081e-07,1.099999999996777,1.557303977804081e-07,1.099999999999225,1.557303977804081e-07,1.099999999999225,1.557303977804081e-07,1.099999999999225,1.557303977804081e-07,1.099999999999225,1.557303977804081e-07,1.09999999996957,1.557303977804081e-07,9.238410757967087e-12,1.557303977804081e-07,1.100000000056144,1.557303977804081e-07,-8.421077110496653e-09,1.557303977804081e-07,3.565563864158902e-12,1.557303977804081e-07,6.803258050752001e-11,1.557303977804081e-07,3.571541882763566e-12,1.557303977804081e-07,1.449081822540178e-11,1.557303977804081e-07,1.099741556749667,1.557303977804081e-07,1.099741556749149,1.557303977804081e-07,1.099741556752347,1.557303977804081e-07,1.099741556754682
1.586649478077393e-07,1.100000000005635,1.586649478077393e-07,1.099999999997742,1.586649478077393e-07,1.099999999999212,1.586649478077393e-07,1.099999999999212,1.586649478077393e-07,1.099999999999212,1.586649478077393e-07,1.099999999999212,1.586649478077393e-07,1.100000000020218,1.586649478077393e-07,-8.913174707242495e-12,1.586649478077393e-07,1.099999999930987,1.586649478077393e-07,9.037584895203881e-09,1.586649478077393e-07,2.154612750335907e-12,1.586649478077393e-07,-6.23122494680825e-11,1.586649478077393e-07,2.148634085052635e-12,1.586649478077393e-07,-8.772049583679326e-12,1.586649478077393e-07,1.099741352702564,1.586649478077393e-07,1.099741352702097,1.586649478077393e-07,1.09974135270682,1.586649478077393e-07,1.099741352722214
1.63177246225044e-07,1.099999999989249,1.63177246225044e-07,1.099999999997064,1.63177246225044e-07,1.099999999999225,1.63177246225044e-07,1.099999999999225,1.63177246225044e-07,1.099999999999225,1.63177246225044e-07,1.099999999999225,1.63177246225044e-07,1.09999999996957,1.63177246225044e-07,9.232512530619741e-12,1.63177246225044e-07,1.100000000056132,1.63177246225044e-07,-8.423571988202518e-09,1.63177246225044e-07,3.565535550002826e-12,1.63177246225044e-07,6.803230169695656e-11,1.63177246225044e-07,3.571514634039966e-12,1.63177246225044e-07,1.448971543975216e-11,1.63177246225044e-07,1.099741538865933,1.63177246225044e-07,1.099741538864608,1.63177246225044e-07,1.099741538871689,1.63177246225044e-07,1.099741538883434
1.709315902841827e-07,1.100000000005837,1.709315902841827e-07,1.09999999999793,1.709315902841827e-07,1.099999999999212,1.709315902841827e-07,1.099999999999212,1.709315902841827e-07,1.099999999999212,1.709315902841827e-07,1.099999999999212,1.709315902841827e-07,1.100000000020218,1.709315902841827e-07,-8.917223194230105e-12,1.709315902841827e-07,1.099999999930982,1.709315902841827e-07,9.035113098502475e-09,1.709315902841827e-07,2.154629758906932e-12,1.709315902841827e-07,-6.231207323686872e-11,1.709315902841827e-07,2.148650430234628e-12,1.709315902841827e-07,-8.77140013444759e-12,1.709315902841827e-07,1.09974183004156,1.709315902841827e-07,1.099741830040287,1.709315902841827e-07,1.099741830049565,1.709315902841827e-07,1.09974183007584
1.814526665054059e-07,1.09999999998936,1.814526665054059e-07,1.099999999997177,1.814526665054059e-07,1.099999999999225,1.814526665054059e-07,1.099999999999225,1.814526665054059e-07,1.099999999999225,1.814526665054059e-07,1.099999999999225,1.814526665054059e-07,1.09999999996957,1.814526665054059e-07,9.231113278446494e-12,1.814526665054059e-07,1.100000000056129,1.814526665054059e-07,-8.423407345781133e-09,1.814526665054059e-07,3.565524991868563e-12,1.814526665054059e-07,6.803218813302602e-11,1.814526665054059e-07,3.571504499457004e-12,1.814526665054059e-07,1.448928726938903e-11,1.814526665054059e-07,1.099741964045864,1.814526665054059e-07,1.099741964043763,1.814526665054059e-07,1.099741964055317,1.814526665054059e-07,1.099741964077763
1.907263332527029e-07,1.100000000005899,1.907263332527029e-07,1.099999999997991,1.907263332527029e-07,1.099999999999212,1.907263332527029e-07,1.099999999999212,1.907263332527029e-07,1.099999999999212,1.907263332527029e-07,1.099999999999212,1.907263332527029e-07,1.100000000020218,1.907263332527029e-07,-8.917315117711896e-12,1.907263332527029e-07,1.099999999930983,1.907263332527029e-07,9.034246007042218e-09,1.907263332527029e-07,2.154639135786833e-12,1.907263332527029e-07,-6.231196973778103e-11,1.907263332527029e-07,2.148659423736824e-12,1.907263332527029e-07,-8.771019126913752e-12,1.907263332527029e-07,1.099741996029738,1.907263332527029e-07,1.099741996027928,1.907263332527029e-07,1.099741996040175,1.907263332527029e-07,1.09974199607358
2e-07,1.099999999989389,2e-07,1.099999999997207,2e-07,1.099999999999225,2e-07,1.099999999999225,2e-07,1.099999999999225,2e-07,1.099999999999225,2e-07,1.09999999996957,2e-07,9.231139814271485e-12,2e-07,1.100000000056129,2e-07,-8.42236190443097e-09,2e-07,3.565515198136703e-12,2e-07,6.803207754536928e-11,2e-07,3.57149511305722e-12,2e-07,1.448888345526179e-11,2e-07,1.09974203107333,2e-07,1.099742031070953,2e-07,1.099742031084028,2e-07,1.099742031110124
2.0000625e-07,1.031250008504091,2.0000625e-07,1.03125000833552,2.0000625e-07,1.031250002468917,2.0000625e-07,1.031250002468917,2.0000625e-07,1.031250002468917,2.0000625e-07,1.031250002468918,2.0000625e-07,1.031250015897692,2.0000625e-07,-1.073169645972776e-10,2.0000625e-07,1.03125002171758,2.0000625e-07,0.01140039577481991,2.0000625e-07,0.06874993138511826,2.0000625e-07,0.0687499313851484,2.0000625e-07,0.06874993138511665,2.0000625e-07,0.06874993134198522,2.0000625e-07,1.099678331180008,2.0000625e-07,1.099678497688477,2.0000625e-07,1.099678595361856,2.0000625e-07,1.099678646726417
2.000222160080296e-07,0.8556239216015179,2.000222160080296e-07,0.8556239211273624,2.000222160080296e-07,0.8556239145457529,2.000222160080296e-07,0.8556239145457522,2.000222160080296e-07,0.8556239145457517,2.000222160080296e-07,0.8556239145457513,2.000222160080296e-07,0.8556239292034682,2.000222160080296e-07,-5.888402498423591e-11,2.000222160080296e-07,0.8556239339855387,2.000222160080296e-07,0.06172315743933456,2.000222160080296e-07,0.2443759377858729,2.000222160080296e-07,0.2443759377858524,2.000222160080296e-07,0.2443759377858657,2.000222160080296e-07,0.2443759378020797,2.000222160080296e-07,1.099606211434528,2.000222160080296e-07,1.099606754217316,2.000222160080296e-07,1.099607067618234,2.000222160080296e-07,1.099607231073117
2.000301990120444e-07,0.7678108799177257,2.000301990120444e-07,0.7678108780885184,2.000301990120444e-07,0.7678108707650854,2.000301990120444e-07,0.767810870765085,2.000301990120444e-07,0.7678108707650849,2.000301990120444e-07,0.7678108707650851,2.000301990120444e-07,0.7678108871502579,2.000301990120444e-07,-7.479834079291374e-11,2.000301990120444e-07,0.7678108897321467,2.000301990120444e-07,0.09980319777291136,2.000301990120444e-07,0.3321889623177954,2.000301990120444e-07,0.3321889623178419,2.000301990120444e-07,0.3321889623177134,2.000301990120444e-07,0.3321889622685959,2.000301990120444e-07,1.099602317342409,2.000301990120444e-07,1.099602952727329,2.000301990120444e-07,1.099603313911678,2.000301990120444e-07,1.099603500296231
2.000417340453167e-07,0.6409255165401759,2.000417340453167e-07,0.6409255141594218,2.000417340453167e-07,0.6409255052286531,2.000417340453167e-07,0.6409255052286534,2.000417340453167e-07,0.6409255052286535,2.000417340453167e-07,0.6409255052286533,2.000417340453167e-07,0.6409255224825235,2.000417340453167e-07,-6.714779074447971e-11,2.000417340453167e-07,0.6409255246942326,2.000417340453167e-07,0.1612999329920658,2.000417340453167e-07,0.4590743106405132,2.000417340453167e-07,0.4590743106403918,2.000417340453167e-07,0.4590743106402641,2.000417340453167e-07,0.4590743104288733,2.000417340453167e-07,1.099579094255699,2.000417340453167e-07,1.099579753962779,2.000417340453167e-07,1.099580115432421,2.000417340453167e-07,1.099580300765853
2.000516971938422e-07,0.5313308838947022,2.000516971938422e-07,0.5313308825739307,2.000516971938422e-07,0.5313308722999377,2.000516971938422e-07,0.5313308722999379,2.000516971938422e-07,0.5313308722999384,2.000516971938422e-07,0.5313308722999386,2.000516971938422e-07,0.5313308901729592,2.000516971938422e-07,-6.604939783805924e-11,2.000516971938422e-07,0.5313308913205176,2.000516971938422e-07,0.2198033557164814,2.000516971938422e-07,0.5686689255725018,2.000516971938422e-07,0.5686689255721905,2.000516971938422e-07,0.568668925572442,2.000516971938422e-07,0.5686689252580208,2.000516971938422e-07,1.099562729093984,2.000516971938422e-07,1.099563438749947,2.000516971938422e-07,1.099563822931854,2.000516971938422e-07,1.099564019259479
2.000598302763405e-07,0.4418669770827245,2.000598302763405e-07,0.4418669769795947,2.000598302763405e-07,0.4418669661135187,2.000598302763405e-07,0.441866966113518,2.000598302763405e-07,0.4418669661135172,2.000598302763405e-07,0.4418669661135168,2.000598302763405e-07,0.4418669831381457,2.000598302763405e-07,-5.846420938534523e-11,2.000598302763405e-07,0.441866983182122,2.000598302763405e-07,0.2711295663357106,2.000598302763405e-07,0.6581328221194589,2.000598302763405e-07,0.6581328221186579,2.000598302763405e-07,0.6581328221203228,2.000598302763405e-07,0.658132821795915,2.000598302763405e-07,1.099550299054289,2.000598302763405e-07,1.09955109587079,2.000598302763405e-07,1.099551520768533,2.000598302763405e-07,1.099551728878109
2.00069124379183e-07,0.3396318462410107,2.00069124379183e-07,0.339631848457821,2.00069124379183e-07,0.3396318355328101,2.00069124379183e-07,0.3396318355328098,2.00069124379183e-07,0.3396318355328101,2.00069124379183e-07,0.3396318355328103,2.00069124379183e-07,0.3396318542597044,2.00069124379183e-07,-1.032107135124119e-10,2.00069124379183e-07,0.3396318532258513,2.00069124379183e-07,0.3328689554740061,2.00069124379183e-07,0.7603679406538069,2.00069124379183e-07,0.7603679406582875,2.00069124379183e-07,0.760367940660497,2.00069124379183e-07,0.7603679403279914,2.00069124379183e-07,1.099505719702272,2.00069124379183e-07,1.099506606435849,2.00069124379183e-07,1.099507068416057,2.00069124379183e-07,1.099507296470447
2.000759490136574e-07,0.2645608656327319,2.000759490136574e-07,0.2645608652595481,2.000759490136574e-07,0.2645608551792489,2.000759490136574e-07,0.2645608551792507,2.000759490136574e-07,0.2645608551792512,2.000759490136574e-07,0.2645608551792514,2.000759490136574e-07,0.2645608722162039,2.000759490136574e-07,-2.701623339232459e-10,2.000759490136574e-07,0.2645608728772743,2.000759490136574e-07,0.3798553344133747,2.000759490136574e-07,0.8354389146210718,2.000759490136574e-07,0.8354389146284005,2.000759490136574e-07,0.8354389146257284,2.000759490136574e-07,0.8354389143255925,2.000759490136574e-07,1.099389734916667,2.000759490136574e-07,1.099390722768525,2.000759490136574e-07,1.099391225623094,2.000759490136574e-07,1.099391479520374
2.000815483231051e-07,0.202968462015151,2.000815483231051e-07,0.2029684588922349,2.000815483231051e-07,0.2029684501990599,2.000815483231051e-07,0.2029684501990596,2.000815483231051e-07,0.20296845019906,2.000815483231051e-07,0.2029684501990602,2.000815483231051e-07,0.2029684688336292,2.000815483231051e-07,-5.560094274255704e-10,2.000815483231051e-07,0.2029684684866682,2.000815483231051e-07,0.4193195704140132,2.000815483231051e-07,0.8970313112535107,2.000815483231051e-07,0.8970313112422001,2.000815483231051e-07,0.8970313112430464,2.000815483231051e-07,0.8970313110567072,2.000815483231051e-07,1.09915515238643,2.000815483231051e-07,1.099156171009645,2.000815483231051e-07,1.099156685556958,2.000815483231051e-07,1.099156944741029
2.000857224915366e-07,0.1570526090985841,2.000857224915366e-07,0.1570526023911098,2.000857224915366e-07,0.1570525968562857,2.000857224915366e-07,0.157052596856287,2.000857224915366e-07,0.1570525968562873,2.000857224915366e-07,0.1570525968562874,2.000857224915366e-07,0.1570526137479137,2.000857224915366e-07,-6.194515695655618e-10,2.000857224915366e-07,0.1570525752933169,2.000857224915366e-07,0.4493135262938192,2.000857224915366e-07,0.9429471612100305,2.000857224915366e-07,0.9429471612030262,2.000857224915366e-07,0.9429471611989746,2.000857224915366e-07,0.9429471618389035,2.000857224915366e-07,1.098901690423008,2.000857224915366e-07,1.098902695680641,2.000857224915366e-07,1.098903210711394,2.000857224915366e-07,1.098903476248942
2.000888268466336e-07,0.1229047027818784,2.000888268466336e-07,0.122904695119193,2.000888268466336e-07,0.1229046907969374,2.000888268466336e-07,0.1229046907969363,2.000888268466336e-07,0.1229046907969362,2.000888268466336e-07,0.1229046907969362,2.000888268466336e-07,0.1229047080775336,2.000888268466336e-07,-6.110841904995825e-10,2.000888268466336e-07,0.1229046722639106,2.000888268466336e-07,0.471996774865877,2.000888268466336e-07,0.977095061753552,2.000888268466336e-07,0.9770950617368411,2.000888268466336e-07,0.9770950617443926,2.000888268466336e-07,0.9770950631449331,2.000888268466336e-07,1.098699947155431,2.000888268466336e-07,1.098700918647164,2.000888268466336e-07,1.098701419939468,2.000888268466336e-07,1.098701678852085
2.000906005604181e-07,0.1033938504635245,2.000906005604181e-07,0.1033938430496661,2.000906005604181e-07,0.1033938388077315,2.000906005604181e-07,0.1033938388077318,2.000906005604181e-07,0.1033938388077315,2.000906005604181e-07,0.1033938388077313,2.000906005604181e-07,0.1033938546828416,2.000906005604181e-07,-5.322101558575349e-10,2.000906005604181e-07,0.1033938482541825,2.000906005604181e-07,0.4851181971524585,2.000906005604181e-07,0.9966059128977905,2.000906005604181e-07,0.9966059129000822,2.000906005604181e-07,0.9966059128978623,2.000906005604181e-07,0.9966059151030686,2.000906005604181e-07,1.098591274750009,2.000906005604181e-07,1.09859222695815,2.000906005604181e-07,1.098592716152114,2.000906005604181e-07,1.098592968655808
2.000924170191349e-07,0.08341280445452537,2.000924170191349e-07,0.08341279824707162,2.000924170191349e-07,0.08341279303435037,2.000924170191349e-07,0.08341279303434906,2.000924170191349e-07,0.08341279303434884,2.000924170191349e-07,0.08341279303434876,2.000924170191349e-07,0.08341280985746145,2.000924170191349e-07,-3.954817323064061e-10,2.000924170191349e-07,0.08341280295784254,2.000924170191349e-07,0.4986958850065405,2.000924170191349e-07,1.016586954291449,2.000924170191349e-07,1.01658695428239,2.000924170191349e-07,1.016586954288634,2.000924170191349e-07,1.016586956709271,2.000924170191349e-07,1.098508410927013,2.000924170191349e-07,1.098509345542377,2.000924170191349e-07,1.098509824783581,2.000924170191349e-07,1.098510072426812
2.000944987598521e-07,0.06051365574383535,2.000944987598521e-07,0.06051365009917844,2.000944987598521e-07,0.06051364478559074,2.000944987598521e-07,0.06051364478559108,2.000944987598521e-07,0.0605136447855908,2.000944987598521e-07,0.06051364478559062,2.000944987598521e-07,0.06051366025029067,2.000944987598521e-07,-5.246534705764487e-11,2.000944987598521e-07,0.06051366672067796,2.000944987598521e-07,0.5144437602610712,2.000944987598521e-07,1.039486100757256,2.000944987598521e-07,1.039486100765421,2.000944987598521e-07,1.039486100758104,2.000944987598521e-07,1.03948610318273,2.000944987598521e-07,1.098498881547459,2.000944987598521e-07,1.098499801149032,2.000944987598521e-07,1.098500272821422,2.000944987598521e-07,1.098500516638127
2.00096574617486e-07,0.03767922168042929,2.00096574617486e-07,0.03767921721292083,2.00096574617486e-07,0.03767921096453496,2.00096574617486e-07,0.03767921096453422,2.00096574617486e-07,0.03767921096453428,2.00096574617486e-07,0.03767921096453435,2.00096574617486e-07,0.03767922735179961,2.00096574617486e-07,3.363040380049579e-10,2.00096574617486e-07,0.03767922777026894,2.00096574617486e-07,0.5303725784738134,2.00096574617486e-07,1.062320529170475,2.00096574617486e-07,1.062320529165162,2.00096574617486e-07,1.062320529166922,2.00096574617486e-07,1.062320531064954,2.00096574617486e-07,1.098623761765869,2.00096574617486e-07,1.098624672133737,2.00096574617486e-07,1.098625139163099,2.00096574617486e-07,1.098625380537131
2.00098287308743e-07,0.01883961716600577,2.00098287308743e-07,0.01883961275851101,2.00098287308743e-07,0.01883960683734923,2.00098287308743e-07,0.01883960683734958,2.00098287308743e-07,0.0188396068373493,2.00098287308743e-07,0.01883960683734913,2.00098287308743e-07,0.01883962189938193,2.00098287308743e-07,7.289041129693438e-10,2.00098287308743e-07,0.01883963307124508,2.00098287308743e-07,0.5437033684806751,2.00098287308743e-07,1.08116013198209,2.00098287308743e-07,1.081160131991858,2.00098287308743e-07,1.081160131982216,2.00098287308743e-07,1.081160133720513,2.00098287308743e-07,1.098845563672581,2.00098287308743e-07,1.098846474274293,2.00098287308743e-07,1.098846941367732,2.00098287308743e-07,1.098847182767647
2.001e-07,1.341032949051294e-08,2.001e-07,9.720444748733013e-09,2.001e-07,3.212457202835082e-09,2.001e-07,3.212456588187832e-09,2.001e-07,3.212456723533747e-09,2.001e-07,3.212456814038802e-09,2.001e-07,1.924721479674981e-08,2.001e-07,1.072581234199083e-09,2.001e-07,2.363477177722193e-08,2.001e-07,0.5572124046828018,2.001e-07,1.099999729976645,2.001e-07,1.099999729971917,2.001e-07,1.099999729975355,2.001e-07,1.099999731170184,2.001e-07,1.099179331826434,2.001e-07,1.099180240839498,2.001e-07,1.099180707041352,2.001e-07,1.099180903795199
2.00103425382514e-07,1.617805091280733e-09,2.00103425382514e-07,4.365158443042638e-10,2.00103425382514e-07,2.269788454412058e-10,2.00103425382514e-07,2.26978762174479e-10,2.00103425382514e-07,2.269787205411156e-10,2.00103425382514e-07,2.269786997244339e-10,2.00103425382514e-07,1.645213805467893e-09,2.00103425382514e-07,1.753962415889403e-09,2.00103425382514e-07,1.157724472539146e-08,2.00103425382514e-07,0.5823439946608888,2.00103425382514e-07,1.099999763637174,2.00103425382514e-07,1.09999976363855,2.00103425382514e-07,1.099999763636913,2.00103425382514e-07,1.099999764301917,2.00103425382514e-07,1.10037721700596,2.00103425382514e-07,1.100378114887586,2.00103425382514e-07,1.100378575050953,2.00103425382514e-07,1.100378769750549
2.001067478134539e-07,8.492446093672498e-10,2.001067478134539e-07,2.469564403229222e-11,2.001067478134539e-07,9.432490285376035e-11,2.001067478134539e-07,9.432482792600297e-11,2.001067478134539e-07,9.432478305941263e-11,2.001067478134539e-07,9.432476577878659e-11,2.001067478134539e-07,9.71669168305937e-10,2.001067478134539e-07,2.28871246036177e-09,2.001067478134539e-07,1.346040229154037e-08,2.001067478134539e-07,0.6058378767633219,2.001067478134539e-07,1.099999780258507,2.001067478134539e-07,1.099999780260436,2.001067478134539e-07,1.099999780259311,2.001067478134539e-07,1.099999780523665,2.001067478134539e-07,1.101766182493631,2.001067478134539e-07,1.101767058919169,2.001067478134539e-07,1.101767508600328,2.001067478134539e-07,1.101767698905898
2.001103123949662e-07,5.192040789646175e-10,2.001103123949662e-07,-1.348980470004473e-10,2.001103123949662e-07,5.113198718328874e-11,2.001103123949662e-07,5.113198746583892e-11,2.001103123949662e-07,5.113199059098054e-11,2.001103123949662e-07,5.113198760902208e-11,2.001103123949662e-07,6.353689389321566e-10,2.001103123949662e-07,2.593845262288699e-09,2.001103123949662e-07,1.492914923254862e-08,2.001103123949662e-07,0.6290758481220832,2.001103123949662e-07,1.099999797249084,2.001103123949662e-07,1.099999797250395,2.001103123949662e-07,1.099999797250082,2.001103123949662e-07,1.099999797275478,2.001103123949662e-07,1.103664214686009,2.001103123949662e-07,1.103665067899362,2.001103123949662e-07,1.103665506218501,2.001103123949662e-07,1.103665692077505
2.001168327095182e-07,1.157817601552617e-10,2.001168327095182e-07,-3.224782553984322e-10,2.001168327095182e-07,1.142852347660186e-13,2.001168327095182e-07,1.142233694467418e-13,2.001168327095182e-07,1.141871357196786e-13,2.001168327095182e-07,1.141734799263126e-13,2.001168327095182e-07,2.759119727336537e-10,2.001168327095182e-07,2.912567386229526e-09,2.001168327095182e-07,1.570343027062542e-08,2.001168327095182e-07,0.6666861877271139,2.001168327095182e-07,1.099999824696232,2.001168327095182e-07,1.099999824696823,2.001168327095182e-07,1.09999982469689,2.001168327095182e-07,1.099999824527541,2.001168327095182e-07,1.107973758569622,2.001168327095182e-07,1.107974528258081,2.001168327095182e-07,1.107974923140949,2.001168327095182e-07,1.107975093064172
2.001247898209038e-07,1.168857089873407e-10,2.001247898209038e-07,-1.794136614050091e-10,2.001247898209038e-07,1.12303498503671e-11,2.001247898209038e-07,1.123040595864554e-11,2.001247898209038e-07,1.123043876902798e-11,2.001247898209038e-07,1.123045073697279e-11,2.001247898209038e-07,1.216629404755554e-10,2.001247898209038e-07,2.756999011618179e-09,2.001247898209038e-07,1.308202511887804e-08,2.001247898209038e-07,0.7046553912625724,2.001247898209038e-07,1.099999855527848,2.001247898209038e-07,1.099999855528269,2.001247898209038e-07,1.099999855528426,2.001247898209038e-07,1.099999855325048,2.001247898209038e-07,1.113664257117781,2.001247898209038e-07,1.113664804842464,2.001247898209038e-07,1.113665086926769,2.001247898209038e-07,1.11366520846143
2.001317173505297e-07,-4.969849490910666e-11,2.001317173505297e-07,-2.938638437621176e-10,2.001317173505297e-07,-8.603228634699012e-12,2.001317173505297e-07,-8.603307056026566e-12,2.001317173505297e-07,-8.603351507618657e-12,2.001317173505297e-07,-8.603368467797792e-12,2.001317173505297e-07,1.043320157470533e-10,2.001317173505297e-07,1.38095805305617e-09,2.001317173505297e-07,6.299726944278665e-09,2.001317173505297e-07,0.7312780247052996,2.001317173505297e-07,1.099999878706847,2.001317173505297e-07,1.099999878707122,2.001317173505297e-07,1.099999878707214,2.001317173505297e-07,1.099999878480759,2.001317173505297e-07,1.116857757806723,2.001317173505297e-07,1.116857974811374,2.001317173505297e-07,1.11685808669584,2.001317173505297e-07,1.11685813504441
2.001376437498944e-07,7.590433883852803e-11,2.001376437498944e-07,-9.910188827642429e-11,2.001376437498944e-07,1.031419151737398e-11,2.001376437498944e-07,1.031429850242235e-11,2.001376437498944e-07,1.031435747544757e-11,2.001376437498944e-07,1.031438150166866e-11,2.001376437498944e-07,5.38992667347468e-11,2.001376437498944e-07,8.109318140154453e-10,2.001376437498944e-07,3.714584871579716e-09,2.001376437498944e-07,0.749945518919211,2.001376437498944e-07,1.099999896819664,2.001376437498944e-07,1.099999896819865,2.001376437498944e-07,1.099999896820024,2.001376437498944e-07,1.09999989662326,2.001376437498944e-07,1.117994353373955,2.001376437498944e-07,1.117994428677777,2.001376437498944e-07,1.117994467568068,2.001376437498944e-07,1.117994483997039
2.001440615453745e-07,-6.1036573806886e-11,2.001440615453745e-07,-2.253191165409242e-10,2.001440615453745e-07,-8.710306223897345e-12,2.001440615453745e-07,-8.710387187569781e-12,2.001440615453745e-07,-8.71043288569693e-12,2.001440615453745e-07,-8.71045060153469e-12,2.001440615453745e-07,1.081056387626449e-10,2.001440615453745e-07,2.820402949677939e-10,2.001440615453745e-07,1.471529358337765e-09,2.001440615453745e-07,0.7665036231673656,2.001440615453745e-07,1.099999913428994,2.001440615453745e-07,1.099999913429208,2.001440615453745e-07,1.099999913429253,2.001440615453745e-07,1.099999913221077,2.001440615453745e-07,1.118548122469835,2.001440615453745e-07,1.11854813792851,2.001440615453745e-07,1.118548145800902,2.001440615453745e-07,1.118548148930569
2.001507403543132e-07,7.060104275456758e-11,2.001507403543132e-07,-4.529488227389617e-11,2.001507403543132e-07,1.030335724026515e-11,2.001507403543132e-07,1.03034197015804e-11,2.001507403543132e-07,1.030345595131183e-11,2.001507403543132e-07,1.030346882351645e-11,2.001507403543132e-07,3.900684032779712e-11,2.001507403543132e-07,2.186375403228022e-10,2.001507403543132e-07,1.229920563353476e-09,2.001507403543132e-07,0.7803262464093104,2.001507403543132e-07,1.099999928723178,2.001507403543132e-07,1.099999928723377,2.001507403543132e-07,1.099999928723516,2.001507403543132e-07,1.09999992855799,2.001507403543132e-07,1.118808051467431,2.001507403543132e-07,1.118808041611119,2.001507403543132e-07,1.118808035194773,2.001507403543132e-07,1.118808032118706
2.001601487610962e-07,-6.316983680999634e-11,2.001601487610962e-07,-1.749635178963764e-10,2.001601487610962e-07,-8.678429438350275e-12,2.001601487610962e-07,-8.678484018289419e-12,2.001601487610962e-07,-8.678516178710504e-12,2.001601487610962e-07,-8.678527116280828e-12,2.001601487610962e-07,9.047670786813241e-11,2.001601487610962e-07,-9.960114402671399e-12,2.001601487610962e-07,2.266652698414162e-10,2.001601487610962e-07,0.7950947886867965,2.001601487610962e-07,1.099999945692242,2.001601487610962e-07,1.099999945692419,2.001601487610962e-07,1.099999945692439,2.001601487610962e-07,1.09999994552331,2.001601487610962e-07,1.118961874529202,2.001601487610962e-07,1.118961851292487,2.001601487610962e-07,1.118961838213907,2.001601487610962e-07,1.118961831971866
2.001735836172766e-07,7.035995201450593e-11,2.001735836172766e-07,3.513450581998835e-12,2.001735836172766e-07,1.03192862900764e-11,2.001735836172766e-07,1.031934339579226e-11,2.001735836172766e-07,1.031937684261371e-11,2.001735836172766e-07,1.031938840870239e-11,2.001735836172766e-07,1.508924740967902e-11,2.001735836172766e-07,7.043781771105318e-11,2.001735836172766e-07,5.608050767813791e-10,2.001735836172766e-07,0.8091588637239457,2.001735836172766e-07,1.099999963954551,2.001735836172766e-07,1.099999963954695,2.001735836172766e-07,1.099999963954797,2.001735836172766e-07,1.099999963840247,2.001735836172766e-07,1.119028069960574,2.001735836172766e-07,1.119028031523416,2.001735836172766e-07,1.11902801062157,2.001735836172766e-07,1.119028000534708
2.001936162845012e-07,-6.301555102771404e-11,2.001936162845012e-07,-1.295970880295879e-10,2.001936162845012e-07,-8.680610344306158e-12,2.001936162845012e-07,-8.680671474962034e-12,2.001936162845012e-07,-8.680706969085705e-12,2.001936162845012e-07,-8.680719544771853e-12,2.001936162845012e-07,6.115816376379166e-11,2.001936162845012e-07,-6.57327325199233e-11,2.001936162845012e-07,-9.994847423509455e-11,2.001936162845012e-07,0.8203890850769781,2.001936162845012e-07,1.099999980530295,2.001936162845012e-07,1.099999980530381,2.001936162845012e-07,1.099999980530374,2.001936162845012e-07,1.099999980433993,2.001936162845012e-07,1.119039878309788,2.001936162845012e-07,1.119039849007939,2.001936162845012e-07,1.119039833724873,2.001936162845012e-07,1.119039826874961
2.002172220873621e-07,7.047919957860729e-11,2.002172220873621e-07,3.957678670590326e-11,2.002172220873621e-07,1.031485581223605e-11,2.002172220873621e-07,1.031491690270998e-11,2.002172220873621e-07,1.031495237026774e-11,2.002172220873621e-07,1.031496493019745e-11,2.002172220873621e-07,-5.5092709006384e-12,2.002172220873621e-07,5.045776516620472e-11,2.002172220873621e-07,3.971407515986038e-10,2.002172220873621e-07,0.8256681540973181,2.002172220873621e-07,1.099999990711162,2.002172220873621e-07,1.099999990711237,2.002172220873621e-07,1.0999999907113,2.002172220873621e-07,1.099999990669359,2.002172220873621e-07,1.119016550043959,2.002172220873621e-07,1.119016520558813,2.002172220873621e-07,1.119016505174482,2.002172220873621e-07,1.119016498405198
2.002476351805916e-07,-6.304696796700755e-11,2.002476351805916e-07,-1.044770341963579e-10,2.002476351805916e-07,-8.681771701753889e-12,2.002476351805916e-07,-8.68183213831857e-12,2.002476351805916e-07,-8.681867270882478e-12,2.002476351805916e-07,-8.681879665744899e-12,2.002476351805916e-07,5.007539891243906e-11,2.002476351805916e-07,-6.926047554519745e-11,2.002476351805916e-07,-1.750951477620747e-10,2.002476351805916e-07,0.8274414995189902,2.002476351805916e-07,1.099999996108971,2.002476351805916e-07,1.099999996108993,2.002476351805916e-07,1.099999996108963,2.002476351805916e-07,1.099999996070384,2.002476351805916e-07,1.118977232908658,2.002476351805916e-07,1.118977199752045,2.002476351805916e-07,1.118977183382735,2.002476351805916e-07,1.118977175993262
2.002927165316827e-07,7.051631771925328e-11,2.002927165316827e-07,5.922311539899269e-11,2.002927165316827e-07,1.031447234386192e-11,2.002927165316827e-07,1.031453186789188e-11,2.002927165316827e-07,1.031456653358376e-11,2.002927165316827e-07,1.031457869882083e-11,2.002927165316827e-07,-1.264210621694206e-11,2.002927165316827e-07,5.016526169693308e-11,2.002927165316827e-07,3.525801144918973e-10,2.002927165316827e-07,0.8273238396148287,2.002927165316827e-07,1.099999999030881,2.002927165316827e-07,1.09999999903091,2.002927165316827e-07,1.099999999030952,2.002927165316827e-07,1.09999999903232,2.002927165316827e-07,1.118915983820615,2.002927165316827e-07,1.118915955707727,2.002927165316827e-07,1.118915941108832,2.002927165316827e-07,1.118915935029265
2.003581783292485e-07,-6.309753379369439e-11,2.003581783292485e-07,-8.91413231907941e-11,2.003581783292485e-07,-8.684121246118528e-12,2.003581783292485e-07,-8.68418031315503e-12,2.003581783292485e-07,-8.684214744556403e-12,2.003581783292485e-07,-8.684226794962987e-12,2.003581783292485e-07,4.35825758247079e-11,2.003581783292485e-07,-6.909407956453694e-11,2.003581783292485e-07,-2.198641938142228e-10,2.003581783292485e-07,0.8267327116193237,2.003581783292485e-07,1.099999999694,2.003581783292485e-07,1.09999999969399,2.003581783292485e-07,1.099999999693951,2.003581783292485e-07,1.099999999681004,2.003581783292485e-07,1.118824460654559,2.003581783292485e-07,1.11882443107644,2.003581783292485e-07,1.118824416217626,2.003581783292485e-07,1.118824409463787
2.004457747664834e-07,7.052709433431653e-11,2.004457747664834e-07,7.006570223885539e-11,2.004457747664834e-07,1.031620979248228e-11,2.004457747664834e-07,1.031626857850182e-11,2.004457747664834e-07,1.031630286588949e-11,2.004457747664834e-07,1.03163148458371e-11,2.004457747664834e-07,-1.786348990148862e-11,2.004457747664834e-07,5.077038008930253e-11,2.004457747664834e-07,3.188916957909308e-10,2.004457747664834e-07,0.826533440441403,2.004457747664834e-07,1.100000000003885,2.004457747664834e-07,1.1000000000039,2.004457747664834e-07,1.100000000003938,2.004457747664834e-07,1.100000000014842,2.004457747664834e-07,1.118697708712697,2.004457747664834e-07,1.118697679967967,2.004457747664834e-07,1.118697665068255,2.004457747664834e-07,1.118697658575398
2.005732830310179e-07,-6.310165871728262e-11,2.005732830310179e-07,-8.140675597713584e-11,2.005732830310179e-07,-8.685946986271139e-12,2.005732830310179e-07,-8.686005637014632e-12,2.005732830310179e-07,-8.686039855015601e-12,2.005732830310179e-07,-8.68605180106506e-12,2.005732830310179e-07,3.961890674109904e-11,2.005732830310179e-07,-6.818273954049183e-11,2.005732830310179e-07,-2.46566597892018e-10,2.005732830310179e-07,0.8265288868342476,2.005732830310179e-07,1.099999999878838,2.005732830310179e-07,1.099999999878824,2.005732830310179e-07,1.099999999878785,2.005732830310179e-07,1.099999999867663,2.005732830310179e-07,1.118506566622449,2.005732830310179e-07,1.118506535764894,2.005732830310179e-07,1.118506520007035,2.005732830310179e-07,1.118506512896306
2.007776722554118e-07,7.052184828185932e-11,2.007776722554118e-07,7.548329440318363e-11,2.007776722554118e-07,1.031736732776478e-11,2.007776722554118e-07,1.031742590623414e-11,2.007776722554118e-07,1.031746008718787e-11,2.007776722554118e-07,1.0317472015127e-11,2.007776722554118e-07,-2.143051713927365e-11,2.007776722554118e-07,5.217079079712562e-11,2.007776722554118e-07,2.988262577642757e-10,2.007776722554118e-07,0.8265305660385485,2.007776722554118e-07,1.100000000024207,2.007776722554118e-07,1.100000000024222,2.007776722554118e-07,1.10000000002426,2.007776722554118e-07,1.100000000035365,2.007776722554118e-07,1.118180969312573,2.007776722554118e-07,1.118180937262976,2.007776722554118e-07,1.118180920658467,2.007776722554118e-07,1.118180913346154
2.011394562248205e-07,-6.310038135008817e-11,2.011394562248205e-07,-7.720998809323225e-11,2.011394562248205e-07,-8.686723155441583e-12,2.011394562248205e-07,-8.686781697273843e-12,2.011394562248205e-07,-8.686815859456697e-12,2.011394562248205e-07,-8.686827778214327e-12,2.011394562248205e-07,3.653953121726302e-11,2.011394562248205e-07,-6.562783594192047e-11,2.011394562248205e-07,-2.637630726108405e-10,2.011394562248205e-07,0.8265301042839797,2.011394562248205e-07,1.099999999877708,2.011394562248205e-07,1.099999999877693,2.011394562248205e-07,1.099999999877655,2.011394562248205e-07,1.099999999866552,2.011394562248205e-07,1.117546513044595,2.011394562248205e-07,1.117546477002503,2.011394562248205e-07,1.11754645851989,2.011394562248205e-07,1.117546450194844
2.016998651533766e-07,7.051928842277811e-11,2.016998651533766e-07,7.831301783163536e-11,2.016998651533766e-07,1.031782355391731e-11,2.016998651533766e-07,1.03178820731802e-11,2.016998651533766e-07,1.031791622380507e-11,2.016998651533766e-07,1.03179281369054e-11,2.016998651533766e-07,-2.373307294759378e-11,2.016998651533766e-07,5.595565603613871e-11,2.016998651533766e-07,2.871108676735615e-10,2.016998651533766e-07,0.826530268149248,2.016998651533766e-07,1.100000000024573,2.016998651533766e-07,1.100000000024588,2.016998651533766e-07,1.100000000024627,2.016998651533766e-07,1.100000000035728,2.016998651533766e-07,1.11641932994841,2.016998651533766e-07,1.116419290121114,2.016998651533766e-07,1.116419269486666,2.016998651533766e-07,1.116419260333026
2.025040878985399e-07,-6.310009383414645e-11,2.025040878985399e-07,-7.552688087407845e-11,2.025040878985399e-07,-8.687038058351014e-12,2.025040878985399e-07,-8.687096562424397e-12,2.025040878985399e-07,-8.687130705272994e-12,2.025040878985399e-07,-8.687142614565127e-12,2.025040878985399e-07,3.50900563335739e-11,2.025040878985399e-07,-6.136044290591116e-11,2.025040878985399e-07,-2.708081912564221e-10,2.025040878985399e-07,0.8265301795743292,2.025040878985399e-07,1.099999999877538,2.025040878985399e-07,1.099999999877523,2.025040878985399e-07,1.099999999877485,2.025040878985399e-07,1.099999999866383,2.025040878985399e-07,1.1145673256327,2.025040878985399e-07,1.114567280507486,2.025040878985399e-07,1.114567257284562,2.025040878985399e-07,1.114567246818052
2.037352006960799e-07,7.051830228747281e-11,2.037352006960799e-07,7.926604365352676e-11,2.037352006960799e-07,1.031803768040038e-11,2.037352006960799e-07,1.031809617476955e-11,2.037352006960799e-07,1.031813031265096e-11,2.037352006960799e-07,1.03181422195101e-11,2.037352006960799e-07,-2.469477777213787e-11,2.037352006960799e-07,5.941261165498182e-11,2.037352006960799e-07,2.825558829614068e-10,2.037352006960799e-07,0.8265301737517772,2.037352006960799e-07,1.100000000024666,2.037352006960799e-07,1.100000000024681,2.037352006960799e-07,1.10000000002472,2.037352006960799e-07,1.100000000035821,2.037352006960799e-07,1.111489508982674,2.037352006960799e-07,1.111489462096983,2.037352006960799e-07,1.111489437767855,2.037352006960799e-07,1.111489426935042
2.055975241934369e-07,-6.309974628260136e-11,2.055975241934369e-07,-7.501457286625653e-11,2.055975241934369e-07,-8.687179675281389e-12,2.055975241934369e-07,-8.687238163330637e-12,2.055975241934369e-07,-8.687272297977741e-12,2.055975241934369e-07,-8.687284203252164e-12,2.055975241934369e-07,3.452780722094668e-11,2.055975241934369e-07,-5.948823080232476e-11,2.055975241934369e-07,-2.739181365542991e-10,2.055975241934369e-07,0.8265301358470468,2.055975241934369e-07,1.099999999877485,2.055975241934369e-07,1.09999999987747,2.055975241934369e-07,1.099999999877432,2.055975241934369e-07,1.099999999866331,2.055975241934369e-07,1.106846608114174,2.055975241934369e-07,1.10684656260591,2.055975241934369e-07,1.106846539144521,2.055975241934369e-07,1.106846528568193
2.085010582478369e-07,7.051783747703867e-11,2.085010582478369e-07,7.947329386234116e-11,2.085010582478369e-07,1.03181303586451e-11,2.085010582478369e-07,1.031818884267982e-11,2.085010582478369e-07,1.03182229752726e-11,2.085010582478369e-07,1.031823487954031e-11,2.085010582478369e-07,-2.502897084441668e-11,2.085010582478369e-07,5.984332118078965e-11,2.085010582478369e-07,2.805260457467556e-10,2.085010582478369e-07,0.8265300546312934,2.085010582478369e-07,1.100000000024698,2.085010582478369e-07,1.100000000024712,2.085010582478369e-07,1.100000000024751,2.085010582478369e-07,1.100000000035851,2.085010582478369e-07,1.100223029984581,2.085010582478369e-07,1.100222990753791,2.085010582478369e-07,1.10022297040904,2.085010582478369e-07,1.100222961352455
2.129588043122321e-07,-6.309952885289317e-11,2.129588043122321e-07,-7.494865285727867e-11,2.129588043122321e-07,-8.687239628436441e-12,2.129588043122321e-07,-8.68729810987258e-12,2.129588043122321e-07,-8.687332241135739e-12,2.129588043122321e-07,-8.687344144751821e-12,2.129588043122321e-07,3.434359664762559e-11,2.129588043122321e-07,-5.945983017995628e-11,2.129588043122321e-07,-2.750969075789949e-10,2.129588043122321e-07,0.8265299805385854,2.129588043122321e-07,1.099999999877466,2.129588043122321e-07,1.099999999877451,2.129588043122321e-07,1.099999999877413,2.129588043122321e-07,1.099999999866312,2.129588043122321e-07,1.091457842568887,2.129588043122321e-07,1.091457808703548,2.129588043122321e-07,1.091457791213041,2.129588043122321e-07,1.091457783333551
2.196254661865924e-07,7.051764462719077e-11,2.196254661865924e-07,7.949245265466961e-11,2.196254661865924e-07,1.031816985287732e-11,2.196254661865924e-07,1.031822833258304e-11,2.196254661865924e-07,1.03182624629608e-11,2.196254661865924e-07,1.031827436614293e-11,2.196254661865924e-07,-2.511332046502223e-11,2.196254661865924e-07,5.988099354953465e-11,2.196254661865924e-07,2.796386302796331e-10,2.196254661865924e-07,0.8265298034992501,2.196254661865924e-07,1.100000000024709,2.196254661865924e-07,1.100000000024724,2.196254661865924e-07,1.100000000024763,2.196254661865924e-07,1.100000000035863,2.196254661865924e-07,1.080625737787625,2.196254661865924e-07,1.080625711802802,2.196254661865924e-07,1.0806256983319,2.196254661865924e-07,1.08062569234498
2.300281556140334e-07,-6.309942613588896e-11,2.300281556140334e-07,-7.495064925773949e-11,2.300281556140334e-07,-8.687265615120044e-12,2.300281556140334e-07,-8.68732409371982e-12,2.300281556140334e-07,-8.68735822353169e-12,2.300281556140334e-07,-8.687370126436487e-12,2.300281556140334e-07,3.431074108986107e-11,2.300281556140334e-07,-5.944491027222215e-11,2.300281556140334e-07,-2.755852980167607e-10,2.300281556140334e-07,0.8265296053731889,2.300281556140334e-07,1.099999999877459,2.300281556140334e-07,1.099999999877444,2.300281556140334e-07,1.099999999877405,2.300281556140334e-07,1.099999999866305,2.300281556140334e-07,1.067561202085248,2.300281556140334e-07,1.0675611816974,2.300281556140334e-07,1.067561171151523,2.300281556140334e-07,1.06756116637912
2.400140778070167e-07,7.051755622430462e-11,2.400140778070167e-07,7.949335258235226e-11,2.400140778070167e-07,1.031819058358572e-11,2.400140778070167e-07,1.031824906103586e-11,2.400140778070167e-07,1.03182831902595e-11,2.400140778070167e-07,1.031829509287601e-11,2.400140778070167e-07,-2.510414479221822e-11,2.400140778070167e-07,5.988725328085266e-11,2.400140778070167e-07,2.793608520779112e-10,2.400140778070167e-07,0.8265293496158482,2.400140778070167e-07,1.100000000024715,2.400140778070167e-07,1.10000000002473,2.400140778070167e-07,1.100000000024769,2.400140778070167e-07,1.10000000003587,2.400140778070167e-07,1.057939256436913,2.400140778070167e-07,1.057939241581239,2.400140778070167e-07,1.057939233769191,2.400140778070167e-07,1.057939230362831
2.5e-07,-6.309934070844858e-11,2.5e-07,-7.495135915403432e-11,2.5e-07,-8.687286776877144e-12,2.5e-07,-8.687345253180149e-12,2.5e-07,-8.687379381816868e-12,2.5e-07,-8.687391284145721e-12,2.5e-07,3.433854002215359e-11,2.5e-07,-5.944158522505277e-11,2.5e-07,-2.757149025512274e-10,2.5e-07,0.8265291651970453,2.5e-07,1.099999999877453,2.5e-07,1.099999999877438,2.5e-07,1.099999999877399,2.5e-07,1.099999999866299,2.5e-07,1.050306353307384,2.5e-07,1.050306340583137,2.5e-07,1.050306334032572,2.5e-07,1.050306331034918
2.501e-07,3.708087151007635e-12,2.501e-07,2.277457108352125e-12,2.501e-07,8.157231676082271e-13,2.501e-07,8.157231404925706e-13,2.501e-07,8.157231266276496e-13,2.501e-07,8.157231198270393e-13,2.501e-07,4.624440874750333e-12,2.501e-07,2.210900665769608e-13,2.501e-07,1.795036804434753e-12,2.501e-07,0.6764077377546542,2.501e-07,1.099999975235985,2.501e-07,1.099999975235985,2.501e-07,1.099999975235985,2.501e-07,2.854262485237162e-07,2.501e-07,1.05023847423421,2.501e-07,1.050238461105776,2.501e-07,1.050238454697501,2.501e-07,1.050238452691532
2.501136589765851e-07,3.708848287166303e-12,2.501136589765851e-07,2.2727997846938e-12,2.501136589765851e-07,8.154609699872165e-13,2.501136589765851e-07,8.154609622027653e-13,2.501136589765851e-07,8.154609578496346e-13,2.501136589765851e-07,8.154609555110732e-13,2.501136589765851e-07,4.672379931484013e-12,2.501136589765851e-07,2.738328274607209e-13,2.501136589765851e-07,1.987930163232663e-12,2.501136589765851e-07,0.6606001500399837,2.501136589765851e-07,1.099999974315375,2.501136589765851e-07,1.099999974315375,2.501136589765851e-07,1.099999974315375,2.501136589765851e-07,2.330452232920126e-07,2.501136589765851e-07,1.050229302022633,2.501136589765851e-07,1.050229289723613,2.501136589765851e-07,1.050229280882082,2.501136589765851e-07,1.050229275974703
2.501404465235894e-07,3.736525793784836e-12,2.501404465235894e-07,2.33207325817923e-12,2.501404465235894e-07,8.15433220251684e-13,2.501404465235894e-07,8.154332234122499e-13,2.501404465235894e-07,8.154332267509072e-13,2.501404465235894e-07,8.154332289585995e-13,2.501404465235894e-07,4.492269568412986e-12,2.501404465235894e-07,1.27936510902516e-13,2.501404465235894e-07,1.444543678810263e-12,2.501404465235894e-07,0.6371664335392111,2.501404465235894e-07,1.099999975419724,2.501404465235894e-07,1.099999975419724,2.501404465235894e-07,1.099999975419724,2.501404465235894e-07,1.553375773314362e-07,2.501404465235894e-07,1.050211053953779,2.501404465235894e-07,1.050211043101896,2.501404465235894e-07,1.050211038424164,2.501404465235894e-07,1.050211033541587
2.501659724410651e-07,3.632682152411725e-12,2.501659724410651e-07,2.115788419468916e-12,2.501659724410651e-07,8.154831734234946e-13,2.501659724410651e-07,8.154831722347388e-13,2.501659724410651e-07,8.154831669414809e-13,2.501659724410651e-07,8.154831640349314e-13,2.501659724410651e-07,4.813358921095404e-12,2.501659724410651e-07,3.218136810270351e-13,2.501659724410651e-07,2.171858663673565e-12,2.501659724410651e-07,0.6261969455771944,2.501659724410651e-07,1.099999980013898,2.501659724410651e-07,1.099999980013898,2.501659724410651e-07,1.099999980013898,2.501659724410651e-07,9.664430192463457e-08,2.501659724410651e-07,1.050193777613716,2.501659724410651e-07,1.050193767000661,2.501659724410651e-07,1.050193759072778,2.501659724410651e-07,1.05019375443223
2.502079017247209e-07,3.797985995320919e-12,2.502079017247209e-07,2.447817209583075e-12,2.502079017247209e-07,8.154336864234777e-13,2.502079017247209e-07,8.154336871444644e-13,2.502079017247209e-07,8.154336947665839e-13,2.502079017247209e-07,8.154336982028141e-13,2.502079017247209e-07,4.431164558384726e-12,2.502079017247209e-07,1.364067857929511e-13,2.502079017247209e-07,1.470360806604959e-12,2.502079017247209e-07,0.6196483943875807,2.502079017247209e-07,1.099999988007957,2.502079017247209e-07,1.099999988007957,2.502079017247209e-07,1.099999988007957,2.502079017247209e-07,4.165772777150209e-08,2.502079017247209e-07,1.050165413869524,2.502079017247209e-07,1.050165402197163,2.502079017247209e-07,1.050165396540346,2.502079017247209e-07,1.050165392599171
2.502467342149725e-07,3.612476947703957e-12,2.502467342149725e-07,2.082610773581159e-12,2.502467342149725e-07,8.1547726131925e-13,2.502467342149725e-07,8.154772608915067e-13,2.502467342149725e-07,8.154772502319589e-13,2.502467342149725e-07,8.154772462158353e-13,2.502467342149725e-07,4.814524603983498e-12,2.502467342149725e-07,2.940112972664136e-13,2.502467342149725e-07,2.069613657014033e-12,2.502467342149725e-07,0.6188082229383822,2.502467342149725e-07,1.099999993324974,2.502467342149725e-07,1.099999993324974,2.502467342149725e-07,1.099999993324974,2.502467342149725e-07,2.007354617548427e-08,2.502467342149725e-07,1.050139104086059,2.502467342149725e-07,1.05013909185438,2.502467342149725e-07,1.050139086339683,2.502467342149725e-07,1.050139083626592
2.502913127139556e-07,3.810253966842753e-12,2.502913127139556e-07,2.465782957703082e-12,2.502913127139556e-07,8.154401953014012e-13,2.502913127139556e-07,8.154401956131385e-13,2.502913127139556e-07,8.15440209042198e-13,2.502913127139556e-07,8.154402135459273e-13,2.502913127139556e-07,4.450642561066126e-12,2.502913127139556e-07,1.680516144171526e-13,2.502913127139556e-07,1.587223461863053e-12,2.502913127139556e-07,0.6190311159085407,2.502913127139556e-07,1.099999996765251,2.502913127139556e-07,1.099999996765251,2.502913127139556e-07,1.099999996765251,2.502913127139556e-07,8.764466758849137e-09,2.502913127139556e-07,1.050109013897206,2.502913127139556e-07,1.050109001844707,2.502913127139556e-07,1.050108995210718,2.502913127139556e-07,1.050108993181072
2.503474787743521e-07,3.605583933186922e-12,2.503474787743521e-07,2.073818737594602e-12,2.503474787743521e-07,8.154719080809037e-13,2.503474787743521e-07,8.154719077893264e-13,2.503474787743521e-07,8.15471892236216e-13,2.503474787743521e-07,8.154718873151147e-13,2.503474787743521e-07,4.786385434244874e-12,2.503474787743521e-07,2.661691720551963e-13,2.503474787743521e-07,1.964433718728752e-12,2.503474787743521e-07,0.6194629281417925,2.503474787743521e-07,1.099999998734239,2.503474787743521e-07,1.099999998734239,2.503474787743521e-07,1.099999998734239,2.503474787743521e-07,3.282096399028885e-09,2.503474787743521e-07,1.050071040090599,2.503474787743521e-07,1.050071027779867,2.503474787743521e-07,1.050071022149266,2.503474787743521e-07,1.050071019774085
2.504260354949701e-07,3.814256753669385e-12,2.504260354949701e-07,2.470296684121642e-12,2.504260354949701e-07,8.154439939059235e-13,2.504260354949701e-07,8.154439942115447e-13,2.504260354949701e-07,8.154440112066593e-13,2.504260354949701e-07,8.154440164542239e-13,2.504260354949701e-07,4.47683094239523e-12,2.504260354949701e-07,1.892521372065877e-13,2.504260354949701e-07,1.666140591134828e-12,2.504260354949701e-07,0.6197677248532246,2.504260354949701e-07,1.099999999689518,2.504260354949701e-07,1.099999999689518,2.504260354949701e-07,1.099999999689518,2.504260354949701e-07,7.453676522040732e-10,2.504260354949701e-07,1.050018109775499,2.504260354949701e-07,1.050018097588086,2.504260354949701e-07,1.050018090770694,2.504260354949701e-07,1.05001808820992
2.50524838177767e-07,3.603072629323524e-12,2.50524838177767e-07,2.07123830939636e-12,2.50524838177767e-07,8.15469273821512e-13,2.50524838177767e-07,8.154692734902801e-13,2.50524838177767e-07,8.154692554035867e-13,2.50524838177767e-07,8.154692498799352e-13,2.50524838177767e-07,4.765448459570083e-12,2.50524838177767e-07,2.510706670590109e-13,2.50524838177767e-07,1.906045278068634e-12,2.50524838177767e-07,0.6198722341306535,2.50524838177767e-07,1.099999999895439,2.50524838177767e-07,1.099999999895439,2.50524838177767e-07,1.099999999895439,2.50524838177767e-07,1.490011532971053e-10,2.50524838177767e-07,1.049951559290279,2.50524838177767e-07,1.049951547039218,2.50524838177767e-07,1.049951541038647,2.50524838177767e-07,1.049951538101528
2.506639138102554e-07,3.815964849473245e-12,2.506639138102554e-07,2.471935901742217e-12,2.506639138102554e-07,8.154458675178359e-13,2.506639138102554e-07,8.15445867870601e-13,2.506639138102554e-07,8.154458867048567e-13,2.506639138102554e-07,8.154458924343531e-13,2.506639138102554e-07,4.49390821775049e-12,2.506639138102554e-07,2.007973450680959e-13,2.506639138102554e-07,1.708241676438069e-12,2.506639138102554e-07,0.6198973960510398,2.506639138102554e-07,1.099999999968494,2.506639138102554e-07,1.099999999968494,2.506639138102554e-07,1.099999999968494,2.506639138102554e-07,-3.633173680614741e-11,2.506639138102554e-07,1.049858215287328,2.506639138102554e-07,1.049858203170021,2.506639138102554e-07,1.04985819653016,2.506639138102554e-07,1.049858193860286
2.508765088229154e-07,3.60198062166245e-12,2.508765088229154e-07,2.070226474977779e-12,2.508765088229154e-07,8.154680500896573e-13,2.508765088229154e-07,8.154680497218912e-13,2.508765088229154e-07,8.154680304100066e-13,2.508765088229154e-07,8.154680245405143e-13,2.508765088229154e-07,4.754282198295401e-12,2.508765088229154e-07,2.437847770856831e-13,2.508765088229154e-07,1.876138986368587e-12,2.508765088229154e-07,0.6198960696607259,2.508765088229154e-07,1.09999999993447,2.508765088229154e-07,1.09999999993447,2.508765088229154e-07,1.09999999993447,2.508765088229154e-07,3.917388557640511e-11,2.508765088229154e-07,1.049715936225782,2.508765088229154e-07,1.0497159241015,2.508765088229154e-07,1.049715918061298,2.508765088229154e-07,1.049715915104032
2.512749490084639e-07,3.816598923800229e-12,2.512749490084639e-07,2.472493496557495e-12,2.512749490084639e-07,8.154465844529491e-13,2.512749490084639e-07,8.154465848294135e-13,2.512749490084639e-07,8.154466043921034e-13,2.512749490084639e-07,8.154466103381101e-13,2.512749490084639e-07,4.502011317234311e-12,2.512749490084639e-07,2.057721557023504e-13,2.512749490084639e-07,1.723559952109814e-12,2.512749490084639e-07,0.6198970126322152,2.512749490084639e-07,1.099999999967543,2.512749490084639e-07,1.099999999967543,2.512749490084639e-07,1.099999999967543,2.512749490084639e-07,-3.283441690504255e-11,2.512749490084639e-07,1.049451076578965,2.512749490084639e-07,1.049451064640955,2.512749490084639e-07,1.049451058142639,2.512749490084639e-07,1.049451055501247
2.52071829379561e-07,3.709065485681778e-12,2.52071829379561e-07,2.271149941257028e-12,2.52071829379561e-07,8.154570628335307e-13,2.52071829379561e-07,8.154570628290553e-13,2.52071829379561e-07,8.154570626933188e-13,2.52071829379561e-07,8.154570626518507e-13,2.52071829379561e-07,4.6270403556172e-12,2.52071829379561e-07,2.206102044310621e-13,2.52071829379561e-07,1.79068728042085e-12,2.52071829379561e-07,0.6198965888840897,2.52071829379561e-07,1.099999999951154,2.52071829379561e-07,1.099999999951154,2.52071829379561e-07,1.099999999951154,2.52071829379561e-07,2.570927161913415e-12,2.52071829379561e-07,1.048928655824131,2.52071829379561e-07,1.048928644079323,2.52071829379561e-07,1.048928637936015,2.52071829379561e-07,1.048928635179289
2.536655901217551e-07,3.709297167052714e-12,2.536655901217551e-07,2.271343422346011e-12,2.536655901217551e-07,8.154573258993844e-13,2.536655901217551e-07,8.154573259039519e-13,2.536655901217551e-07,8.15457326039398e-13,2.536655901217551e-07,8.154573260809364e-13,2.536655901217551e-07,4.632070682067171e-12,2.536655901217551e-07,2.239311196658733e-13,2.536655901217551e-07,1.792699449174709e-12,2.536655901217551e-07,0.6198965058375232,2.536655901217551e-07,1.099999999951027,2.536655901217551e-07,1.099999999951027,2.536655901217551e-07,1.099999999951027,2.536655901217551e-07,3.123771684654689e-12,2.536655901217551e-07,1.047910380259369,2.536655901217551e-07,1.047910368917582,2.536655901217551e-07,1.047910362998266,2.536655901217551e-07,1.047910360329295
2.568531116061434e-07,3.709066458446935e-12,2.568531116061434e-07,2.271135105137737e-12,2.568531116061434e-07,8.154570637433826e-13,2.568531116061434e-07,8.154570637387624e-13,2.568531116061434e-07,8.154570636035114e-13,2.568531116061434e-07,8.154570635619254e-13,2.568531116061434e-07,4.633667253426592e-12,2.568531116061434e-07,2.222520300589307e-13,2.568531116061434e-07,1.778529278579704e-12,2.568531116061434e-07,0.6198965043003076,2.568531116061434e-07,1.099999999951141,2.568531116061434e-07,1.099999999951141,2.568531116061434e-07,1.099999999951141,2.568531116061434e-07,2.605787881840178e-12,2.568531116061434e-07,1.045976185925824,2.568531116061434e-07,1.045976175342314,2.568531116061434e-07,1.045976169793265,2.568531116061434e-07,1.04597616729336
2.632281545749199e-07,3.709296099517099e-12,2.632281545749199e-07,2.271336089739877e-12,2.632281545749199e-07,8.154573254388501e-13,2.632281545749199e-07,8.154573254434617e-13,2.632281545749199e-07,8.15457325578639e-13,2.632281545749199e-07,8.154573256202383e-13,2.632281545749199e-07,4.643867211149163e-12,2.632281545749199e-07,2.263201189836167e-13,2.632281545749199e-07,1.773138647245278e-12,2.632281545749199e-07,0.6198963493027173,2.632281545749199e-07,1.099999999951033,2.632281545749199e-07,1.099999999951033,2.632281545749199e-07,1.099999999951033,2.632281545749199e-07,3.108040851676521e-12,2.632281545749199e-07,1.042483450370393,2.632281545749199e-07,1.042483441080892,2.632281545749199e-07,1.042483436199653,2.632281545749199e-07,1.042483434002813
2.759782405124729e-07,3.709066803497753e-12,2.759782405124729e-07,2.271134723195838e-12,2.759782405124729e-07,8.154570639620736e-13,2.759782405124729e-07,8.154570639574574e-13,2.759782405124729e-07,8.154570638223294e-13,2.759782405124729e-07,8.154570637807011e-13,2.759782405124729e-07,4.653915000417042e-12,2.759782405124729e-07,2.250379490456851e-13,2.759782405124729e-07,1.752404962959091e-12,2.759782405124729e-07,0.6198961854570449,2.759782405124729e-07,1.099999999951138,2.759782405124729e-07,1.099999999951138,2.759782405124729e-07,1.099999999951138,2.759782405124729e-07,2.613266464577863e-12,2.759782405124729e-07,1.036714416385571,2.759782405124729e-07,1.036714409238593,2.759782405124729e-07,1.036714405358604,2.759782405124729e-07,1.036714403640598
2.879891202562364e-07,3.70929527972814e-12,2.879891202562364e-07,2.271335490190494e-12,2.879891202562364e-07,8.15457325278278e-13,2.879891202562364e-07,8.154573252828816e-13,2.879891202562364e-07,8.154573254179571e-13,2.879891202562364e-07,8.154573254596367e-13,2.879891202562364e-07,4.664740815109198e-12,2.879891202562364e-07,2.279560151428768e-13,2.879891202562364e-07,1.752377012826547e-12,2.879891202562364e-07,0.6198959386808731,2.879891202562364e-07,1.099999999951034,2.879891202562364e-07,1.099999999951034,2.879891202562364e-07,1.099999999951034,2.879891202562364e-07,3.103056283510621e-12,2.879891202562364e-07,1.032530703048622,2.879891202562364e-07,1.032530697564501,2.879891202562364e-07,1.032530694486706,2.879891202562364e-07,1.032530693132923
3e-07,3.70906737416417e-12,3e-07,2.271135023017704e-12,3e-07,8.154570641187828e-13,3e-07,8.154570641141848e-13,3e-07,8.154570639791751e-13,3e-07,8.154570639374519e-13,3e-07,4.666705075482378e-12,3e-07,2.289884911581051e-13,3e-07,1.742728637058304e-12,3e-07,0.619895785626743,3e-07,1.099999999951136,3e-07,1.099999999951136,3e-07,1.099999999951136,3e-07,2.618295911817824e-12,3e-07,1.029305664066587,3e-07,1.029305659846989,3e-07,1.029305657385702,3e-07,1.029305656305616
3.001e-07,3.709170901189273e-12,3.001e-07,2.271223910735446e-12,3.001e-07,8.154571923062628e-13,3.001e-07,8.154571923050027e-13,3.001e-07,8.154571923027438e-13,3.001e-07,8.154571923057659e-13,3.001e-07,4.667758298191238e-12,3.001e-07,2.27486411832186e-13,3.001e-07,1.736958220126098e-12,3.001e-07,0.4709217226184946,3.001e-07,1.09999997542178,3.001e-07,1.09999997542178,3.001e-07,2.855779249277204e-07,3.001e-07,-2.641841692115158e-08,3.001e-07,1.029282239108969,3.001e-07,1.029282234081764,3.001e-07,1.029282231666916,3.001e-07,1.029282231523822
3.001136589765851e-07,3.709302360583679e-12,3.001136589765851e-07,2.273370235873678e-12,3.001136589765851e-07,8.154572060828781e-13,3.001136589765851e-07,8.154572061907855e-13,3.001136589765851e-07,8.154572061514187e-13,3.001136589765851e-07,8.154572057449669e-13,3.001136589765851e-07,4.715071110728364e-12,3.001136589765851e-07,2.815156950487541e-13,3.001136589765851e-07,1.936345672190428e-12,3.001136589765851e-07,0.4552673490238027,3.001136589765851e-07,1.099999974520444,3.001136589765851e-07,1.099999974520444,3.001136589765851e-07,2.33215437387369e-07,3.001136589765851e-07,-2.714274979675895e-08,3.001136589765851e-07,1.029279138365394,3.001136589765851e-07,1.029279134056069,3.001136589765851e-07,1.029279131331805,3.001136589765851e-07,1.029279127723112
3.001404631812252e-07,3.708632317473001e-12,3.001404631812252e-07,2.261553413166593e-12,3.001404631812252e-07,8.154571381014776e-13,3.001404631812252e-07,8.154571378434003e-13,3.001404631812252e-07,8.154571379624298e-13,3.001404631812252e-07,8.154571397003082e-13,3.001404631812252e-07,4.530664866700559e-12,3.001404631812252e-07,1.329617590827281e-13,3.001404631812252e-07,1.382512355887606e-12,3.001404631812252e-07,0.4320286263894174,3.001404631812252e-07,1.099999975623258,3.001404631812252e-07,1.099999975623258,3.001404631812252e-07,1.55501269804351e-07,3.001404631812252e-07,-2.517521618298931e-08,3.001404631812252e-07,1.029272782535983,3.001404631812252e-07,1.029272779164092,3.001404631812252e-07,1.029272776120142,3.001404631812252e-07,1.029272774471856
3.001659901078256e-07,3.710381493362536e-12,3.001659901078256e-07,2.292638292430988e-12,3.001659901078256e-07,8.154573353082163e-13,3.001659901078256e-07,8.154573356558132e-13,3.001659901078256e-07,8.154573354249349e-13,3.001659901078256e-07,8.154573313906789e-13,3.001659901078256e-07,4.866980194529557e-12,3.001659901078256e-07,3.312878953924578e-13,3.001659901078256e-07,2.128650035317441e-12,3.001659901078256e-07,0.4210423951529533,3.001659901078256e-07,1.099999980142633,3.001659901078256e-07,1.099999980142633,3.001659901078256e-07,9.677514184370675e-08,3.001659901078256e-07,-1.946599507231166e-08,3.001659901078256e-07,1.029266836776942,3.001659901078256e-07,1.029266834349368,3.001659901078256e-07,1.029266830621827,3.001659901078256e-07,1.029266827367919
3.00207941332604e-07,3.707575656286635e-12,3.00207941332604e-07,2.243207885842209e-12,3.00207941332604e-07,8.154569947760414e-13,3.00207941332604e-07,8.154569942958354e-13,3.00207941332604e-07,8.154569947023138e-13,3.00207941332604e-07,8.154570004469213e-13,3.00207941332604e-07,4.460068768777515e-12,3.00207941332604e-07,1.404837175878634e-13,3.00207941332604e-07,1.405212901282386e-12,3.00207941332604e-07,0.4141326167766521,3.00207941332604e-07,1.099999987959846,3.00207941332604e-07,1.099999987959846,3.00207941332604e-07,4.159711553798279e-08,3.00207941332604e-07,-1.059377226487004e-08,3.00207941332604e-07,1.029257068840088,3.00207941332604e-07,1.029257065196966,3.00207941332604e-07,1.029257063362754,3.00207941332604e-07,1.0292570610513
3.00246807179454e-07,3.711215317223264e-12,3.00246807179454e-07,2.304535199477943e-12,3.00246807179454e-07,8.154574526283406e-13,3.00246807179454e-07,8.154574533822727e-13,3.00246807179454e-07,8.154574526057834e-13,3.00246807179454e-07,8.154574449214499e-13,3.00246807179454e-07,4.872598973259826e-12,3.00246807179454e-07,3.038610927345556e-13,3.00246807179454e-07,2.028390413084621e-12,3.00246807179454e-07,0.4128864957716278,3.00246807179454e-07,1.099999993171355,3.00246807179454e-07,1.099999993171354,3.00246807179454e-07,1.988530227523668e-08,3.00246807179454e-07,-5.293412947939847e-09,3.00246807179454e-07,1.029247962925182,3.00246807179454e-07,1.029247958732406,3.00246807179454e-07,1.029247957001322,3.00246807179454e-07,1.029247955923222
3.00291428791157e-07,3.706807805775776e-12,3.00291428791157e-07,2.235127330906958e-12,3.00291428791157e-07,8.154568962791155e-13,3.00291428791157e-07,8.15456895262625e-13,3.00291428791157e-07,8.154568964231276e-13,3.00291428791157e-07,8.154569057701414e-13,3.00291428791157e-07,4.4763648316836e-12,3.00291428791157e-07,1.715088223260182e-13,3.00291428791157e-07,1.520739461134637e-12,3.00291428791157e-07,0.4127753155988092,3.00291428791157e-07,1.099999996591789,3.00291428791157e-07,1.099999996591789,3.00291428791157e-07,8.576274314286817e-09,3.00291428791157e-07,-2.241466522688767e-09,3.00291428791157e-07,1.02923760562897,3.00291428791157e-07,1.029237601642847,3.00291428791157e-07,1.029237599043513,3.00291428791157e-07,1.029237598615684
3.003476069034879e-07,3.711770496586192e-12,3.003476069034879e-07,2.308385101528683e-12,3.003476069034879e-07,8.154575165267343e-13,3.003476069034879e-07,8.154575177330077e-13,3.003476069034879e-07,8.154575163061172e-13,3.003476069034879e-07,8.154575056396104e-13,3.003476069034879e-07,4.846063668180804e-12,3.003476069034879e-07,2.76242709073883e-13,3.003476069034879e-07,1.924668235369076e-12,3.003476069034879e-07,0.4129883801905044,3.003476069034879e-07,1.099999998606448,3.003476069034879e-07,1.099999998606448,3.003476069034879e-07,3.136485028912604e-09,3.003476069034879e-07,-6.679541640048035e-10,3.003476069034879e-07,1.02922447668703,3.003476069034879e-07,1.029224472411282,3.003476069034879e-07,1.029224470574471,3.003476069034879e-07,1.02922446997992
3.004260009790177e-07,3.706473268750176e-12,3.004260009790177e-07,2.233930772088237e-12,3.004260009790177e-07,8.154568609840808e-13,3.004260009790177e-07,8.15456859653145e-13,3.004260009790177e-07,8.154568612350329e-13,3.004260009790177e-07,8.154568728503958e-13,3.004260009790177e-07,4.501524403060683e-12,3.004260009790177e-07,1.922991058513065e-13,3.004260009790177e-07,1.599411021913049e-12,3.004260009790177e-07,0.4131735400261018,3.004260009790177e-07,1.099999999630156,3.004260009790177e-07,1.099999999630156,3.004260009790177e-07,7.072933557787782e-10,3.004260009790177e-07,-1.001736881048483e-10,3.004260009790177e-07,1.029206291042448,3.004260009790177e-07,1.029206286914933,3.004260009790177e-07,1.029206284155433,3.004260009790177e-07,1.029206283285891
3.005242763802778e-07,3.71196042356702e-12,3.005242763802778e-07,2.30834291034349e-12,3.005242763802778e-07,8.154575347344241e-13,3.005242763802778e-07,8.154575361579315e-13,3.005242763802778e-07,8.154575344823383e-13,3.005242763802778e-07,8.154575221039443e-13,3.005242763802778e-07,4.82527296575152e-12,3.005242763802778e-07,2.610185329816468e-13,3.005242763802778e-07,1.8670495363049e-12,3.005242763802778e-07,0.4132431208774524,3.005242763802778e-07,1.099999999880088,3.005242763802778e-07,1.099999999880088,3.005242763802778e-07,1.269818547300347e-10,3.005242763802778e-07,1.328278375108753e-11,3.005242763802778e-07,1.029183433236373,3.005242763802778e-07,1.029183428982274,3.005242763802778e-07,1.029183426785238,3.005242763802778e-07,1.029183425650632
3.006629014598703e-07,3.706363898614846e-12,3.006629014598703e-07,2.234424048826373e-12,3.006629014598703e-07,8.154568516304535e-13,3.006629014598703e-07,8.154568501456468e-13,3.006629014598703e-07,8.154568518732703e-13,3.006629014598703e-07,8.154568647953383e-13,3.006629014598703e-07,4.518123885642449e-12,3.006629014598703e-07,2.035126646676097e-13,3.006629014598703e-07,1.642108535668248e-12,3.006629014598703e-07,0.4132637574088017,3.006629014598703e-07,1.099999999966692,3.006629014598703e-07,1.099999999966692,3.006629014598703e-07,-2.304206365888106e-11,3.006629014598703e-07,-3.484308096692608e-12,3.006629014598703e-07,1.02915137455621,3.006629014598703e-07,1.029151370440892,3.006629014598703e-07,1.02915136782845,3.006629014598703e-07,1.029151366878797
3.008755893541863e-07,3.712017485241023e-12,3.008755893541863e-07,2.307787756921854e-12,3.008755893541863e-07,8.154575389183717e-13,3.008755893541863e-07,8.154575404413919e-13,3.008755893541863e-07,8.154575386863801e-13,3.008755893541863e-07,8.154575254076627e-13,3.008755893541863e-07,4.813764244271955e-12,3.008755893541863e-07,2.534419378247909e-13,3.008755893541863e-07,1.83832486174264e-12,3.008755893541863e-07,0.4132627005586634,3.008755893541863e-07,1.099999999935621,3.008755893541863e-07,1.099999999935621,3.008755893541863e-07,2.610176213174037e-11,3.008755893541863e-07,1.133744012666228e-11,3.008755893541863e-07,1.029102255252429,3.008755893541863e-07,1.029102251048063,3.008755893541863e-07,1.029102248785015,3.008755893541863e-07,1.029102247608684
3.012776475772112e-07,3.706336454615442e-12,3.012776475772112e-07,2.234839021004377e-12,3.012776475772112e-07,8.154568499625915e-13,3.012776475772112e-07,8.154568484198289e-13,3.012776475772112e-07,8.154568501878687e-13,3.012776475772112e-07,8.15456863655822e-13,3.012776475772112e-07,4.525369222921267e-12,3.012776475772112e-07,2.079590446628218e-13,3.012776475772112e-07,1.659041807407876e-12,3.012776475772112e-07,0.4132636830884449,3.012776475772112e-07,1.099999999966486,3.012776475772112e-07,1.099999999966486,3.012776475772112e-07,-1.97822256463218e-11,3.012776475772112e-07,-6.0224526033578e-12,3.012776475772112e-07,1.029010103782779,3.012776475772112e-07,1.029010099721831,3.012776475772112e-07,1.029010097186128,3.012776475772112e-07,1.029010096239587
3.020817640232611e-07,3.709185382833902e-12,3.020817640232611e-07,2.271147491482206e-12,3.020817640232611e-07,8.154571948620285e-13,3.020817640232611e-07,8.154571948727264e-13,3.020817640232611e-07,8.154571948658735e-13,3.020817640232611e-07,8.154571947634075e-13,3.020817640232611e-07,4.667258014845798e-12,3.020817640232611e-07,2.291337367891902e-13,3.020817640232611e-07,1.74243620793671e-12,3.020817640232611e-07,0.413263218263642,3.020817640232611e-07,1.099999999951117,3.020817640232611e-07,1.099999999951117,3.020817640232611e-07,2.578986310830565e-12,3.020817640232611e-07,3.036535119278546e-12,3.020817640232611e-07,1.028827936433004,3.020817640232611e-07,1.02882793239621,3.020817640232611e-07,1.028827930032979,3.020817640232611e-07,1.028827928969533
3.036899969153607e-07,3.709177049562842e-12,3.036899969153607e-07,2.271324517845585e-12,3.036899969153607e-07,8.154571944742136e-13,3.036899969153607e-07,8.154571944635282e-13,3.036899969153607e-07,8.154571944702541e-13,3.036899969153607e-07,8.154571945727778e-13,3.036899969153607e-07,4.670319905381199e-12,3.036899969153607e-07,2.309721860965622e-13,3.036899969153607e-07,1.748501821729418e-12,3.036899969153607e-07,0.4132631632036058,3.036899969153607e-07,1.099999999951058,3.036899969153607e-07,1.099999999951058,3.036899969153607e-07,3.11753764565598e-12,3.036899969153607e-07,2.704572271766821e-12,3.036899969153607e-07,1.028472438625643,3.036899969153607e-07,1.028472434723769,3.036899969153607e-07,1.028472432451143,3.036899969153607e-07,1.028472431417733
3.069064626995601e-07,3.709185130422414e-12,3.069064626995601e-07,2.271144800183895e-12,3.069064626995601e-07,8.154571948319669e-13,3.069064626995601e-07,8.154571948426858e-13,3.069064626995601e-07,8.154571948360181e-13,3.069064626995601e-07,8.154571947335e-13,3.069064626995601e-07,4.668339273738377e-12,3.069064626995601e-07,2.296763631223071e-13,3.069064626995601e-07,1.74177371021094e-12,3.069064626995601e-07,0.413263163739452,3.069064626995601e-07,1.099999999951113,3.069064626995601e-07,1.099999999951113,3.069064626995601e-07,2.611876863541613e-12,3.069064626995601e-07,3.004940339111686e-12,3.069064626995601e-07,1.027795370213049,3.069064626995601e-07,1.027795366566536,3.069064626995601e-07,1.027795364423005,3.069064626995601e-07,1.027795363449351
3.133393942679588e-07,3.709177163724131e-12,3.133393942679588e-07,2.271325813497254e-12,3.133393942679588e-07,8.154571944888659e-13,3.133393942679588e-07,8.154571944781453e-13,3.133393942679588e-07,8.154571944847958e-13,3.133393942679588e-07,8.154571945873208e-13,3.133393942679588e-07,4.672136577610521e-12,3.133393942679588e-07,2.321273969377046e-13,3.133393942679588e-07,1.747407662418659e-12,3.133393942679588e-07,0.4132630568746188,3.133393942679588e-07,1.099999999951059,3.133393942679588e-07,1.099999999951059,3.133393942679588e-07,3.10263043083157e-12,3.133393942679588e-07,2.718987499359379e-12,3.133393942679588e-07,1.026567087241399,3.133393942679588e-07,1.026567084047084,3.133393942679588e-07,1.026567082176415,3.133393942679588e-07,1.026567081321995
3.262052574047561e-07,3.709185053971376e-12,3.262052574047561e-07,2.271144112389472e-12,3.262052574047561e-07,8.154571948241264e-13,3.262052574047561e-07,8.154571948348525e-13,3.262052574047561e-07,8.154571948281993e-13,3.262052574047561e-07,8.154571947256756e-13,3.262052574047561e-07,4.670914934895656e-12,3.262052574047561e-07,2.29599355112677e-13,3.262052574047561e-07,1.740315521179913e-12,3.262052574047561e-07,0.4132629497239105,3.262052574047561e-07,1.099999999951112,3.262052574047561e-07,1.099999999951112,3.262052574047561e-07,2.618978648906272e-12,3.262052574047561e-07,2.998049748910558e-12,3.262052574047561e-07,1.02456871968752,3.262052574047561e-07,1.024568717290156,3.262052574047561e-07,1.024568715849253,3.262052574047561e-07,1.024568715183137
3.38102628702378e-07,3.709177192062187e-12,3.38102628702378e-07,2.271326247106734e-12,3.38102628702378e-07,8.154571944937108e-13,3.38102628702378e-07,8.154571944829835e-13,3.38102628702378e-07,8.154571944896265e-13,3.38102628702378e-07,8.154571945921591e-13,3.38102628702378e-07,4.674323402676792e-12,3.38102628702378e-07,2.339775609550499e-13,3.38102628702378e-07,1.746251775049598e-12,3.38102628702378e-07,0.4132627827963142,3.38102628702378e-07,1.09999999995106,3.38102628702378e-07,1.09999999995106,3.38102628702378e-07,3.097846415747832e-12,3.38102628702378e-07,2.72363894963261e-12,3.38102628702378e-07,1.023190329326703,3.38102628702378e-07,1.023190327525778,3.38102628702378e-07,1.023190326431209,3.38102628702378e-07,1.023190325901004
3.5e-07,3.709185000167845e-12,3.5e-07,2.27114362418187e-12,3.5e-07,8.154571948186243e-13,3.5e-07,8.154571948293479e-13,3.5e-07,8.154571948227293e-13,3.5e-07,8.154571947201808e-13,3.5e-07,4.672053867456159e-12,3.5e-07,2.323913452150826e-13,3.5e-07,1.739781665321208e-12,3.5e-07,0.4132626859898093,3.5e-07,1.099999999951112,3.5e-07,1.099999999951112,3.5e-07,2.623852174790334e-12,3.5e-07,2.99330454604717e-12,3.5e-07,1.022159100382189,3.5e-07,1.022159099045038,3.5e-07,1.022159098182027,3.5e-07,1.022159097734611
3.501e-07,3.709180891012826e-12,3.501e-07,2.271241649557249e-12,3.501e-07,8.154571947036777e-13,3.501e-07,8.154571947024683e-13,3.501e-07,8.154571947023861e-13,3.501e-07,8.154571947039167e-13,3.501e-07,4.67308116654715e-12,3.501e-07,2.307805768708733e-13,3.501e-07,1.733992143861536e-12,3.501e-07,0.2654079893172722,3.501e-07,1.099999975602972,3.501e-07,2.857344016440264e-07,3.501e-07,-2.622118257438021e-08,3.501e-07,-2.62210911848387e-08,3.501e-07,1.022151679004849,3.501e-07,1.022151676873779,3.501e-07,1.022151676142862,3.501e-07,1.022151676825205
3.50113658976586e-07,3.709943980557609e-12,3.50113658976586e-07,2.271523938448039e-12,3.50113658976586e-07,8.154572065053728e-13,3.50113658976586e-07,8.154572066059462e-13,3.50113658976586e-07,8.154572065571562e-13,3.50113658976586e-07,8.154572061485139e-13,3.50113658976586e-07,4.720394003833654e-12,3.50113658976586e-07,2.846234492574025e-13,3.50113658976586e-07,1.933249725573495e-12,3.50113658976586e-07,0.2499051103572624,3.50113658976586e-07,1.099999974721121,3.50113658976586e-07,2.333764795923552e-07,3.50113658976586e-07,-2.692492419010951e-08,3.50113658976586e-07,-2.692481465286995e-08,3.50113658976586e-07,1.022150765561429,3.50113658976586e-07,1.02215076412482,3.50113658976586e-07,1.022150763051001,3.50113658976586e-07,1.022150760158977
3.501404623953238e-07,3.705728840150166e-12,3.501404623953238e-07,2.270002672275679e-12,3.501404623953238e-07,8.154571391812067e-13,3.501404623953238e-07,8.154571389413524e-13,3.501404623953238e-07,8.154571390707148e-13,3.501404623953238e-07,8.154571408223615e-13,3.501404623953238e-07,4.535921653274012e-12,3.501404623953238e-07,1.37742540060864e-13,3.501404623953238e-07,1.379437165109364e-12,3.501404623953238e-07,0.2268708775564294,3.501404623953238e-07,1.09999997582162,3.501404623953238e-07,1.557048637746948e-07,3.501404623953238e-07,-2.496956821223782e-08,3.501404623953238e-07,-2.496964224558511e-08,3.501404623953238e-07,1.022148695543758,3.501404623953238e-07,1.022148695036841,3.501404623953238e-07,1.022148693597436,3.501404623953238e-07,1.022148692683081
3.501659892743195e-07,3.716823666685077e-12,3.501659892743195e-07,2.273797324843122e-12,3.501659892743195e-07,8.154573305845372e-13,3.501659892743195e-07,8.154573309115398e-13,3.501659892743195e-07,8.15457330659741e-13,3.501659892743195e-07,8.154573265825569e-13,3.501659892743195e-07,4.872333282266015e-12,3.501659892743195e-07,3.334788764107393e-13,3.501659892743195e-07,2.12502572761786e-12,3.501659892743195e-07,0.2158644099940859,3.501659892743195e-07,1.099999980266237,3.501659892743195e-07,9.693035881779433e-08,3.501659892743195e-07,-1.934830654544839e-08,3.501659892743195e-07,-1.934816209678312e-08,3.501659892743195e-07,1.022146831267606,3.501659892743195e-07,1.02214683165952,3.501659892743195e-07,1.022146829435985,3.501659892743195e-07,1.022146826599485
3.502079397148e-07,3.699145751545829e-12,3.502079397148e-07,2.267919567953506e-12,3.502079397148e-07,8.154570020697794e-13,3.502079397148e-07,8.154570016223481e-13,3.502079397148e-07,8.154570020594435e-13,3.502079397148e-07,8.154570079072392e-13,3.502079397148e-07,4.465309324112904e-12,3.502079397148e-07,1.454254563025285e-13,3.502079397148e-07,1.402749764606325e-12,3.502079397148e-07,0.2086173808429134,3.502079397148e-07,1.099999987913182,3.502079397148e-07,4.184442430681065e-08,3.502079397148e-07,-1.067862826556082e-08,3.502079397148e-07,-1.067872171355913e-08,3.502079397148e-07,1.022143767139945,3.502079397148e-07,1.022143766323413,3.502079397148e-07,1.022143765912279,3.502079397148e-07,1.022143764365287
3.502465985480951e-07,3.721180887074388e-12,3.502465985480951e-07,2.2753330027074e-12,3.502465985480951e-07,8.154574431374671e-13,3.502465985480951e-07,8.154574438314121e-13,3.502465985480951e-07,8.154574430325629e-13,3.502465985480951e-07,8.154574350915636e-13,3.502465985480951e-07,4.878509638873853e-12,3.502465985480951e-07,3.067573121685354e-13,3.502465985480951e-07,2.027003119273203e-12,3.502465985480951e-07,0.2070005811419584,3.502465985480951e-07,1.099999993002751,3.502465985480951e-07,1.910376398417967e-08,3.502465985480951e-07,-5.488138152677015e-09,3.502465985480951e-07,-5.488015472154423e-09,3.502465985480951e-07,1.022140883010538,3.502465985480951e-07,1.02214088168135,3.502465985480951e-07,1.022140881553892,3.502465985480951e-07,1.022140880480966
3.502921898062816e-07,3.696091659129011e-12,3.502921898062816e-07,2.266523612256049e-12,3.502921898062816e-07,8.1545690811661e-13,3.502921898062816e-07,8.154569071856664e-13,3.502921898062816e-07,8.154569083406102e-13,3.502921898062816e-07,8.154569181231471e-13,3.502921898062816e-07,4.479409604612039e-12,3.502921898062816e-07,1.744377972337547e-13,3.502921898062816e-07,1.510944170227618e-12,3.502921898062816e-07,0.2065434613531913,3.502921898062816e-07,1.099999996462233,3.502921898062816e-07,8.902612675363108e-09,3.502921898062816e-07,-2.394062554989959e-09,3.502921898062816e-07,-2.394174274625802e-09,3.502921898062816e-07,1.022137570503604,3.502921898062816e-07,1.022137569342266,3.502921898062816e-07,1.022137568562908,3.502921898062816e-07,1.022137568617635
3.503475390359343e-07,3.722769779531369e-12,3.503475390359343e-07,2.276360437527841e-12,3.503475390359343e-07,8.154575044207257e-13,3.503475390359343e-07,8.154575055336474e-13,3.503475390359343e-07,8.15457504112034e-13,3.503475390359343e-07,8.154574927625245e-13,3.503475390359343e-07,4.855000092166395e-12,3.503475390359343e-07,2.816230320446564e-13,3.503475390359343e-07,1.932205562142981e-12,3.503475390359343e-07,0.2065369178346913,3.503475390359343e-07,1.099999998504672,3.503475390359343e-07,2.393823217575948e-09,3.503475390359343e-07,-7.914722028083115e-10,3.503475390359343e-07,-7.913525099565052e-10,3.503475390359343e-07,1.02213346042769,3.503475390359343e-07,1.022133459021896,3.503475390359343e-07,1.022133458580179,3.503475390359343e-07,1.022133458577908
3.50425950006925e-07,3.695438557807998e-12,3.50425950006925e-07,2.265880303691809e-12,3.50425950006925e-07,8.154568731872267e-13,3.50425950006925e-07,8.154568719563828e-13,3.50425950006925e-07,8.154568735419154e-13,3.50425950006925e-07,8.154568860157764e-13,3.50425950006925e-07,4.501735447568645e-12,3.50425950006925e-07,1.933463686457862e-13,3.50425950006925e-07,1.582576805687382e-12,3.50425950006925e-07,0.2065873488554556,3.50425950006925e-07,1.099999999543604,3.50425950006925e-07,1.295558375922181e-09,3.50425950006925e-07,-1.60688025651668e-10,3.50425950006925e-07,-1.608072296077202e-10,3.50425950006925e-07,1.022127748275834,3.50425950006925e-07,1.022127747006762,3.50425950006925e-07,1.022127745922631,3.50425950006925e-07,1.022127745653566
3.505232550379081e-07,3.722939524342761e-12,3.505232550379081e-07,2.276734377269298e-12,3.505232550379081e-07,8.154575227586299e-13,3.505232550379081e-07,8.154575240766146e-13,3.505232550379081e-07,8.154575223756738e-13,3.505232550379081e-07,8.154575089899753e-13,3.505232550379081e-07,4.836612477987888e-12,3.505232550379081e-07,2.680741438990438e-13,3.505232550379081e-07,1.880587150738682e-12,3.505232550379081e-07,0.2066183014662593,3.505232550379081e-07,1.099999999885719,3.505232550379081e-07,-5.206816993820867e-10,3.505232550379081e-07,5.323692136810115e-12,3.505232550379081e-07,5.444374609752713e-12,3.505232550379081e-07,1.022120583726262,3.505232550379081e-07,1.022120582328948,3.505232550379081e-07,1.022120581644064,3.505232550379081e-07,1.022120581138104
3.506616532152263e-07,3.695464631006745e-12,3.506616532152263e-07,2.265656068760985e-12,3.506616532152263e-07,8.154568633545971e-13,3.506616532152263e-07,8.154568619776011e-13,3.506616532152263e-07,8.154568637501201e-13,3.506616532152263e-07,8.154568777798693e-13,3.506616532152263e-07,4.516335921137666e-12,3.506616532152263e-07,2.033930832027335e-13,3.506616532152263e-07,1.620764605387371e-12,3.506616532152263e-07,0.2066303022088809,3.506616532152263e-07,1.099999999940818,3.506616532152263e-07,6.155646787380318e-10,3.506616532152263e-07,-8.792348003313131e-12,3.506616532152263e-07,-8.913646811908554e-12,3.506616532152263e-07,1.022110517961015,3.506616532152263e-07,1.022110516694835,3.506616532152263e-07,1.022110515706248,3.506616532152263e-07,1.022110515375938
3.508732883344853e-07,3.722848051054615e-12,3.508732883344853e-07,2.276856386554749e-12,3.508732883344853e-07,8.154575274206086e-13,3.508732883344853e-07,8.154575288357825e-13,3.508732883344853e-07,8.154575270193615e-13,3.508732883344853e-07,8.154575125676014e-13,3.508732883344853e-07,4.826425598980255e-12,3.508732883344853e-07,2.614412498540094e-13,3.508732883344853e-07,1.855137163515307e-12,3.508732883344853e-07,0.206629751843672,3.508732883344853e-07,1.099999999960314,3.508732883344853e-07,-6.128854712907171e-10,3.508732883344853e-07,1.634863484325547e-11,3.508732883344853e-07,1.647031750132231e-11,3.508732883344853e-07,1.022095093124708,3.508732883344853e-07,1.022095091753854,3.508732883344853e-07,1.022095091025125,3.508732883344853e-07,1.022095090474745
3.512782204593384e-07,3.695546671351673e-12,3.512782204593384e-07,2.265594618903181e-12,3.512782204593384e-07,8.154568613264698e-13,3.512782204593384e-07,8.15456859891911e-13,3.512782204593384e-07,8.154568617297687e-13,3.512782204593384e-07,8.154568764027159e-13,3.512782204593384e-07,4.52255723928215e-12,3.512782204593384e-07,2.073995103346823e-13,3.512782204593384e-07,1.635828920772311e-12,3.512782204593384e-07,0.2066304637093452,3.512782204593384e-07,1.09999999994196,3.512782204593384e-07,6.192789011756921e-10,3.512782204593384e-07,-1.094477862719433e-11,3.512782204593384e-07,-1.106664981345419e-11,3.512782204593384e-07,1.02206590901274,3.512782204593384e-07,1.02206590776898,3.512782204593384e-07,1.022065906830784,3.512782204593384e-07,1.022065906485854
3.520880847090445e-07,3.709162535514584e-12,3.520880847090445e-07,2.271244947494715e-12,3.520880847090445e-07,8.154571949364158e-13,3.520880847090445e-07,8.154571949469391e-13,3.520880847090445e-07,8.154571949350766e-13,3.520880847090445e-07,8.154571948156469e-13,3.520880847090445e-07,4.67228312954877e-12,3.520880847090445e-07,2.331102059911374e-13,3.520880847090445e-07,1.740139108088068e-12,3.520880847090445e-07,0.2066301024848939,3.520880847090445e-07,1.099999999951047,3.520880847090445e-07,2.547376438104105e-12,3.520880847090445e-07,2.996305609106162e-12,3.520880847090445e-07,2.996406791353012e-12,3.520880847090445e-07,1.022008296880309,3.520880847090445e-07,1.022008295614869,3.520880847090445e-07,1.02200829479936,3.520880847090445e-07,1.022008294329854
3.537078132084567e-07,3.70920026696016e-12,3.537078132084567e-07,2.271225434054704e-12,3.537078132084567e-07,8.154571943963294e-13,3.537078132084567e-07,8.154571943858636e-13,3.537078132084567e-07,8.154571943976549e-13,3.537078132084567e-07,8.154571945170903e-13,3.537078132084567e-07,4.674641349123218e-12,3.537078132084567e-07,2.346787578617026e-13,3.537078132084567e-07,1.745657681709973e-12,3.537078132084567e-07,0.206630089736511,3.537078132084567e-07,1.099999999951118,3.537078132084567e-07,3.145273158823629e-12,3.537078132084567e-07,2.741217245762905e-12,3.537078132084567e-07,2.741116581638904e-12,3.537078132084567e-07,1.021896445001056,3.537078132084567e-07,1.021896443788125,3.537078132084567e-07,1.021896443015747,3.537078132084567e-07,1.021896442550902
3.569472702072811e-07,3.709161646007392e-12,3.569472702072811e-07,2.271244527166054e-12,3.569472702072811e-07,8.154571949097864e-13,3.569472702072811e-07,8.15457194920175e-13,3.569472702072811e-07,8.15457194908477e-13,3.569472702072811e-07,8.154571947889791e-13,3.569472702072811e-07,4.672377871372928e-12,3.569472702072811e-07,2.33455744791032e-13,3.569472702072811e-07,1.740109736708024e-12,3.569472702072811e-07,0.2066300771608462,3.569472702072811e-07,1.099999999951058,3.569472702072811e-07,2.586566032983466e-12,3.569472702072811e-07,2.970568178700961e-12,3.569472702072811e-07,2.970668588631361e-12,3.569472702072811e-07,1.021685468522559,3.569472702072811e-07,1.021685467411888,3.569472702072811e-07,1.021685466687655,3.569472702072811e-07,1.021685466246017
3.6342618420493e-07,3.709200707441503e-12,3.6342618420493e-07,2.27122564095522e-12,3.6342618420493e-07,8.154571944095668e-13,3.6342618420493e-07,8.154571943991971e-13,3.6342618420493e-07,8.154571944108376e-13,3.6342618420493e-07,8.154571945303891e-13,3.6342618420493e-07,4.674802834252558e-12,3.6342618420493e-07,2.353025994086814e-13,3.6342618420493e-07,1.7455909023285e-12,3.6342618420493e-07,0.2066300352428928,3.6342618420493e-07,1.099999999951113,3.6342618420493e-07,3.127429218674326e-12,3.6342618420493e-07,2.752909127074319e-12,3.6342618420493e-07,2.752808831742602e-12,3.6342618420493e-07,1.02130984150403,3.6342618420493e-07,1.021309840579689,3.6342618420493e-07,1.02130983996597,3.6342618420493e-07,1.021309839587962
3.763840122002277e-07,3.709161422213888e-12,3.763840122002277e-07,2.271244419460942e-12,3.763840122002277e-07,8.154571949031302e-13,3.763840122002277e-07,8.154571949134794e-13,3.763840122002277e-07,8.154571949018702e-13,3.763840122002277e-07,8.154571947822962e-13,3.763840122002277e-07,4.672604003054001e-12,3.763840122002277e-07,2.344682611720756e-13,3.763840122002277e-07,1.740028738285755e-12,3.763840122002277e-07,0.2066299698377169,3.763840122002277e-07,1.099999999951061,3.763840122002277e-07,2.595086126654695e-12,3.763840122002277e-07,2.964991294972303e-12,3.763840122002277e-07,2.965091524475119e-12,3.763840122002277e-07,1.02071321231882,3.763840122002277e-07,1.020713211684396,3.763840122002277e-07,1.020713211217418,3.763840122002277e-07,1.020713210932662
3.923840122002277e-07,3.709200837252747e-12,3.923840122002277e-07,2.271225700860037e-12,3.923840122002277e-07,8.154571944135369e-13,3.923840122002277e-07,8.154571944032081e-13,3.923840122002277e-07,8.154571944147882e-13,3.923840122002277e-07,8.154571945343882e-13,3.923840122002277e-07,4.675009711078214e-12,3.923840122002277e-07,2.36513887698219e-13,3.923840122002277e-07,1.745519141983057e-12,3.923840122002277e-07,0.2066298747027942,3.923840122002277e-07,1.099999999951111,3.923840122002277e-07,3.122419423675399e-12,3.923840122002277e-07,2.756186545413959e-12,3.923840122002277e-07,2.756086357648324e-12,3.923840122002277e-07,1.020196126665097,3.923840122002277e-07,1.020196126243674,3.923840122002277e-07,1.020196125923311,3.923840122002277e-07,1.020196125721468
4.083840122002277e-07,3.709161301015084e-12,4.083840122002277e-07,2.271244361127582e-12,4.083840122002277e-07,8.154571948995527e-13,4.083840122002277e-07,8.154571949098717e-13,4.083840122002277e-07,8.154571948983117e-13,4.083840122002277e-07,8.154571947786894e-13,4.083840122002277e-07,4.672718048025515e-12,4.083840122002277e-07,2.354210080804061e-13,4.083840122002277e-07,1.739995490092068e-12,4.083840122002277e-07,0.2066297927873754,4.083840122002277e-07,1.099999999951062,4.083840122002277e-07,2.599496443815274e-12,4.083840122002277e-07,2.962107027537607e-12,4.083840122002277e-07,2.96220716149496e-12,4.083840122002277e-07,1.019849602031942,4.083840122002277e-07,1.019849601749463,4.083840122002277e-07,1.019849601512191,4.083840122002277e-07,1.019849601360793
4.243840122002277e-07,3.709200954832483e-12,4.243840122002277e-07,2.271225756225347e-12,4.243840122002277e-07,8.154571944171078e-13,4.243840122002277e-07,8.154571944067972e-13,4.243840122002277e-07,8.154571944183349e-13,4.243840122002277e-07,8.154571945379757e-13,4.243840122002277e-07,4.675061116462924e-12,4.243840122002277e-07,2.371449366725153e-13,4.243840122002277e-07,1.745504658777349e-12,4.243840122002277e-07,0.2066296973437838,4.243840122002277e-07,1.09999999995111,4.243840122002277e-07,3.118073512488843e-12,4.243840122002277e-07,2.759027854787789e-12,4.243840122002277e-07,2.758927761934312e-12,4.243840122002277e-07,1.019617578930561,4.243840122002277e-07,1.019617578740952,4.243840122002277e-07,1.019617578572714,4.243840122002277e-07,1.019617578454973
4.403840122002277e-07,3.70916118143963e-12,4.403840122002277e-07,2.271244304219504e-12,4.403840122002277e-07,8.154571948959809e-13,4.403840122002277e-07,8.154571949062703e-13,4.403840122002277e-07,8.154571948947561e-13,4.403840122002277e-07,8.154571947750973e-13,4.403840122002277e-07,4.672740756734824e-12,4.403840122002277e-07,2.358547188597391e-13,4.403840122002277e-07,1.739991596157049e-12,4.403840122002277e-07,0.2066296157292108,4.403840122002277e-07,1.099999999951063,4.403840122002277e-07,2.603778901190844e-12,4.403840122002277e-07,2.95930801717826e-12,4.403840122002277e-07,2.959408056847012e-12,4.403840122002277e-07,1.019462319626977,4.403840122002277e-07,1.01946231950263,4.403840122002277e-07,1.019462319363442,4.403840122002277e-07,1.019462319260885
4.563840122002276e-07,3.709201073118443e-12,4.563840122002276e-07,2.271225812291504e-12,4.563840122002276e-07,8.154571944206702e-13,4.563840122002276e-07,8.154571944103961e-13,4.563840122002276e-07,8.154571944218874e-13,4.563840122002276e-07,8.15457194541568e-13,4.563840122002276e-07,4.675071605922942e-12,4.563840122002276e-07,2.374293256931419e-13,4.563840122002276e-07,1.745501456952997e-12,4.563840122002276e-07,0.2066295199928337,4.563840122002276e-07,1.099999999951109,4.563840122002276e-07,3.113853573066529e-12,4.563840122002276e-07,2.761785217154952e-12,4.563840122002276e-07,2.761685217976162e-12,4.563840122002276e-07,1.01935844394684,4.563840122002276e-07,1.019358443862728,4.563840122002276e-07,1.019358443758518,4.563840122002276e-07,1.019358443669901
4.723840122002276e-07,3.709161062525962e-12,4.723840122002276e-07,2.271244247716311e-12,4.723840122002276e-07,8.154571948924186e-13,4.723840122002276e-07,8.154571949026809e-13,4.723840122002276e-07,8.15457194891213e-13,4.723840122002276e-07,8.154571947715074e-13,4.723840122002276e-07,4.672745139479945e-12,4.723840122002276e-07,2.360502113055486e-13,4.723840122002276e-07,1.739992049074346e-12,4.723840122002276e-07,0.2066294386635335,4.723840122002276e-07,1.099999999951064,4.723840122002276e-07,2.607937247005266e-12,4.723840122002276e-07,2.956591664229569e-12,4.723840122002276e-07,2.956691610828113e-12,4.723840122002276e-07,1.019288942877994,4.723840122002276e-07,1.019288942824807,4.723840122002276e-07,1.019288942727092,4.723840122002276e-07,1.019288942641177
4.883840122002277e-07,3.709201191543276e-12,4.883840122002277e-07,2.271225868536861e-12,4.883840122002277e-07,8.154571944242294e-13,4.883840122002277e-07,8.154571944139835e-13,4.883840122002277e-07,8.154571944254257e-13,4.883840122002277e-07,8.154571945451591e-13,4.883840122002277e-07,4.675073884105691e-12,4.883840122002277e-07,2.3755586545431e-13,4.883840122002277e-07,1.745499929973523e-12,4.883840122002277e-07,0.2066293426496394,4.883840122002277e-07,1.099999999951108,4.883840122002277e-07,3.109755912418496e-12,4.883840122002277e-07,2.764461191564669e-12,4.883840122002277e-07,2.764361284860865e-12,4.883840122002277e-07,1.01924244492885,4.883840122002277e-07,1.01924244489252,4.883840122002277e-07,1.019242444815223,4.883840122002277e-07,1.019242444736016
5.043840122002277e-07,3.709160943940717e-12,5.043840122002277e-07,2.27124419134695e-12,5.043840122002277e-07,8.154571948888586e-13,5.043840122002277e-07,8.15457194899084e-13,5.043840122002277e-07,8.15457194887679e-13,5.043840122002277e-07,8.154571947679106e-13,5.043840122002277e-07,4.672745846182424e-12,5.043840122002277e-07,2.361383889780658e-13,5.043840122002277e-07,1.739993152760885e-12,5.043840122002277e-07,0.2066292615906424,5.043840122002277e-07,1.099999999951065,5.043840122002277e-07,2.611975119822296e-12,5.043840122002277e-07,2.953955449613437e-12,5.043840122002277e-07,2.954055304323036e-12,5.043840122002277e-07,1.019211333191188,5.043840122002277e-07,1.019211333170033,5.043840122002277e-07,1.019211333089844,5.043840122002277e-07,1.019211333009129
5.203840122002277e-07,3.709201309911892e-12,5.203840122002277e-07,2.271225924818349e-12,5.203840122002277e-07,8.154571944277947e-13,5.203840122002277e-07,8.154571944175834e-13,5.203840122002277e-07,8.154571944289677e-13,5.203840122002277e-07,8.15457194548752e-13,5.203840122002277e-07,4.675074513407914e-12,5.203840122002277e-07,2.376119275539611e-13,5.203840122002277e-07,1.74549865508395e-12,5.203840122002277e-07,0.2066291653139072,5.203840122002277e-07,1.099999999951107,5.203840122002277e-07,3.105776945605445e-12,5.203840122002277e-07,2.767058257752584e-12,5.203840122002277e-07,2.766958442361058e-12,5.203840122002277e-07,1.019190519265439,5.203840122002277e-07,1.019190519250723,5.203840122002277e-07,1.019190519184701,5.203840122002277e-07,1.019190519108103
5.363840122002278e-07,3.709160825569844e-12,5.363840122002278e-07,2.271244135034841e-12,5.363840122002278e-07,8.154571948852918e-13,5.363840122002278e-07,8.154571948954946e-13,5.363840122002278e-07,8.154571948841387e-13,5.363840122002278e-07,8.154571947643213e-13,5.363840122002278e-07,4.672745816452748e-12,5.363840122002278e-07,2.361757962997989e-13,5.363840122002278e-07,1.739994356961512e-12,5.363840122002278e-07,0.2066290845108255,5.363840122002278e-07,1.099999999951066,5.363840122002278e-07,2.615896051744241e-12,5.363840122002278e-07,2.951396932315283e-12,5.363840122002278e-07,2.951496696280407e-12,5.363840122002278e-07,1.019176686536725,5.363840122002278e-07,1.019176686530022,5.363840122002278e-07,1.019176686456973,5.363840122002278e-07,1.019176686377186
5.523840122002278e-07,3.709181134257481e-12,5.523840122002278e-07,2.271235061581463e-12,5.523840122002278e-07,8.154571946585494e-13,5.523840122002278e-07,8.154571946585511e-13,5.523840122002278e-07,8.154571946585508e-13,5.523840122002278e-07,8.154571946585618e-13,5.523840122002278e-07,4.673910342488906e-12,5.523840122002278e-07,2.369135624732934e-13,5.523840122002278e-07,1.742745810414514e-12,5.523840122002278e-07,0.2066289919387293,5.523840122002278e-07,1.099999999951086,5.523840122002278e-07,2.858659169357111e-12,5.523840122002278e-07,2.860648043548362e-12,5.523840122002278e-07,2.860648068603161e-12,5.523840122002278e-07,1.019167261046085,5.523840122002278e-07,1.019167261042307,5.523840122002278e-07,1.019167260975766,5.523840122002278e-07,1.019167260897383
5.683840122002278e-07,3.709181060372406e-12,5.683840122002278e-07,2.271235026406874e-12,5.683840122002278e-07,8.154571946563179e-13,5.683840122002278e-07,8.154571946563104e-13,5.683840122002278e-07,8.154571946563151e-13,5.683840122002278e-07,8.154571946563084e-13,5.683840122002278e-07,4.673910218941495e-12,5.683840122002278e-07,2.369202962777547e-13,5.683840122002278e-07,1.742746574288294e-12,5.683840122002278e-07,0.206628903411119,5.683840122002278e-07,1.099999999951087,5.683840122002278e-07,2.861050205527803e-12,5.683840122002278e-07,2.859088491146711e-12,5.683840122002278e-07,2.859088460068359e-12,5.683840122002278e-07,1.019161238351036,5.683840122002278e-07,1.019161238349779,5.683840122002278e-07,1.019161238284268,5.683840122002278e-07,1.019161238205661
5.843840122002279e-07,3.709181134203118e-12,5.843840122002279e-07,2.27123506157126e-12,5.843840122002279e-07,8.15457194658549e-13,5.843840122002279e-07,8.154571946585645e-13,5.843840122002279e-07,8.154571946585588e-13,5.843840122002279e-07,8.154571946585626e-13,5.843840122002279e-07,4.673910356542602e-12,5.843840122002279e-07,2.369247714226802e-13,5.843840122002279e-07,1.742745808228332e-12,5.843840122002279e-07,0.2066288147351517,5.843840122002279e-07,1.099999999951086,5.843840122002279e-07,2.858694026611964e-12,5.843840122002279e-07,2.860624926718612e-12,5.843840122002279e-07,2.860624951433015e-12,5.843840122002279e-07,1.019157213797204,5.843840122002279e-07,1.019157213797674,5.843840122002279e-07,1.019157213732788,5.843840122002279e-07,1.019157213653938
6.003840122002279e-07,3.709181060417966e-12,6.003840122002279e-07,2.271235026412766e-12,6.003840122002279e-07,8.154571946563293e-13,6.003840122002279e-07,8.154571946563052e-13,6.003840122002279e-07,8.154571946563128e-13,6.003840122002279e-07,8.154571946563099e-13,6.003840122002279e-07,4.67391022591905e-12,6.003840122002279e-07,2.369278221065306e-13,6.003840122002279e-07,1.742746573059116e-12,6.003840122002279e-07,0.2066287262035025,6.003840122002279e-07,1.099999999951087,6.003840122002279e-07,2.861015863699406e-12,6.003840122002279e-07,2.859111254205967e-12,6.003840122002279e-07,2.859111223462969e-12,6.003840122002279e-07,1.019154524061155,6.003840122002279e-07,1.019154524062752,6.003840122002279e-07,1.019154523998295,6.003840122002279e-07,1.019154523919266
6.16384012200228e-07,3.709181134152529e-12,6.16384012200228e-07,2.271235061562846e-12,6.16384012200228e-07,8.154571946585329e-13,6.16384012200228e-07,8.154571946585612e-13,6.16384012200228e-07,8.154571946585616e-13,6.16384012200228e-07,8.154571946585588e-13,6.16384012200228e-07,4.673910358988084e-12,6.16384012200228e-07,2.36929765265058e-13,6.16384012200228e-07,1.74274580745311e-12,6.16384012200228e-07,0.2066286375316892,6.16384012200228e-07,1.099999999951086,6.16384012200228e-07,2.858727861755396e-12,6.16384012200228e-07,2.860602513053515e-12,6.16384012200228e-07,2.860602537437757e-12,6.16384012200228e-07,1.019152726634516,6.16384012200228e-07,1.019152726636895,6.16384012200228e-07,1.019152726572678,6.16384012200228e-07,1.019152726493475
6.32384012200228e-07,3.70918106046559e-12,6.32384012200228e-07,2.271235026419815e-12,6.32384012200228e-07,8.154571946563457e-13,6.32384012200228e-07,8.154571946563113e-13,6.32384012200228e-07,8.154571946563155e-13,6.32384012200228e-07,8.154571946563126e-13,6.32384012200228e-07,4.673910227694681e-12,6.32384012200228e-07,2.369311913997415e-13,6.32384012200228e-07,1.742746572604134e-12,6.32384012200228e-07,0.2066285489961632,6.32384012200228e-07,1.099999999951087,6.32384012200228e-07,2.860982528913524e-12,6.32384012200228e-07,2.859133325068783e-12,6.32384012200228e-07,2.859133294650545e-12,6.32384012200228e-07,1.01915152538006,6.32384012200228e-07,1.019151525382941,6.32384012200228e-07,1.019151525318906,6.32384012200228e-07,1.019151525239588
6.48384012200228e-07,3.709181134103247e-12,6.48384012200228e-07,2.271235061555011e-12,6.48384012200228e-07,8.154571946585165e-13,6.48384012200228e-07,8.154571946585585e-13,6.48384012200228e-07,8.154571946585561e-13,6.48384012200228e-07,8.154571946585598e-13,6.48384012200228e-07,4.67391035910455e-12,6.48384012200228e-07,2.369319896788322e-13,6.48384012200228e-07,1.74274580712181e-12,6.48384012200228e-07,0.2066284603283448,6.48384012200228e-07,1.099999999951086,6.48384012200228e-07,2.858760704703495e-12,6.48384012200228e-07,2.860580780789257e-12,6.48384012200228e-07,2.86058080485375e-12,6.48384012200228e-07,1.019150722630726,6.48384012200228e-07,1.019150722633963,6.48384012200228e-07,1.019150722570014,6.48384012200228e-07,1.019150722490589
6.643840122002281e-07,3.709181060513903e-12,6.643840122002281e-07,2.271235026427134e-12,6.643840122002281e-07,8.154571946563623e-13,6.643840122002281e-07,8.15457194656308e-13,6.643840122002281e-07,8.154571946563184e-13,6.643840122002281e-07,8.154571946563089e-13,6.643840122002281e-07,4.673910228425283e-12,6.643840122002281e-07,2.369327005912775e-13,6.643840122002281e-07,1.742746572430331e-12,6.643840122002281e-07,0.2066283717890985,6.643840122002281e-07,1.099999999951087,6.643840122002281e-07,2.860950171694535e-12,6.643840122002281e-07,2.859154725156467e-12,6.643840122002281e-07,2.859154695053214e-12,6.643840122002281e-07,1.019150186138015,6.643840122002281e-07,1.019150186141476,6.643840122002281e-07,1.019150186077606,6.643840122002281e-07,1.019150185998116
6.803840122002281e-07,3.709181134054391e-12,6.803840122002281e-07,2.271235061547441e-12,6.803840122002281e-07,8.154571946584999e-13,6.803840122002281e-07,8.154571946585645e-13,6.803840122002281e-07,8.154571946585588e-13,6.803840122002281e-07,8.154571946585625e-13,6.803840122002281e-07,4.673910358754308e-12,6.803840122002281e-07,2.369329796831619e-13,6.803840122002281e-07,1.742745806959906e-12,6.803840122002281e-07,0.2066282831251211,6.803840122002281e-07,1.099999999951086,6.803840122002281e-07,2.85879258449792e-12,6.803840122002281e-07,2.860559708841854e-12,6.803840122002281e-07,2.860559732596237e-12,6.803840122002281e-07,1.019149827624141,6.803840122002281e-07,1.019149827627763,6.803840122002281e-07,1.01914982756392,6.803840122002281e-07,1.019149827484367
6.963840122002281e-07,3.70918106056239e-12,6.963840122002281e-07,2.271235026434529e-12,6.963840122002281e-07,8.154571946563789e-13,6.963840122002281e-07,8.154571946563052e-13,6.963840122002281e-07,8.154571946563127e-13,6.963840122002281e-07,8.154571946563099e-13,6.963840122002281e-07,4.673910228945246e-12,6.963840122002281e-07,2.369333773281174e-13,6.963840122002281e-07,1.742746572373674e-12,6.963840122002281e-07,0.2066281945823052,6.963840122002281e-07,1.099999999951087,6.963840122002281e-07,2.860918763427597e-12,6.963840122002281e-07,2.859175475220412e-12,6.963840122002281e-07,2.859175445422416e-12,6.963840122002281e-07,1.019149588019601,6.963840122002281e-07,1.019149588023321,6.963840122002281e-07,1.019149587959516,6.963840122002281e-07,1.019149587879929
7.123840122002282e-07,3.709181134005756e-12,7.123840122002282e-07,2.271235061539941e-12,7.123840122002282e-07,8.154571946584834e-13,7.123840122002282e-07,8.154571946585612e-13,7.123840122002282e-07,8.154571946585616e-13,7.123840122002282e-07,8.154571946585588e-13,7.123840122002282e-07,4.673910358311124e-12,7.123840122002282e-07,2.369334196602971e-13,7.123840122002282e-07,1.742745806868575e-12,7.123840122002282e-07,0.2066281059220209,7.123840122002282e-07,1.099999999951086,7.123840122002282e-07,2.858823529332651e-12,7.123840122002282e-07,2.860539276787004e-12,7.123840122002282e-07,2.860539300240821e-12,7.123840122002282e-07,1.019149427905458,7.123840122002282e-07,1.019149427909253,7.123840122002282e-07,1.019149427845451,7.123840122002282e-07,1.019149427765828
7.283840122002282e-07,3.709181060610886e-12,7.283840122002282e-07,2.271235026441977e-12,7.283840122002282e-07,8.154571946563954e-13,7.283840122002282e-07,8.154571946563113e-13,7.283840122002282e-07,8.154571946563155e-13,7.283840122002282e-07,8.154571946563126e-13,7.283840122002282e-07,4.673910229422182e-12,7.283840122002282e-07,2.369336813052225e-13,7.283840122002282e-07,1.74274657236861e-12,7.283840122002282e-07,0.2066280173757808,7.283840122002282e-07,1.099999999951087,7.283840122002282e-07,2.860888276333774e-12,7.283840122002282e-07,2.859195595363681e-12,7.283840122002282e-07,2.859195565861507e-12,7.283840122002282e-07,1.01914932089441,7.283840122002282e-07,1.019149320898249,7.283840122002282e-07,1.019149320834468,7.283840122002282e-07,1.019149320754828
7.443840122002283e-07,3.709181097281023e-12,7.443840122002283e-07,2.271235043986762e-12,7.443840122002283e-07,8.154571946574279e-13,7.443840122002283e-07,8.154571946574352e-13,7.443840122002283e-07,8.154571946574362e-13,7.443840122002283e-07,8.154571946574366e-13,7.443840122002283e-07,4.673910293607801e-12,7.443840122002283e-07,2.369336897324014e-13,7.443840122002283e-07,1.742746189580609e-12,7.443840122002283e-07,0.2066279287463648,7.443840122002283e-07,1.099999999951086,7.443840122002283e-07,2.859872830099205e-12,7.443840122002283e-07,2.859856270574182e-12,7.443840122002283e-07,2.859856267385794e-12,7.443840122002283e-07,1.019149247525527,7.443840122002283e-07,1.0191492475294,7.443840122002283e-07,1.019149247465619,7.443840122002283e-07,1.019149247385962
7.603840122002283e-07,3.709181097311295e-12,7.603840122002283e-07,2.27123504399143e-12,7.603840122002283e-07,8.1545719465744e-13,7.603840122002283e-07,8.154571946574369e-13,7.603840122002283e-07,8.154571946574377e-13,7.603840122002283e-07,8.154571946574381e-13,7.603840122002283e-07,4.673910293899354e-12,7.603840122002283e-07,2.369337448404273e-13,7.603840122002283e-07,1.742746189595598e-12,7.603840122002283e-07,0.2066278401430442,7.603840122002283e-07,1.099999999951086,7.603840122002283e-07,2.859854244709747e-12,7.603840122002283e-07,2.859868525361192e-12,7.603840122002283e-07,2.859868522353275e-12,7.603840122002283e-07,1.019149200352788,7.603840122002283e-07,1.019149200356682,7.603840122002283e-07,1.019149200292904,7.603840122002283e-07,1.019149200213235
7.763840122002283e-07,3.709181097281082e-12,7.763840122002283e-07,2.271235043986735e-12,7.763840122002283e-07,8.154571946574343e-13,7.763840122002283e-07,8.154571946574296e-13,7.763840122002283e-07,8.154571946574368e-13,7.763840122002283e-07,8.154571946574305e-13,7.763840122002283e-07,4.673910293609079e-12,7.763840122002283e-07,2.369337781406012e-13,7.763840122002283e-07,1.742746189568951e-12,7.763840122002283e-07,0.2066277515418582,7.763840122002283e-07,1.099999999951086,7.763840122002283e-07,2.859872555790252e-12,7.763840122002283e-07,2.859856458135793e-12,7.763840122002283e-07,2.859856454950111e-12,7.763840122002283e-07,1.019149168827062,7.763840122002283e-07,1.01914916883097,7.763840122002283e-07,1.019149168767193,7.763840122002283e-07,1.019149168687517
7.881920061001141e-07,3.709181097311251e-12,7.881920061001141e-07,2.271235043991411e-12,7.881920061001141e-07,8.154571946574268e-13,7.881920061001141e-07,8.154571946574481e-13,7.881920061001141e-07,8.154571946574423e-13,7.881920061001141e-07,8.154571946574362e-13,7.881920061001141e-07,4.673910293899258e-12,7.881920061001141e-07,2.369337978153169e-13,7.881920061001141e-07,1.742746189588773e-12,7.881920061001141e-07,0.2066276861524789,7.881920061001141e-07,1.099999999951086,7.881920061001141e-07,2.85985456269867e-12,7.881920061001141e-07,2.859868309127103e-12,7.881920061001141e-07,2.859868306115604e-12,7.881920061001141e-07,1.01914915257285,7.881920061001141e-07,1.019149152576765,7.881920061001141e-07,1.01914915251299,7.881920061001141e-07,1.019149152433308
8e-07,3.709181097281158e-12,8e-07,2.271235043986831e-12,8e-07,8.154571946574499e-13,8e-07,8.154571946574244e-13,8e-07,8.15457194657432e-13,8e-07,8.154571946574391e-13,8e-07,4.673910293609683e-12,8e-07,2.369338102020039e-13,8e-07,1.742746189564854e-12,8e-07,0.2066276207651142,8e-07,1.099999999951086,8e-07,2.859872196698963e-12,8e-07,2.859856702913061e-12,8e-07,2.85985669973122e-12,8e-07,1.019149140478024,8e-07,1.019149140481945,8e-07,1.01914914041817,8e-07,1.019149140338486
