/A0 (Design_Point=1) X,/A0 (Design_Point=1) Y,/A1 (Design_Point=1) X,/A1 (Design_Point=1) Y,/Data_In_1 (Design_Point=1) X,/Data_In_1 (Design_Point=1) Y,/Data_In_2 (Design_Point=1) X,/Data_In_2 (Design_Point=1) Y,/Data_In_3 (Design_Point=1) X,/Data_In_3 (Design_Point=1) Y,/Data_In_4 (Design_Point=1) X,/Data_In_4 (Design_Point=1) Y,/EN (Design_Point=1) X,/EN (Design_Point=1) Y,/SAE (Design_Point=1) X,/SAE (Design_Point=1) Y,/WE (Design_Point=1) X,/WE (Design_Point=1) Y,/OA_Charge (Design_Point=1) X,/OA_Charge (Design_Point=1) Y,/IA_AnalogR1 (Design_Point=1) X,/IA_AnalogR1 (Design_Point=1) Y,/IA_AnalogR2 (Design_Point=1) X,/IA_AnalogR2 (Design_Point=1) Y,/IA_AnalogR3 (Design_Point=1) X,/IA_AnalogR3 (Design_Point=1) Y,/IA_AnalogR4 (Design_Point=1) X,/IA_AnalogR4 (Design_Point=1) Y,/Read_Out_1 (Design_Point=1) X,/Read_Out_1 (Design_Point=1) Y,/Read_Out_2 (Design_Point=1) X,/Read_Out_2 (Design_Point=1) Y,/Read_Out_3 (Design_Point=1) X,/Read_Out_3 (Design_Point=1) Y,/Read_Out_4 (Design_Point=1) X,/Read_Out_4 (Design_Point=1) Y
0,3.690905960518164e-12,0,2.253157639432689e-12,0,1.099999999999071,0,1.099999999999071,0,1.099999999999071,0,1.099999999999071,0,1.099999999994618,0,1.553427482509589e-13,0,1.099999999992636,0,0,0,2.965627096900172e-12,0,2.966698764710781e-12,0,2.96669636759498e-12,0,2.966697420049088e-12,0,1.099808577171932,0,1.09980857713429,0,1.099808576954754,0,1.099808576780836
8e-10,3.690905956948359e-12,8e-10,2.253157630795592e-12,8e-10,1.099999999999071,8e-10,1.099999999999071,8e-10,1.099999999999071,8e-10,1.099999999999071,8e-10,1.099999999994618,8e-10,1.553428153360156e-13,8e-10,1.099999999992636,8e-10,-8.365371540821965e-15,8e-10,2.965627090184811e-12,8e-10,2.966698765193815e-12,8e-10,2.966696368342351e-12,8e-10,2.966697420672047e-12,8e-10,1.099808577172231,8e-10,1.099808577135607,8e-10,1.099808576955698,8e-10,1.09980857678186
2.4e-09,3.690905960475927e-12,2.4e-09,2.253157639134129e-12,2.4e-09,1.099999999999071,2.4e-09,1.099999999999071,2.4e-09,1.099999999999071,2.4e-09,1.099999999999071,2.4e-09,1.099999999994618,2.4e-09,1.553427405522988e-13,2.4e-09,1.099999999992636,2.4e-09,-1.078496286067391e-14,2.4e-09,2.965627094790822e-12,2.4e-09,2.966698764591559e-12,2.4e-09,2.966696367514341e-12,2.4e-09,2.966697419929833e-12,2.4e-09,1.099808577171558,2.4e-09,1.099808577136756,2.4e-09,1.099808576956303,2.4e-09,1.099808576782552
5.6e-09,3.690905960739267e-12,5.6e-09,2.253157639788966e-12,5.6e-09,1.09999999999907,5.6e-09,1.09999999999907,5.6e-09,1.09999999999907,5.6e-09,1.09999999999907,5.6e-09,1.099999999994618,5.6e-09,1.553427376922858e-13,5.6e-09,1.099999999992636,5.6e-09,-1.648059683064109e-14,5.6e-09,2.965627096814054e-12,5.6e-09,2.966698764505838e-12,5.6e-09,2.966696367570442e-12,5.6e-09,2.966697419970466e-12,5.6e-09,1.099808577168892,5.6e-09,1.099808577138935,5.6e-09,1.099808576955999,5.6e-09,1.099808576784122
1.2e-08,3.690905960451999e-12,1.2e-08,2.253157639008988e-12,1.2e-08,1.09999999999907,1.2e-08,1.09999999999907,1.2e-08,1.09999999999907,1.2e-08,1.09999999999907,1.2e-08,1.099999999994618,1.2e-08,1.553427230553591e-13,1.2e-08,1.099999999992636,1.2e-08,-3.603859918039783e-14,1.2e-08,2.965627095930828e-12,1.2e-08,2.966698764843598e-12,1.2e-08,2.966696367418141e-12,1.2e-08,2.966697419912914e-12,1.2e-08,1.099808577170761,1.2e-08,1.099808577140073,1.2e-08,1.099808576955256,1.2e-08,1.099808576781085
2.48e-08,3.690905960707227e-12,2.48e-08,2.253157640292051e-12,2.48e-08,1.09999999999907,2.48e-08,1.09999999999907,2.48e-08,1.09999999999907,2.48e-08,1.09999999999907,2.48e-08,1.099999999994618,2.48e-08,1.553427670346318e-13,2.48e-08,1.099999999992636,2.48e-08,-4.277904412261615e-14,2.48e-08,2.965627097007316e-12,2.48e-08,2.966698764345601e-12,2.48e-08,2.966696367719315e-12,2.48e-08,2.966697420149463e-12,2.48e-08,1.099808577173774,2.48e-08,1.099808577149687,2.48e-08,1.099808576959209,2.48e-08,1.099808576787104
3.74e-08,3.690905960405364e-12,3.74e-08,2.253157638423003e-12,3.74e-08,1.09999999999907,3.74e-08,1.09999999999907,3.74e-08,1.09999999999907,3.74e-08,1.09999999999907,3.74e-08,1.099999999994618,3.74e-08,1.553427132484284e-13,3.74e-08,1.099999999992636,3.74e-08,-5.855388755652117e-14,3.74e-08,2.965627095890917e-12,3.74e-08,2.966698765085859e-12,3.74e-08,2.966696367368776e-12,3.74e-08,2.966697419788716e-12,3.74e-08,1.09980857717746,3.74e-08,1.099808577152675,3.74e-08,1.099808576952905,3.74e-08,1.099808576780743
5e-08,3.690905960671755e-12,5e-08,2.253157640965679e-12,5e-08,1.09999999999907,5e-08,1.09999999999907,5e-08,1.09999999999907,5e-08,1.09999999999907,5e-08,1.099999999994618,5e-08,1.55342784328055e-13,5e-08,1.099999999992636,5e-08,-6.04213283138984e-14,5e-08,2.965627097095288e-12,5e-08,2.966698764193985e-12,5e-08,2.966696367794751e-12,5e-08,2.96669742029725e-12,5e-08,1.09980857718108,5e-08,1.099808577153703,5e-08,1.099808576963236,5e-08,1.099808576782017
5.0025e-08,0.274999980204324,5.0025e-08,7.370978452068076e-10,5.0025e-08,1.09999999999907,5.0025e-08,1.09999999999907,5.0025e-08,1.09999999999907,5.0025e-08,1.09999999999907,5.0025e-08,1.100000000010704,5.0025e-08,2.028848011370273e-13,5.0025e-08,1.099999999992681,5.0025e-08,1.89308907440945e-09,5.0025e-08,2.992038559541214e-12,5.0025e-08,2.975776772447932e-12,5.0025e-08,2.968678504005286e-12,5.0025e-08,2.968084880407409e-12,5.0025e-08,1.099808587367224,5.0025e-08,1.099808586395219,5.0025e-08,1.099808585737486,5.0025e-08,1.099808583677968
5.006416597520192e-08,0.7058256993382473,5.006416597520192e-08,-9.023061415213754e-09,5.006416597520192e-08,1.09999999999907,5.006416597520192e-08,1.09999999999907,5.006416597520192e-08,1.09999999999907,5.006416597520192e-08,1.09999999999907,5.006416597520192e-08,1.099999999175218,5.006416597520192e-08,-1.763489197560544e-12,5.006416597520192e-08,1.099999999991443,5.006416597520192e-08,-2.068972847312177e-07,5.006416597520192e-08,-8.099684311544695e-12,5.006416597520192e-08,2.750950572805977e-12,5.006416597520192e-08,2.839306369989183e-12,5.006416597520192e-08,2.85730606912546e-12,5.006416597520192e-08,1.099807805229727,5.006416597520192e-08,1.099808343980128,5.006416597520192e-08,1.099808490592786,5.006416597520192e-08,1.099808507325245
5.007781837724059e-08,0.8560021245154091,5.007781837724059e-08,-6.027642599069144e-09,5.007781837724059e-08,1.099999999999075,5.007781837724059e-08,1.099999999999076,5.007781837724059e-08,1.099999999999075,5.007781837724059e-08,1.099999999999075,5.007781837724059e-08,1.100000000173524,5.007781837724059e-08,2.100474215768455e-11,5.007781837724059e-08,1.100000000011276,5.007781837724059e-08,2.246954059606851e-07,5.007781837724059e-08,-3.293936601470104e-12,5.007781837724059e-08,8.795080378204642e-12,5.007781837724059e-08,4.63355863676982e-12,5.007781837724059e-08,3.936674737817416e-12,5.007781837724059e-08,1.099809010080554,5.007781837724059e-08,1.099810045780344,5.007781837724059e-08,1.099810181733236,5.007781837724059e-08,1.099809781681971
5.008890918862029e-08,0.9780010502779497,5.008890918862029e-08,2.660385286936042e-09,5.008890918862029e-08,1.099999999999056,5.008890918862029e-08,1.099999999999054,5.008890918862029e-08,1.099999999999055,5.008890918862029e-08,1.099999999999061,5.008890918862029e-08,1.100000002701206,5.008890918862029e-08,3.994722586157476e-13,5.008890918862029e-08,1.099999999989299,5.008890918862029e-08,1.933107556225014e-08,5.008890918862029e-08,-1.193917602517441e-11,5.008890918862029e-08,-3.034022703726785e-12,5.008890918862029e-08,2.610247775688163e-12,5.008890918862029e-08,1.927289224097058e-12,5.008890918862029e-08,1.099808889673417,5.008890918862029e-08,1.099810075089757,5.008890918862029e-08,1.099810270983765,5.008890918862029e-08,1.0998098798873
5.009445459431015e-08,1.039000517394589,5.009445459431015e-08,4.353862319115177e-09,5.009445459431015e-08,1.099999999998937,5.009445459431015e-08,1.099999999998891,5.009445459431015e-08,1.099999999998901,5.009445459431015e-08,1.099999999998931,5.009445459431015e-08,1.10000000354559,5.009445459431015e-08,-2.205495966007214e-10,5.009445459431015e-08,1.099999999777896,5.009445459431015e-08,-4.290665393551132e-06,5.009445459431015e-08,-1.289107335290654e-10,5.009445459431015e-08,-8.648785915827638e-11,5.009445459431015e-08,-2.016386064189526e-11,5.009445459431015e-08,-1.331351486115593e-11,5.009445459431015e-08,1.099797491832331,5.009445459431015e-08,1.099798010337294,5.009445459431015e-08,1.099799127165961,5.009445459431015e-08,1.099801582047792
5.01e-08,1.099999979714322,5.01e-08,7.258129016259784e-09,5.01e-08,1.099999999999022,5.01e-08,1.099999999998913,5.01e-08,1.099999999998934,5.01e-08,1.099999999998907,5.01e-08,1.100000002188275,5.01e-08,-6.315918900765795e-10,5.01e-08,1.099999999456475,5.01e-08,-1.476219431875734e-05,5.01e-08,-2.414503618604725e-10,5.01e-08,-1.625120346316709e-10,5.01e-08,-4.309782424267927e-11,5.01e-08,-2.554833861605487e-11,5.01e-08,1.099766500147751,5.01e-08,1.09976533952387,5.01e-08,1.099768654993792,5.01e-08,1.09977900465426
5.010301280856777e-08,1.099999997516832,5.010301280856777e-08,5.648222404762383e-09,5.010301280856777e-08,1.09999999999906,5.010301280856777e-08,1.099999999998902,5.010301280856777e-08,1.099999999998936,5.010301280856777e-08,1.099999999998797,5.010301280856777e-08,1.100000000600521,5.010301280856777e-08,-8.140466174930994e-10,5.010301280856777e-08,1.099999999351198,5.010301280856777e-08,-2.17948953002641e-05,5.010301280856777e-08,-2.702283495141454e-10,5.010301280856777e-08,-1.806302370763624e-10,5.010301280856777e-08,-5.187810727303821e-11,5.010301280856777e-08,-2.833399725189153e-11,5.010301280856777e-08,1.099741757332439,5.010301280856777e-08,1.099739371174014,5.010301280856777e-08,1.099744212771363,5.010301280856777e-08,1.099761108695523
5.010797363245506e-08,1.099999999065373,5.010797363245506e-08,5.204621787836312e-09,5.010797363245506e-08,1.099999999999137,5.010797363245506e-08,1.09999999999904,5.010797363245506e-08,1.099999999999074,5.010797363245506e-08,1.099999999998833,5.010797363245506e-08,1.099999998076351,5.010797363245506e-08,-1.010462861080535e-09,5.010797363245506e-08,1.099999999266043,5.010797363245506e-08,-3.222036473323403e-05,5.010797363245506e-08,-2.84033221502686e-10,5.010797363245506e-08,-1.890406405853295e-10,5.010797363245506e-08,-5.280079774741939e-11,5.010797363245506e-08,-2.795793623619392e-11,5.010797363245506e-08,1.099700459916955,5.010797363245506e-08,1.099696302862047,5.010797363245506e-08,1.099703326921369,5.010797363245506e-08,1.0997312791598
5.011286494722901e-08,1.099999998926689,5.011286494722901e-08,4.587349656693282e-09,5.011286494722901e-08,1.09999999999921,5.011286494722901e-08,1.099999999999179,5.011286494722901e-08,1.099999999999188,5.011286494722901e-08,1.099999999998944,5.011286494722901e-08,1.099999996674163,5.011286494722901e-08,-9.441036535006102e-10,5.011286494722901e-08,1.099999999366836,5.011286494722901e-08,-3.839386166858051e-05,5.011286494722901e-08,-2.529182759672137e-10,5.011286494722901e-08,-1.677959466888366e-10,5.011286494722901e-08,4.350646028404878e-12,5.011286494722901e-08,-1.400792349376603e-11,5.011286494722901e-08,1.0996647646714,5.011286494722901e-08,1.099660088224752,5.011286494722901e-08,1.099667561191296,5.011286494722901e-08,1.09970567585883
5.012163938179511e-08,1.099999999918533,5.012163938179511e-08,2.875897398796228e-09,5.012163938179511e-08,1.099999999999157,5.012163938179511e-08,1.099999999999203,5.012163938179511e-08,1.099999999999208,5.012163938179511e-08,1.099999999998947,5.012163938179511e-08,1.09999999661986,5.012163938179511e-08,-3.040437468459034e-10,5.012163938179511e-08,1.099999999775441,5.012163938179511e-08,-3.542102676205447e-05,5.012163938179511e-08,-1.769227694644937e-10,5.012163938179511e-08,-1.207440397876805e-10,5.012163938179511e-08,1.729152878058461e-10,5.012163938179511e-08,2.078422652002511e-11,5.012163938179511e-08,1.099633641913767,5.012163938179511e-08,1.09963274039043,5.012163938179511e-08,1.099633517905479,5.012163938179511e-08,1.099684739761536
5.012787638981969e-08,1.099999999531214,5.012787638981969e-08,2.130953948738226e-09,5.012787638981969e-08,1.099999999999069,5.012787638981969e-08,1.099999999999185,5.012787638981969e-08,1.099999999999212,5.012787638981969e-08,1.099999999998976,5.012787638981969e-08,1.099999998129302,5.012787638981969e-08,2.16918502966463e-10,5.012787638981969e-08,1.100000000032519,5.012787638981969e-08,-2.54040135588169e-05,5.012787638981969e-08,-1.268909246116533e-10,5.012787638981969e-08,-9.075977070043102e-11,5.012787638981969e-08,2.52319480197089e-10,5.012787638981969e-08,3.490471272229084e-11,5.012787638981969e-08,1.099635933567971,5.012787638981969e-08,1.099639622155098,5.012787638981969e-08,1.099631798859951,5.012787638981969e-08,1.099687795324687
5.013443279013851e-08,1.100000000092528,5.013443279013851e-08,1.761242734207872e-09,5.013443279013851e-08,1.099999999998983,5.013443279013851e-08,1.099999999999079,5.013443279013851e-08,1.09999999999913,5.013443279013851e-08,1.099999999998962,5.013443279013851e-08,1.100000000108959,5.013443279013851e-08,4.174672786652614e-10,5.013443279013851e-08,1.100000000065995,5.013443279013851e-08,-1.488688837990841e-05,5.013443279013851e-08,-1.002877135402175e-10,5.013443279013851e-08,-7.558302868965468e-11,5.013443279013851e-08,2.279416269444149e-10,5.013443279013851e-08,3.089212275526535e-11,5.013443279013851e-08,1.09964595080969,5.013443279013851e-08,1.099652929015736,5.013443279013851e-08,1.099637869545551,5.013443279013851e-08,1.099695850823719
5.014172036459278e-08,1.099999999674486,5.014172036459278e-08,1.234421222327649e-09,5.014172036459278e-08,1.099999999999067,5.014172036459278e-08,1.099999999999107,5.014172036459278e-08,1.09999999999913,5.014172036459278e-08,1.099999999999009,5.014172036459278e-08,1.10000000093471,5.014172036459278e-08,3.843844180952897e-10,5.014172036459278e-08,1.10000000004148,5.014172036459278e-08,-6.33143315146791e-06,5.014172036459278e-08,-6.965241027707499e-11,5.014172036459278e-08,-5.320610019507271e-11,5.014172036459278e-08,2.16434703368822e-10,5.014172036459278e-08,3.072765176445856e-11,5.014172036459278e-08,1.099656898233962,5.014172036459278e-08,1.099665042134243,5.014172036459278e-08,1.099645269898123,5.014172036459278e-08,1.099704010052013
5.014931883537309e-08,1.10000000012027,5.014931883537309e-08,7.253299476273047e-10,5.014931883537309e-08,1.099999999999027,5.014931883537309e-08,1.09999999999902,5.014931883537309e-08,1.099999999999038,5.014931883537309e-08,1.099999999998957,5.014931883537309e-08,1.100000001216339,5.014931883537309e-08,2.910176536612794e-10,5.014931883537309e-08,1.10000000002379,5.014931883537309e-08,-3.337225980529885e-07,5.014931883537309e-08,-4.609460703238927e-11,5.014931883537309e-08,-3.665756343325107e-11,5.014931883537309e-08,1.728756545216906e-10,5.014931883537309e-08,2.529193824464655e-11,5.014931883537309e-08,1.099666758432253,5.014931883537309e-08,1.099674506514301,5.014931883537309e-08,1.099652106731323,5.014931883537309e-08,1.099711337138199
5.015840092133021e-08,1.099999999737085,5.015840092133021e-08,3.975478838036072e-10,5.015840092133021e-08,1.099999999999107,5.015840092133021e-08,1.099999999999122,5.015840092133021e-08,1.099999999999119,5.015840092133021e-08,1.099999999999052,5.015840092133021e-08,1.100000001274071,5.015840092133021e-08,2.318896448534328e-10,5.015840092133021e-08,1.100000000047939,5.015840092133021e-08,4.827230769476426e-06,5.015840092133021e-08,-3.271005974794393e-12,5.015840092133021e-08,-5.567011005485438e-12,5.015840092133021e-08,1.576360133696895e-10,5.015840092133021e-08,2.603268840340876e-11,5.015840092133021e-08,1.099679727655791,5.015840092133021e-08,1.099686409593904,5.015840092133021e-08,1.09966209177914,5.015840092133021e-08,1.099721167281464
5.017035077995875e-08,1.100000000134232,5.017035077995875e-08,7.039332304254238e-11,5.017035077995875e-08,1.099999999999043,5.017035077995875e-08,1.099999999999044,5.017035077995875e-08,1.099999999999046,5.017035077995875e-08,1.099999999998998,5.017035077995875e-08,1.100000001325379,5.017035077995875e-08,2.409205021618503e-10,5.017035077995875e-08,1.100000000115919,5.017035077995875e-08,1.05744475435137e-05,5.017035077995875e-08,4.198446311639053e-11,5.017035077995875e-08,2.692877864828097e-11,5.017035077995875e-08,1.092248252566311e-10,5.017035077995875e-08,2.112883261059065e-11,5.017035077995875e-08,1.099703825390773,5.017035077995875e-08,1.099710265638509,5.017035077995875e-08,1.099683748209433,5.017035077995875e-08,1.099738472344916
5.018908817895597e-08,1.099999999779707,5.018908817895597e-08,5.01023891135109e-11,5.018908817895597e-08,1.099999999999087,5.018908817895597e-08,1.099999999999106,5.018908817895597e-08,1.099999999999097,5.018908817895597e-08,1.099999999999091,5.018908817895597e-08,1.100000001390243,5.018908817895597e-08,2.530811618904476e-10,5.018908817895597e-08,1.100000000167467,5.018908817895597e-08,1.713235823916255e-05,5.018908817895597e-08,9.218919472145477e-11,5.018908817895597e-08,6.693387135900819e-11,5.018908817895597e-08,7.945366825300304e-11,5.018908817895597e-08,1.786096693190453e-11,5.018908817895597e-08,1.099749210689517,5.018908817895597e-08,1.099759460049837,5.018908817895597e-08,1.099728981579894,5.018908817895597e-08,1.099767408549911
5.021518370102202e-08,1.100000000145452,5.021518370102202e-08,-1.019486073736632e-10,5.021518370102202e-08,1.099999999999044,5.021518370102202e-08,1.099999999999028,5.021518370102202e-08,1.099999999999036,5.021518370102202e-08,1.099999999999054,5.021518370102202e-08,1.100000001345009,5.021518370102202e-08,1.520290993314132e-10,5.021518370102202e-08,1.100000000112894,5.021518370102202e-08,1.867742655594302e-05,5.021518370102202e-08,9.818962079578986e-11,5.021518370102202e-08,7.111957088646505e-11,5.021518370102202e-08,1.273619401346303e-11,5.021518370102202e-08,5.407942486729299e-12,5.021518370102202e-08,1.099798173175259,5.021518370102202e-08,1.099814791845217,5.021518370102202e-08,1.099781321878552,5.021518370102202e-08,1.099794625367823
5.024829318692494e-08,1.099999999798896,5.024829318692494e-08,2.694318855060445e-11,5.024829318692494e-08,1.099999999999097,5.024829318692494e-08,1.099999999999107,5.024829318692494e-08,1.099999999999102,5.024829318692494e-08,1.099999999999156,5.024829318692494e-08,1.10000000101773,5.024829318692494e-08,1.478787801708563e-11,5.024829318692494e-08,1.100000000042554,5.024829318692494e-08,1.079099265220353e-05,5.024829318692494e-08,7.509450128454144e-11,5.024829318692494e-08,5.123145387798277e-11,5.024829318692494e-08,-3.724946359797414e-11,5.024829318692494e-08,-2.388526529423141e-12,5.024829318692494e-08,1.099824666296414,5.024829318692494e-08,1.099842696893598,5.024829318692494e-08,1.099814541641794,5.024829318692494e-08,1.099810002993102
5.027786171578233e-08,1.10000000014927,5.027786171578233e-08,-8.300278835234141e-11,5.027786171578233e-08,1.099999999999048,5.027786171578233e-08,1.099999999999018,5.027786171578233e-08,1.099999999999023,5.027786171578233e-08,1.099999999999081,5.027786171578233e-08,1.100000000699187,5.027786171578233e-08,-4.679917561208954e-11,5.027786171578233e-08,1.100000000005952,5.027786171578233e-08,2.104516385569771e-06,5.027786171578233e-08,4.235418208775631e-11,5.027786171578233e-08,2.688807026229347e-11,5.027786171578233e-08,-7.564733986912334e-11,5.027786171578233e-08,-9.324620158661259e-12,5.027786171578233e-08,1.099827758246886,5.027786171578233e-08,1.099843324562152,5.027786171578233e-08,1.099824489075854,5.027786171578233e-08,1.099814444358224
5.031227877484275e-08,1.099999999811472,5.031227877484275e-08,3.588882214276518e-11,5.031227877484275e-08,1.099999999999093,5.031227877484275e-08,1.099999999999109,5.031227877484275e-08,1.099999999999097,5.031227877484275e-08,1.09999999999916,5.031227877484275e-08,1.10000000038613,5.031227877484275e-08,-5.517413831922877e-11,5.031227877484275e-08,1.099999999996151,5.031227877484275e-08,-3.437413192694835e-06,5.031227877484275e-08,2.670678306851102e-11,5.031227877484275e-08,1.584699400504386e-11,5.031227877484275e-08,-6.328204412446852e-11,5.031227877484275e-08,-5.54920274407951e-12,5.031227877484275e-08,1.099824356994027,5.031227877484275e-08,1.099837447741846,5.031227877484275e-08,1.099827478496721,5.031227877484275e-08,1.09981515039796
5.035868632274491e-08,1.100000000150709,5.035868632274491e-08,-6.971543338595295e-11,5.035868632274491e-08,1.099999999999049,5.035868632274491e-08,1.099999999999024,5.035868632274491e-08,1.099999999999025,5.035868632274491e-08,1.09999999999906,5.035868632274491e-08,1.100000000176059,5.035868632274491e-08,-3.719540722936833e-11,5.035868632274491e-08,1.099999999988309,5.035868632274491e-08,-4.599334245850212e-06,5.035868632274491e-08,9.024860998630504e-12,5.035868632274491e-08,5.404105431929554e-12,5.035868632274491e-08,-5.538929731689093e-11,5.035868632274491e-08,-3.760067460769194e-12,5.035868632274491e-08,1.09981930659024,5.035868632274491e-08,1.099830353955532,5.035868632274491e-08,1.099827619287979,5.035868632274491e-08,1.099814481594958
5.041319293542478e-08,1.099999999819823,5.041319293542478e-08,4.157557238787037e-11,5.041319293542478e-08,1.099999999999091,5.041319293542478e-08,1.099999999999115,5.041319293542478e-08,1.099999999999103,5.041319293542478e-08,1.099999999999133,5.041319293542478e-08,1.100000000044569,5.041319293542478e-08,-1.309706244202922e-11,5.041319293542478e-08,1.099999999993172,5.041319293542478e-08,-2.820563737283221e-06,5.041319293542478e-08,9.093726474590295e-12,5.041319293542478e-08,6.495734760316479e-12,5.041319293542478e-08,-1.910120991149479e-11,5.041319293542478e-08,2.979520149749829e-12,5.041319293542478e-08,1.099816009964706,5.041319293542478e-08,1.099825780625919,5.041319293542478e-08,1.099826914785571,5.041319293542478e-08,1.099813817365275
5.047546540984498e-08,1.100000000151908,5.047546540984498e-08,-6.118832162033777e-11,5.047546540984498e-08,1.09999999999905,5.047546540984498e-08,1.099999999999026,5.047546540984498e-08,1.09999999999903,5.047546540984498e-08,1.099999999999036,5.047546540984498e-08,1.100000000020998,5.047546540984498e-08,-4.178585732081628e-12,5.047546540984498e-08,1.099999999991008,5.047546540984498e-08,-1.085799763331697e-06,5.047546540984498e-08,2.020687443972314e-12,5.047546540984498e-08,2.498025850928469e-12,5.047546540984498e-08,-1.386869088200245e-11,5.047546540984498e-08,1.718613338801382e-12,5.047546540984498e-08,1.099814687500845,5.047546540984498e-08,1.099823603045557,5.047546540984498e-08,1.099826308126321,5.047546540984498e-08,1.099813539552671
5.055284774779846e-08,1.099999999825557,5.055284774779846e-08,4.469290407100446e-11,5.055284774779846e-08,1.099999999999091,5.055284774779846e-08,1.099999999999117,5.055284774779846e-08,1.099999999999107,5.055284774779846e-08,1.099999999999118,5.055284774779846e-08,1.099999999987557,5.055284774779846e-08,1.04908559652523e-13,5.055284774779846e-08,1.099999999994285,5.055284774779846e-08,-3.049329680288298e-07,5.055284774779846e-08,6.044614906095271e-12,5.055284774779846e-08,4.982443208518568e-12,5.055284774779846e-08,5.682711373399611e-12,5.055284774779846e-08,4.611754897575466e-12,5.055284774779846e-08,1.099814207600411,5.055284774779846e-08,1.099822211787953,5.055284774779846e-08,1.099825530964953,5.055284774779846e-08,1.099813176331723
5.066008555445243e-08,1.100000000152949,5.066008555445243e-08,-5.543698072423282e-11,5.066008555445243e-08,1.09999999999905,5.066008555445243e-08,1.099999999999026,5.066008555445243e-08,1.099999999999032,5.066008555445243e-08,1.099999999999028,5.066008555445243e-08,1.100000000005197,5.066008555445243e-08,-3.971749823131685e-13,5.066008555445243e-08,1.099999999991486,5.066008555445243e-08,-9.258164849719605e-08,5.066008555445243e-08,5.174202505975319e-13,5.066008555445243e-08,1.467594218052811e-12,5.066008555445243e-08,-3.083992440857528e-12,5.066008555445243e-08,1.63319597933277e-12,5.066008555445243e-08,1.099814046335898,5.066008555445243e-08,1.099821035384611,5.066008555445243e-08,1.099824587406435,5.066008555445243e-08,1.099812728924697
5.08317052304452e-08,1.099999999829696,5.08317052304452e-08,4.75966406123502e-11,5.08317052304452e-08,1.09999999999909,5.08317052304452e-08,1.099999999999116,5.08317052304452e-08,1.099999999999108,5.08317052304452e-08,1.099999999999115,5.08317052304452e-08,1.099999999984143,5.08317052304452e-08,6.153944259935618e-13,5.08317052304452e-08,1.099999999994273,5.08317052304452e-08,-9.62073654139718e-08,5.08317052304452e-08,5.488050826200968e-12,5.08317052304452e-08,4.530469719348915e-12,5.08317052304452e-08,8.647873569222782e-12,5.08317052304452e-08,4.349030550020066e-12,5.08317052304452e-08,1.099813816457677,5.08317052304452e-08,1.099819447298811,5.08317052304452e-08,1.099823124674,5.08317052304452e-08,1.099811999503754
5.113677366138498e-08,1.100000000155309,5.113677366138498e-08,-5.131452647456698e-11,5.113677366138498e-08,1.099999999999051,5.113677366138498e-08,1.099999999999025,5.113677366138498e-08,1.099999999999032,5.113677366138498e-08,1.099999999999026,5.113677366138498e-08,1.100000000005199,5.113677366138498e-08,-3.065035264536249e-13,5.113677366138498e-08,1.099999999991492,5.113677366138498e-08,-8.248258306380762e-08,5.113677366138498e-08,4.413713807728238e-13,5.113677366138498e-08,1.400566352386825e-12,5.113677366138498e-08,-2.718357628602064e-12,5.113677366138498e-08,1.581339686747378e-12,5.113677366138498e-08,1.099813186195394,5.113677366138498e-08,1.099817248645688,5.113677366138498e-08,1.099820921014691,5.113677366138498e-08,1.0998109438831
5.17288785966613e-08,1.099999999833013,5.17288785966613e-08,5.038721096674645e-11,5.17288785966613e-08,1.09999999999909,5.17288785966613e-08,1.099999999999116,5.17288785966613e-08,1.099999999999109,5.17288785966613e-08,1.099999999999115,5.17288785966613e-08,1.099999999983985,5.17288785966613e-08,6.426761123519739e-13,5.17288785966613e-08,1.099999999994195,5.17288785966613e-08,-9.536132540997418e-08,5.17288785966613e-08,5.492858890274478e-12,5.17288785966613e-08,4.533481501339887e-12,5.17288785966613e-08,8.643603363441423e-12,5.17288785966613e-08,4.352728066338246e-12,5.17288785966613e-08,1.09981125973835,5.17288785966613e-08,1.099814249573937,5.17288785966613e-08,1.099817416752594,5.17288785966613e-08,1.099809356684408
5.257174470254875e-08,1.100000000157357,5.257174470254875e-08,-4.883106524104546e-11,5.257174470254875e-08,1.099999999999051,5.257174470254875e-08,1.099999999999025,5.257174470254875e-08,1.099999999999032,5.257174470254875e-08,1.099999999999026,5.257174470254875e-08,1.10000000000528,5.257174470254875e-08,-2.321094627017569e-13,5.257174470254875e-08,1.099999999991435,5.257174470254875e-08,-7.79961406299414e-08,5.257174470254875e-08,4.405589185625049e-13,5.257174470254875e-08,1.400012599512426e-12,5.257174470254875e-08,-2.707646625420338e-12,5.257174470254875e-08,1.580742377902534e-12,5.257174470254875e-08,1.099807952175743,5.257174470254875e-08,1.099812098766145,5.257174470254875e-08,1.099813915782289,5.257174470254875e-08,1.099808004416024
5.383324951457686e-08,1.099999999834624,5.383324951457686e-08,5.167426226580434e-11,5.383324951457686e-08,1.09999999999909,5.383324951457686e-08,1.099999999999116,5.383324951457686e-08,1.099999999999108,5.383324951457686e-08,1.099999999999115,5.383324951457686e-08,1.099999999983935,5.383324951457686e-08,6.698592777970292e-13,5.383324951457686e-08,1.099999999994127,5.383324951457686e-08,-8.376130849216461e-08,5.383324951457686e-08,5.493247330035396e-12,5.383324951457686e-08,4.533813412560774e-12,5.383324951457686e-08,8.637136145535591e-12,5.383324951457686e-08,4.353107115116521e-12,5.383324951457686e-08,1.099803386327249,5.383324951457686e-08,1.099811017824284,5.383324951457686e-08,1.099810500093887,5.383324951457686e-08,1.099806967958161
5.57001807429969e-08,1.100000000158206,5.57001807429969e-08,-4.79086927996754e-11,5.57001807429969e-08,1.099999999999051,5.57001807429969e-08,1.099999999999025,5.57001807429969e-08,1.099999999999032,5.57001807429969e-08,1.099999999999026,5.57001807429969e-08,1.100000000005315,5.57001807429969e-08,-2.096428311926213e-13,5.57001807429969e-08,1.099999999991389,5.57001807429969e-08,-5.759538735796866e-08,5.57001807429969e-08,4.405000591806854e-13,5.57001807429969e-08,1.399983499249812e-12,5.57001807429969e-08,-2.703599509632264e-12,5.57001807429969e-08,1.580684233917748e-12,5.57001807429969e-08,1.0997992574925,5.57001807429969e-08,1.099811120468294,5.57001807429969e-08,1.099807879149499,5.57001807429969e-08,1.099806587247785
5.861133185679757e-08,1.09999999983532,5.861133185679757e-08,5.208496341892055e-11,5.861133185679757e-08,1.099999999999089,5.861133185679757e-08,1.099999999999116,5.861133185679757e-08,1.099999999999108,5.861133185679757e-08,1.099999999999115,5.861133185679757e-08,1.099999999983913,5.861133185679757e-08,6.553951062965285e-13,5.861133185679757e-08,1.099999999994075,5.861133185679757e-08,-5.373425007535683e-08,5.861133185679757e-08,5.493213732548789e-12,5.861133185679757e-08,4.53376979733318e-12,5.861133185679757e-08,8.634445985658602e-12,5.861133185679757e-08,4.353087194595535e-12,5.861133185679757e-08,1.099798147310592,5.861133185679757e-08,1.099811386037625,5.861133185679757e-08,1.099806438232539,5.861133185679757e-08,1.099806846630382
6.322056512014246e-08,1.100000000158553,6.322056512014246e-08,-4.766438034054161e-11,6.322056512014246e-08,1.099999999999052,6.322056512014246e-08,1.099999999999024,6.322056512014246e-08,1.099999999999032,6.322056512014246e-08,1.099999999999026,6.322056512014246e-08,1.10000000000533,6.322056512014246e-08,-2.33619592866485e-13,6.322056512014246e-08,1.099999999991341,6.322056512014246e-08,-1.762807713391763e-08,6.322056512014246e-08,4.404535824322645e-13,6.322056512014246e-08,1.399930179077712e-12,6.322056512014246e-08,-2.702100247286017e-12,6.322056512014246e-08,1.580613114322187e-12,6.322056512014246e-08,1.099802069698466,6.322056512014246e-08,1.099810750455825,6.322056512014246e-08,1.099806750317949,6.322056512014246e-08,1.099807741370025
7.010586957993431e-08,1.099999999835552,7.010586957993431e-08,5.213457327768283e-11,7.010586957993431e-08,1.099999999999089,7.010586957993431e-08,1.099999999999117,7.010586957993431e-08,1.099999999999108,7.010586957993431e-08,1.099999999999115,7.010586957993431e-08,1.099999999983903,7.010586957993431e-08,6.190513538282466e-13,7.010586957993431e-08,1.099999999994024,7.010586957993431e-08,-7.412441161965589e-09,7.010586957993431e-08,5.493122219383232e-12,7.010586957993431e-08,4.533669614124514e-12,7.010586957993431e-08,8.633236108202501e-12,7.010586957993431e-08,4.35299873159243e-12,7.010586957993431e-08,1.09980812737726,7.010586957993431e-08,1.099809115354042,7.010586957993431e-08,1.099808032241715,7.010586957993431e-08,1.099808648373074
8.07005304277222e-08,1.100000000158671,8.07005304277222e-08,-4.762552564363569e-11,8.07005304277222e-08,1.099999999999052,8.07005304277222e-08,1.099999999999024,8.07005304277222e-08,1.099999999999032,8.07005304277222e-08,1.099999999999026,8.07005304277222e-08,1.100000000005336,8.07005304277222e-08,-2.64592973130165e-13,8.07005304277222e-08,1.0999999999913,8.07005304277222e-08,2.858121758882998e-08,8.07005304277222e-08,4.403946261228587e-13,8.07005304277222e-08,1.39986106228112e-12,8.07005304277222e-08,-2.701541782432347e-12,8.07005304277222e-08,1.580535957489152e-12,8.07005304277222e-08,1.099811486517108,8.07005304277222e-08,1.09980788716486,8.07005304277222e-08,1.099809052304134,8.07005304277222e-08,1.099809128145865
9.03502652138611e-08,1.099999999835638,9.03502652138611e-08,5.212386064830268e-11,9.03502652138611e-08,1.099999999999089,9.03502652138611e-08,1.099999999999117,9.03502652138611e-08,1.099999999999108,9.03502652138611e-08,1.099999999999115,9.03502652138611e-08,1.099999999983898,9.03502652138611e-08,5.959012028530277e-13,9.03502652138611e-08,1.099999999993996,9.03502652138611e-08,2.519615040703109e-08,9.03502652138611e-08,5.493054400726116e-12,9.03502652138611e-08,4.533595878257116e-12,9.03502652138611e-08,8.632583422032969e-12,9.03502652138611e-08,4.352931003366738e-12,9.03502652138611e-08,1.099811293963787,9.03502652138611e-08,1.099807686727661,9.03502652138611e-08,1.099809095222998,9.03502652138611e-08,1.099809028811086
1e-07,1.100000000158688,1e-07,-4.76102896327702e-11,1e-07,1.099999999999051,1e-07,1.099999999999024,1e-07,1.099999999999032,1e-07,1.099999999999026,1e-07,1.100000000005342,1e-07,-2.739113288452528e-13,1e-07,1.099999999991289,1e-07,4.403910606539769e-08,1e-07,4.403782605793403e-13,1e-07,1.399840159031584e-12,1e-07,-2.70101126454595e-12,1e-07,1.580509569531648e-12,1e-07,1.099810572617379,1e-07,1.099807831667958,1e-07,1.099809000676423,1e-07,1.099808900071853
1.00025e-07,0.8250000184429341,1.00025e-07,0.2749999743739767,1.00025e-07,1.09999999999907,1.00025e-07,1.099999999999071,1.00025e-07,1.09999999999907,1.00025e-07,1.099999999999071,1.00025e-07,1.100000000000734,1.00025e-07,1.040786065074265e-13,1.00025e-07,1.099999999992602,1.00025e-07,3.671744326993364e-08,1.00025e-07,2.966716037386627e-12,1.00025e-07,2.959118250813608e-12,1.00025e-07,2.945981717279018e-12,1.00025e-07,2.965017778854787e-12,1.00025e-07,1.099810560811562,1.00025e-07,1.099807813827888,1.00025e-07,1.099808982052628,1.00025e-07,1.099808886089239
1.00064836008891e-07,0.3868039292467811,1.00064836008891e-07,0.7131960643261933,1.00064836008891e-07,1.099999999999071,1.00064836008891e-07,1.09999999999907,1.00064836008891e-07,1.09999999999907,1.00064836008891e-07,1.09999999999907,1.00064836008891e-07,1.099999999019697,1.00064836008891e-07,8.835621775661172e-13,1.00064836008891e-07,1.099999999991842,1.00064836008891e-07,5.935003362290803e-08,1.00064836008891e-07,3.221157809240813e-12,1.00064836008891e-07,2.991235784107601e-12,1.00064836008891e-07,3.238657568848052e-12,1.00064836008891e-07,3.004885513530134e-12,1.00064836008891e-07,1.099810676594091,1.00064836008891e-07,1.099807925375266,1.00064836008891e-07,1.0998090653364,1.00064836008891e-07,1.09980896587953
1.000736270066682e-07,0.2901029470330618,1.000736270066682e-07,0.8098970398187635,1.000736270066682e-07,1.099999999999078,1.000736270066682e-07,1.099999999999083,1.000736270066682e-07,1.09999999999908,1.000736270066682e-07,1.099999999999079,1.000736270066682e-07,1.100000000081891,1.000736270066682e-07,3.228820856752533e-11,1.000736270066682e-07,1.100000000019187,1.000736270066682e-07,4.836268886558083e-07,1.000736270066682e-07,3.525989625105736e-12,1.000736270066682e-07,5.112201432929871e-12,1.000736270066682e-07,1.392154616476082e-11,1.000736270066682e-07,5.706870859504286e-12,1.000736270066682e-07,1.09981200503586,1.000736270066682e-07,1.099809604775372,1.000736270066682e-07,1.099810357397606,1.000736270066682e-07,1.099810144270992
1.000865588470361e-07,0.1478527075018904,1.000865588470361e-07,0.9521472848601161,1.000865588470361e-07,1.099999999999044,1.000865588470361e-07,1.099999999999042,1.000865588470361e-07,1.09999999999905,1.000865588470361e-07,1.099999999999052,1.000865588470361e-07,1.100000004657971,1.000865588470361e-07,-3.775812486995197e-11,1.000865588470361e-07,1.099999999969875,1.000865588470361e-07,-1.436444233779858e-07,1.000865588470361e-07,2.971540285297263e-12,1.000865588470361e-07,2.780026502920266e-12,1.000865588470361e-07,-2.399179394962924e-11,1.000865588470361e-07,-2.225049605329371e-12,1.000865588470361e-07,1.099809640114927,1.000865588470361e-07,1.099807350028766,1.000865588470361e-07,1.099809076182775,1.000865588470361e-07,1.099808701277091
1.00093279423518e-07,0.07392636265920428,1.00093279423518e-07,1.026073630560596,1.00093279423518e-07,1.099999999998886,1.00093279423518e-07,1.099999999998805,1.00093279423518e-07,1.099999999998863,1.00093279423518e-07,1.099999999998878,1.00093279423518e-07,1.100000006154181,1.00093279423518e-07,-5.712300473104387e-10,1.00093279423518e-07,1.099999999607914,1.00093279423518e-07,-7.012441425565569e-06,1.00093279423518e-07,-1.746594073226744e-11,1.00093279423518e-07,-2.100176510235555e-11,1.00093279423518e-07,-2.465095385816065e-10,1.00093279423518e-07,-4.566538081731284e-11,1.00093279423518e-07,1.09978643285302,1.00093279423518e-07,1.099780370659913,1.00093279423518e-07,1.099789501927014,1.00093279423518e-07,1.099790279039337
1.00096639711759e-07,0.03696319601469809,1.00096639711759e-07,1.063036802473782,1.00096639711759e-07,1.099999999998994,1.00096639711759e-07,1.099999999998768,1.00096639711759e-07,1.099999999998819,1.00096639711759e-07,1.099999999998826,1.00096639711759e-07,1.100000005811625,1.00096639711759e-07,-1.032473593536304e-09,1.00096639711759e-07,1.099999999339981,1.00096639711759e-07,-1.421523739048071e-05,1.00096639711759e-07,-2.63767858716843e-11,1.00096639711759e-07,-3.269235617868751e-11,1.00096639711759e-07,-3.489158758995518e-10,1.00096639711759e-07,-6.333388524779426e-11,1.00096639711759e-07,1.099761222526188,1.00096639711759e-07,1.099751079296029,1.00096639711759e-07,1.09976756866958,1.00096639711759e-07,1.0997701009789
1.001e-07,2.218550759243175e-08,1.001e-07,1.099999974228296,1.001e-07,1.099999999999104,1.001e-07,1.099999999998844,1.001e-07,1.099999999998812,1.001e-07,1.099999999998789,1.001e-07,1.100000004918739,1.001e-07,-1.395070765706077e-09,1.001e-07,1.099999999197373,1.001e-07,-2.221559932220391e-05,1.001e-07,-3.12696068318721e-11,1.001e-07,-3.777636795345708e-11,1.001e-07,-3.883690134730113e-10,1.001e-07,-6.584757062102226e-11,1.001e-07,1.099730420486521,1.001e-07,1.099715777527636,1.001e-07,1.099740206209407,1.001e-07,1.099745557207257
1.001032789253713e-07,4.1282063482245e-09,1.001032789253713e-07,1.099999996533048,1.001032789253713e-07,1.099999999999134,1.001032789253713e-07,1.099999999998941,1.001032789253713e-07,1.099999999998915,1.001032789253713e-07,1.099999999998837,1.001032789253713e-07,1.10000000400301,1.001032789253713e-07,-1.544825266126206e-09,1.001032789253713e-07,1.099999999169453,1.001032789253713e-07,-2.888372061473776e-05,1.001032789253713e-07,-3.364904113081972e-11,1.001032789253713e-07,-4.014794377915222e-11,1.001032789253713e-07,-3.99061863688287e-10,1.001032789253713e-07,-6.502432510029719e-11,1.001032789253713e-07,1.099699384476096,1.001032789253713e-07,1.099681182125898,1.001032789253713e-07,1.099712252827068,1.001032789253713e-07,1.099720979821858
1.001073423781757e-07,3.169612563573346e-09,1.001073423781757e-07,1.100000002176859,1.001073423781757e-07,1.099999999999159,1.001073423781757e-07,1.099999999999069,1.001073423781757e-07,1.099999999999043,1.001073423781757e-07,1.099999999998892,1.001073423781757e-07,1.100000002499115,1.001073423781757e-07,-1.650644763199329e-09,1.001073423781757e-07,1.099999999162496,1.001073423781757e-07,-3.632952597784447e-05,1.001073423781757e-07,-4.287556847381751e-11,1.001073423781757e-07,-4.867347406826335e-11,1.001073423781757e-07,-3.949865770013824e-10,1.001073423781757e-07,-6.140303631204811e-11,1.001073423781757e-07,1.099661697622633,1.001073423781757e-07,1.099639713975607,1.001073423781757e-07,1.099678190409779,1.001073423781757e-07,1.099691132004766
1.001115000684967e-07,3.651873432685644e-09,1.001115000684967e-07,1.099999999922666,1.001115000684967e-07,1.099999999999157,1.001115000684967e-07,1.099999999999076,1.001115000684967e-07,1.099999999999067,1.001115000684967e-07,1.099999999998913,1.001115000684967e-07,1.100000000714643,1.001115000684967e-07,-1.619600531222958e-09,1.001115000684967e-07,1.099999999205799,1.001115000684967e-07,-4.204566423306792e-05,1.001115000684967e-07,-4.770332851459987e-11,1.001115000684967e-07,-5.159261951773446e-11,1.001115000684967e-07,-3.706933178679055e-10,1.001115000684967e-07,-5.497417148433092e-11,1.001115000684967e-07,1.099626243822534,1.001115000684967e-07,1.09960191210719,1.001115000684967e-07,1.099646106476042,1.001115000684967e-07,1.099663128085693
1.001175232784715e-07,2.578828425486901e-09,1.001175232784715e-07,1.100000001324697,1.001175232784715e-07,1.099999999999152,1.001175232784715e-07,1.099999999999133,1.001175232784715e-07,1.099999999999119,1.001175232784715e-07,1.099999999998922,1.001175232784715e-07,1.099999998529947,1.001175232784715e-07,-1.41186133297923e-09,1.001175232784715e-07,1.099999999340608,1.001175232784715e-07,-4.590761078791134e-05,1.001175232784715e-07,-3.297740589722222e-11,1.001175232784715e-07,-2.198374444571961e-11,1.001175232784715e-07,-3.208533359394388e-10,1.001175232784715e-07,-4.319554062740059e-11,1.001175232784715e-07,1.099584184080134,1.001175232784715e-07,1.099558824961347,1.001175232784715e-07,1.099608195369025,1.001175232784715e-07,1.099630127380332
1.001248103890828e-07,2.27286412709039e-09,1.001248103890828e-07,1.100000000112942,1.001248103890828e-07,1.099999999999157,1.001248103890828e-07,1.099999999999162,1.001248103890828e-07,1.099999999999178,1.001248103890828e-07,1.099999999998956,1.001248103890828e-07,1.099999996857908,1.001248103890828e-07,-9.404398568186356e-10,1.001248103890828e-07,1.099999999643761,1.001248103890828e-07,-4.119756586703173e-05,1.001248103890828e-07,1.781429708052034e-11,1.001248103890828e-07,8.859652326050978e-11,1.001248103890828e-07,-2.292713425336557e-10,1.001248103890828e-07,-2.095327855950771e-11,1.001248103890828e-07,1.099556516297649,1.001248103890828e-07,1.099532878633854,1.001248103890828e-07,1.099583551327186,1.001248103890828e-07,1.099607850571373
1.001317175397014e-07,1.164232083249011e-09,1.001317175397014e-07,1.100000000621294,1.001317175397014e-07,1.099999999999093,1.001317175397014e-07,1.099999999999166,1.001317175397014e-07,1.099999999999169,1.001317175397014e-07,1.099999999998976,1.001317175397014e-07,1.099999996129107,1.001317175397014e-07,-4.02118494209582e-10,1.001317175397014e-07,1.099999999965936,1.001317175397014e-07,-2.791469740838147e-05,1.001317175397014e-07,6.622416102685978e-11,1.001317175397014e-07,1.899395538864067e-10,1.001317175397014e-07,-1.464719478005967e-10,1.001317175397014e-07,-1.97080850075201e-12,1.001317175397014e-07,1.099557182332923,1.001317175397014e-07,1.099537213482215,1.001317175397014e-07,1.099584953186439,1.001317175397014e-07,1.099606297753736
1.001378637487994e-07,1.345038937311183e-09,1.001378637487994e-07,1.100000000062085,1.001378637487994e-07,1.099999999999004,1.001378637487994e-07,1.099999999999071,1.001378637487994e-07,1.099999999999099,1.001378637487994e-07,1.099999999998988,1.001378637487994e-07,1.099999996865555,1.001378637487994e-07,-7.696339171174155e-11,1.001378637487994e-07,1.100000000105103,1.001378637487994e-07,-1.443888593382308e-05,1.001378637487994e-07,6.418846984448612e-11,1.001378637487994e-07,1.985412694380249e-10,1.001378637487994e-07,-9.919695820578885e-11,1.001378637487994e-07,6.128888487547759e-12,1.001378637487994e-07,1.099571101257544,1.001378637487994e-07,1.099554977287768,1.001378637487994e-07,1.099598640732412,1.001378637487994e-07,1.09961399299072
1.001456175850926e-07,5.679424624838496e-10,1.001456175850926e-07,1.100000000284556,1.001456175850926e-07,1.099999999999023,1.001456175850926e-07,1.099999999999072,1.001456175850926e-07,1.099999999999089,1.001456175850926e-07,1.099999999999022,1.001456175850926e-07,1.099999997536627,1.001456175850926e-07,7.253848433487982e-11,1.001456175850926e-07,1.10000000010605,1.001456175850926e-07,-2.16986021985264e-06,1.001456175850926e-07,4.877939315535855e-11,1.001456175850926e-07,1.72956605792853e-10,1.001456175850926e-07,-6.352061450376535e-11,1.001456175850926e-07,1.199943199508112e-11,1.001456175850926e-07,1.099590815476918,1.001456175850926e-07,1.099578723558684,1.001456175850926e-07,1.099617640480408,1.001456175850926e-07,1.099624719001671
1.001537400894856e-07,6.78727473492553e-10,1.001537400894856e-07,1.099999999950232,1.001537400894856e-07,1.09999999999905,1.001537400894856e-07,1.099999999999046,1.001537400894856e-07,1.099999999999076,1.001537400894856e-07,1.099999999999024,1.001537400894856e-07,1.09999999767436,1.001537400894856e-07,1.319896206073836e-10,1.001537400894856e-07,1.10000000010397,1.001537400894856e-07,5.436212966762716e-06,1.001537400894856e-07,3.523670257301139e-11,1.001537400894856e-07,1.46492821823609e-10,1.001537400894856e-07,-2.514219108588572e-11,1.001537400894856e-07,1.814922358988363e-11,1.001537400894856e-07,1.099609859949183,1.001537400894856e-07,1.09960055971201,1.001537400894856e-07,1.099635146207283,1.001537400894856e-07,1.099635229035004
1.001624493824548e-07,8.423325722177027e-11,1.001624493824548e-07,1.100000000106256,1.001624493824548e-07,1.099999999999071,1.001624493824548e-07,1.099999999999097,1.001624493824548e-07,1.099999999999099,1.001624493824548e-07,1.099999999999057,1.001624493824548e-07,1.099999997942216,1.001624493824548e-07,2.196027872623694e-10,1.001624493824548e-07,1.100000000128729,1.001624493824548e-07,1.040559269091936e-05,1.001624493824548e-07,2.862454929549399e-11,1.001624493824548e-07,1.218237728545186e-10,1.001624493824548e-07,1.594338318892284e-11,1.001624493824548e-07,2.345559847068798e-11,1.001624493824548e-07,1.099630727480762,1.001624493824548e-07,1.099623284942016,1.001624493824548e-07,1.099653230303892,1.001624493824548e-07,1.099647943404857
1.001733684460793e-07,3.078229741679791e-10,1.001733684460793e-07,1.099999999925408,1.001733684460793e-07,1.099999999999073,1.001733684460793e-07,1.09999999999909,1.001733684460793e-07,1.099999999999106,1.001733684460793e-07,1.099999999999071,1.001733684460793e-07,1.099999998111881,1.001733684460793e-07,3.70612887622715e-10,1.001733684460793e-07,1.100000000194457,1.001733684460793e-07,1.471753741132799e-05,1.001733684460793e-07,2.249877466530764e-11,1.001733684460793e-07,9.596399375430249e-11,1.001733684460793e-07,6.854178235651037e-11,1.001733684460793e-07,2.905671204428758e-11,1.001733684460793e-07,1.099662439414941,1.001733684460793e-07,1.099655992888693,1.001733684460793e-07,1.099679231931868,1.001733684460793e-07,1.099669173325231
1.001898356812636e-07,-1.348455663682443e-10,1.001898356812636e-07,1.100000000058268,1.001898356812636e-07,1.099999999999061,1.001898356812636e-07,1.099999999999107,1.001898356812636e-07,1.0999999999991,1.001898356812636e-07,1.099999999999084,1.001898356812636e-07,1.099999998764825,1.001898356812636e-07,5.375208332438929e-10,1.001898356812636e-07,1.10000000024684,1.001898356812636e-07,1.913407701116757e-05,1.001898356812636e-07,1.666402690056122e-11,1.001898356812636e-07,6.27517960303319e-11,1.001898356812636e-07,1.214773668379027e-10,1.001898356812636e-07,3.098810859023337e-11,1.001898356812636e-07,1.099719484495631,1.001898356812636e-07,1.099710999003256,1.001898356812636e-07,1.099723225815144,1.001898356812636e-07,1.099708442635614
1.002152132718189e-07,1.787255193391536e-10,1.002152132718189e-07,1.099999999928294,1.002152132718189e-07,1.099999999999061,1.002152132718189e-07,1.099999999999093,1.002152132718189e-07,1.099999999999101,1.002152132718189e-07,1.0999999999991,1.002152132718189e-07,1.099999999323164,1.002152132718189e-07,5.045765895727983e-10,1.002152132718189e-07,1.100000000195627,1.002152132718189e-07,2.112947253989685e-05,1.002152132718189e-07,6.565742471684955e-12,1.002152132718189e-07,2.490037323256703e-11,1.002152132718189e-07,1.458955345187757e-10,1.002152132718189e-07,2.535351511215626e-11,1.002152132718189e-07,1.099795875766347,1.002152132718189e-07,1.099778593708357,1.002152132718189e-07,1.099779209513969,1.002152132718189e-07,1.099759706021463
1.002505320426421e-07,-1.666297845632325e-10,1.002505320426421e-07,1.100000000048665,1.002505320426421e-07,1.099999999999081,1.002505320426421e-07,1.099999999999107,1.002505320426421e-07,1.09999999999909,1.002505320426421e-07,1.099999999999133,1.002505320426421e-07,1.099999999860944,1.002505320426421e-07,2.648307113211583e-10,1.002505320426421e-07,1.100000000088251,1.002505320426421e-07,1.462036195772764e-05,1.002505320426421e-07,-5.200775063187272e-12,1.002505320426421e-07,-3.136456128576687e-11,1.002505320426421e-07,1.095358746750921e-10,1.002505320426421e-07,1.168764767256234e-11,1.002505320426421e-07,1.099850614960906,1.002505320426421e-07,1.099819776990499,1.002505320426421e-07,1.099819704075649,1.002505320426421e-07,1.09979626974795
1.002834173741468e-07,1.718104021992243e-10,1.002834173741468e-07,1.09999999993487,1.002834173741468e-07,1.099999999999063,1.002834173741468e-07,1.099999999999074,1.002834173741468e-07,1.099999999999075,1.002834173741468e-07,1.099999999999117,1.002834173741468e-07,1.099999999867734,1.002834173741468e-07,1.069025228568489e-10,1.002834173741468e-07,1.100000000031528,1.002834173741468e-07,5.089095151974288e-06,1.002834173741468e-07,-9.570080075762156e-12,1.002834173741468e-07,-5.413103763123582e-11,1.002834173741468e-07,6.292899225691042e-11,1.002834173741468e-07,2.403954085230292e-12,1.002834173741468e-07,1.099863523194967,1.002834173741468e-07,1.099824327793011,1.002834173741468e-07,1.099831530784177,1.002834173741468e-07,1.099807371796217
1.003205962559429e-07,-1.624215408579588e-10,1.003205962559429e-07,1.100000000044367,1.003205962559429e-07,1.099999999999081,1.003205962559429e-07,1.099999999999085,1.003205962559429e-07,1.099999999999072,1.003205962559429e-07,1.099999999999127,1.003205962559429e-07,1.100000000013805,1.003205962559429e-07,3.667526009554235e-11,1.003205962559429e-07,1.100000000008874,1.003205962559429e-07,-1.014371294344459e-06,1.003205962559429e-07,-6.263114731116225e-12,1.003205962559429e-07,-5.200479593677283e-11,1.003205962559429e-07,2.989643457093678e-11,1.003205962559429e-07,-4.601611652575439e-13,1.003205962559429e-07,1.099863804729472,1.003205962559429e-07,1.099819648038102,1.003205962559429e-07,1.099834055891971,1.003205962559429e-07,1.09981135896605
1.003682447394315e-07,1.686139027108432e-10,1.003682447394315e-07,1.099999999939931,1.003682447394315e-07,1.099999999999059,1.003682447394315e-07,1.099999999999067,1.003682447394315e-07,1.09999999999907,1.003682447394315e-07,1.099999999999091,1.003682447394315e-07,1.099999999932488,1.003682447394315e-07,6.025868628451928e-12,1.003682447394315e-07,1.099999999994996,1.003682447394315e-07,-2.487347730714501e-06,1.003682447394315e-07,-1.797974621240879e-12,1.003682447394315e-07,-3.242608652534682e-11,1.003682447394315e-07,1.172144892373556e-11,1.003682447394315e-07,7.005313910925626e-13,1.003682447394315e-07,1.099859841067655,1.003682447394315e-07,1.099813853688395,1.003682447394315e-07,1.09983302710648,1.003682447394315e-07,1.099812443317331
1.004203902524245e-07,-1.597488900439594e-10,1.004203902524245e-07,1.100000000041885,1.004203902524245e-07,1.099999999999083,1.004203902524245e-07,1.099999999999083,1.004203902524245e-07,1.099999999999071,1.004203902524245e-07,1.099999999999099,1.004203902524245e-07,1.100000000039302,1.004203902524245e-07,5.583241798733156e-12,1.004203902524245e-07,1.099999999997441,1.004203902524245e-07,-1.520012583182394e-06,1.004203902524245e-07,2.275781935890001e-12,1.004203902524245e-07,-1.609549591316979e-11,1.004203902524245e-07,5.891357978250651e-12,1.004203902524245e-07,2.538443541266966e-12,1.004203902524245e-07,1.09985649899689,1.004203902524245e-07,1.099811185743907,1.004203902524245e-07,1.099831990903043,1.004203902524245e-07,1.099812853666235
1.004814289560711e-07,1.660964134057477e-10,1.004814289560711e-07,1.099999999943639,1.004814289560711e-07,1.099999999999057,1.004814289560711e-07,1.099999999999065,1.004814289560711e-07,1.09999999999907,1.004814289560711e-07,1.099999999999065,1.004814289560711e-07,1.099999999945333,1.004814289560711e-07,-1.248900105591128e-12,1.004814289560711e-07,1.099999999991577,1.004814289560711e-07,-5.264396310344332e-07,1.004814289560711e-07,2.610481221814289e-12,1.004814289560711e-07,-2.931833137270445e-12,1.004814289560711e-07,3.863888344054894e-12,1.004814289560711e-07,3.009423403111459e-12,1.004814289560711e-07,1.099853413967111,1.004814289560711e-07,1.099810119530242,1.004814289560711e-07,1.099831032530528,1.004814289560711e-07,1.099812869931292
1.005599133365912e-07,-1.578453808936714e-10,1.005599133365912e-07,1.100000000040616,1.005599133365912e-07,1.099999999999085,1.005599133365912e-07,1.09999999999908,1.005599133365912e-07,1.099999999999071,1.005599133365912e-07,1.099999999999087,1.005599133365912e-07,1.100000000041905,1.005599133365912e-07,2.353549572450566e-12,1.005599133365912e-07,1.099999999995932,1.005599133365912e-07,-1.172233778903512e-07,1.005599133365912e-07,3.531110770235071e-12,1.005599133365912e-07,4.68038710857957e-13,1.005599133365912e-07,3.341934238204771e-12,1.005599133365912e-07,3.211793944122761e-12,1.005599133365912e-07,1.099850231803129,1.005599133365912e-07,1.099809896587027,1.005599133365912e-07,1.099830184114666,1.005599133365912e-07,1.099812697687754
1.00675224357858e-07,1.646709029078319e-10,1.00675224357858e-07,1.09999999994633,1.00675224357858e-07,1.099999999999056,1.00675224357858e-07,1.099999999999062,1.00675224357858e-07,1.099999999999069,1.00675224357858e-07,1.099999999999058,1.00675224357858e-07,1.099999999947538,1.00675224357858e-07,-1.444435139592165e-12,1.00675224357858e-07,1.099999999991283,1.00675224357858e-07,-4.27858877650321e-08,1.00675224357858e-07,2.5616174041176e-12,1.00675224357858e-07,3.766916213974558e-12,1.00675224357858e-07,2.901147816628466e-12,1.00675224357858e-07,2.863705141038342e-12,1.00675224357858e-07,1.099846156524593,1.00675224357858e-07,1.099809916287244,1.00675224357858e-07,1.099829093701978,1.00675224357858e-07,1.099812319295362
1.008656558123364e-07,-1.569389418365128e-10,1.008656558123364e-07,1.100000000040817,1.008656558123364e-07,1.099999999999086,1.008656558123364e-07,1.099999999999079,1.008656558123364e-07,1.099999999999071,1.008656558123364e-07,1.099999999999085,1.008656558123364e-07,1.100000000041407,1.008656558123364e-07,1.969587456425019e-12,1.008656558123364e-07,1.099999999995499,1.008656558123364e-07,-4.562753992791321e-08,1.008656558123364e-07,3.391609090686112e-12,1.008656558123364e-07,2.028181671605435e-12,1.008656558123364e-07,3.057033736296266e-12,1.008656558123364e-07,3.084603777997042e-12,1.008656558123364e-07,1.099840544497707,1.008656558123364e-07,1.09981005798773,1.008656558123364e-07,1.099827516177498,1.008656558123364e-07,1.099811708224186
1.012461826636451e-07,1.641527927488456e-10,1.012461826636451e-07,1.09999999994809,1.012461826636451e-07,1.099999999999055,1.012461826636451e-07,1.099999999999062,1.012461826636451e-07,1.099999999999069,1.012461826636451e-07,1.099999999999056,1.012461826636451e-07,1.099999999947955,1.012461826636451e-07,-1.326280995919155e-12,1.012461826636451e-07,1.099999999990993,1.012461826636451e-07,-3.796861251699346e-08,1.012461826636451e-07,2.541487535080025e-12,1.012461826636451e-07,3.895914034403619e-12,1.012461826636451e-07,2.872408790619566e-12,1.012461826636451e-07,2.846948370284226e-12,1.012461826636451e-07,1.099832277359216,1.012461826636451e-07,1.099810073127742,1.012461826636451e-07,1.09982477392421,1.012461826636451e-07,1.099810612327402
1.019586146195851e-07,3.784767437277739e-12,1.019586146195851e-07,1.099999999995428,1.019586146195851e-07,1.099999999999071,1.019586146195851e-07,1.09999999999907,1.019586146195851e-07,1.09999999999907,1.019586146195851e-07,1.09999999999907,1.019586146195851e-07,1.099999999994544,1.019586146195851e-07,2.222540201271599e-13,1.019586146195851e-07,1.099999999992844,1.019586146195851e-07,-3.712494562817237e-08,1.019586146195851e-07,2.967247259210614e-12,1.019586146195851e-07,2.966098123667092e-12,1.019586146195851e-07,2.968551177117754e-12,1.019586146195851e-07,2.967871423807075e-12,1.019586146195851e-07,1.099823661742722,1.019586146195851e-07,1.09980958149147,1.019586146195851e-07,1.099820707263091,1.019586146195851e-07,1.099808963679318
1.033834785314651e-07,3.597697664608992e-12,1.033834785314651e-07,1.09999999999634,1.033834785314651e-07,1.09999999999907,1.033834785314651e-07,1.09999999999907,1.033834785314651e-07,1.09999999999907,1.033834785314651e-07,1.09999999999907,1.033834785314651e-07,1.099999999994691,1.033834785314651e-07,2.510839407169648e-13,1.033834785314651e-07,1.099999999992672,1.033834785314651e-07,-2.643097566178862e-08,1.033834785314651e-07,2.966617994482893e-12,1.033834785314651e-07,2.96561430077743e-12,1.033834785314651e-07,2.965490772984655e-12,1.033834785314651e-07,2.966053503209046e-12,1.033834785314651e-07,1.099820448391005,1.033834785314651e-07,1.099807629104126,1.033834785314651e-07,1.09981534988343,1.033834785314651e-07,1.099806767549326
1.054884503393215e-07,3.784173979136785e-12,1.054884503393215e-07,1.099999999996354,1.054884503393215e-07,1.09999999999907,1.054884503393215e-07,1.09999999999907,1.054884503393215e-07,1.09999999999907,1.054884503393215e-07,1.09999999999907,1.054884503393215e-07,1.099999999994545,1.054884503393215e-07,1.719133003433372e-13,1.054884503393215e-07,1.09999999999259,1.054884503393215e-07,-5.752082722301253e-09,1.054884503393215e-07,2.967276457385698e-12,1.054884503393215e-07,2.966110190732461e-12,1.054884503393215e-07,2.968335688840654e-12,1.054884503393215e-07,2.967906853593322e-12,1.054884503393215e-07,1.099823119411234,1.054884503393215e-07,1.099805166113169,1.054884503393215e-07,1.099811011506123,1.054884503393215e-07,1.099805093292321
1.080470749037334e-07,3.597817954247081e-12,1.080470749037334e-07,1.099999999996922,1.080470749037334e-07,1.09999999999907,1.080470749037334e-07,1.09999999999907,1.080470749037334e-07,1.09999999999907,1.080470749037334e-07,1.09999999999907,1.080470749037334e-07,1.099999999994691,1.080470749037334e-07,2.138494582783327e-13,1.080470749037334e-07,1.099999999992618,1.080470749037334e-07,1.686263552962038e-08,1.080470749037334e-07,2.966618103998078e-12,1.080470749037334e-07,2.965733609194717e-12,1.080470749037334e-07,2.965633510738314e-12,1.080470749037334e-07,2.966063561996771e-12,1.080470749037334e-07,1.099824442751971,1.080470749037334e-07,1.099804165643467,1.080470749037334e-07,1.099808654084163,1.080470749037334e-07,1.099804465662768
1.126332333330727e-07,3.78379085212794e-12,1.126332333330727e-07,1.099999999996724,1.126332333330727e-07,1.09999999999907,1.126332333330727e-07,1.09999999999907,1.126332333330727e-07,1.09999999999907,1.126332333330727e-07,1.09999999999907,1.126332333330727e-07,1.099999999994545,1.126332333330727e-07,1.490538689917317e-13,1.126332333330727e-07,1.099999999992599,1.126332333330727e-07,5.438945047304793e-08,1.126332333330727e-07,2.967196216630549e-12,1.126332333330727e-07,2.965970441227866e-12,1.126332333330727e-07,2.968156588152595e-12,1.126332333330727e-07,2.967815352744812e-12,1.126332333330727e-07,1.099819997773657,1.126332333330727e-07,1.099805432548663,1.126332333330727e-07,1.099807653703459,1.126332333330727e-07,1.099804851022415
1.196022585284572e-07,3.597938448425782e-12,1.196022585284572e-07,1.099999999997164,1.196022585284572e-07,1.09999999999907,1.196022585284572e-07,1.09999999999907,1.196022585284572e-07,1.09999999999907,1.196022585284572e-07,1.09999999999907,1.196022585284572e-07,1.099999999994691,1.196022585284572e-07,1.962098428701672e-13,1.196022585284572e-07,1.099999999992633,1.196022585284572e-07,9.657330186315813e-08,1.196022585284572e-07,2.966528569373938e-12,1.196022585284572e-07,2.965683735860244e-12,1.196022585284572e-07,2.96559806296289e-12,1.196022585284572e-07,2.965965860212152e-12,1.196022585284572e-07,1.09981109479314,1.196022585284572e-07,1.099808490243883,1.196022585284572e-07,1.0998082377309,1.196022585284572e-07,1.099805998206753
1.298819192335275e-07,3.783674176349847e-12,1.298819192335275e-07,1.099999999996896,1.298819192335275e-07,1.09999999999907,1.298819192335275e-07,1.09999999999907,1.298819192335275e-07,1.099999999999071,1.298819192335275e-07,1.09999999999907,1.298819192335275e-07,1.099999999994545,1.298819192335275e-07,1.346062977646108e-13,1.298819192335275e-07,1.099999999992618,1.298819192335275e-07,1.388164884311527e-07,1.298819192335275e-07,2.967074279780527e-12,1.298819192335275e-07,2.965824289439982e-12,1.298819192335275e-07,2.967999126742031e-12,1.298819192335275e-07,2.967677596694856e-12,1.298819192335275e-07,1.099805386867393,1.298819192335275e-07,1.099810515652508,1.298819192335275e-07,1.099808856332943,1.298819192335275e-07,1.099806654218956
1.399409596167637e-07,3.598010258217382e-12,1.399409596167637e-07,1.09999999999726,1.399409596167637e-07,1.09999999999907,1.399409596167637e-07,1.09999999999907,1.399409596167637e-07,1.09999999999907,1.399409596167637e-07,1.09999999999907,1.399409596167637e-07,1.099999999994691,1.399409596167637e-07,1.864415085844792e-13,1.399409596167637e-07,1.099999999992644,1.399409596167637e-07,1.612966207975203e-07,1.399409596167637e-07,2.966440651936608e-12,1.399409596167637e-07,2.965616857012494e-12,1.399409596167637e-07,2.965536595476936e-12,1.399409596167637e-07,2.965868533755032e-12,1.399409596167637e-07,1.099804996933743,1.399409596167637e-07,1.099810510642096,1.399409596167637e-07,1.099808865091866,1.399409596167637e-07,1.099806502307654
1.5e-07,3.783593260111173e-12,1.5e-07,1.099999999996947,1.5e-07,1.09999999999907,1.5e-07,1.09999999999907,1.5e-07,1.09999999999907,1.5e-07,1.09999999999907,1.5e-07,1.099999999994545,1.5e-07,1.299933924491665e-13,1.5e-07,1.099999999992624,1.5e-07,1.747545915300193e-07,1.5e-07,2.967012276793423e-12,1.5e-07,2.965741533339026e-12,1.5e-07,2.96790973966932e-12,1.5e-07,2.967607038551166e-12,1.5e-07,1.099805839230797,1.5e-07,1.099810021134224,1.5e-07,1.099808734543485,1.5e-07,1.09980620473956
1.50025e-07,0.2749999801984911,1.50025e-07,1.100000000749427,1.50025e-07,1.09999999999907,1.50025e-07,1.09999999999907,1.50025e-07,1.09999999999907,1.50025e-07,1.09999999999907,1.50025e-07,1.09999999997904,1.50025e-07,1.065286932101423e-13,1.50025e-07,1.099999999992583,1.50025e-07,1.744310770122547e-07,1.50025e-07,3.051219620652649e-12,1.50025e-07,2.95511601831684e-12,1.50025e-07,2.965577405838825e-12,1.50025e-07,2.966161074061757e-12,1.50025e-07,1.099805834187896,1.50025e-07,1.09981000998243,1.50025e-07,1.099808725204416,1.50025e-07,1.099806197435139
1.500650759496386e-07,0.7158354193903421,1.500650759496386e-07,1.099999996720017,1.500650759496386e-07,1.09999999999907,1.500650759496386e-07,1.09999999999907,1.500650759496386e-07,1.09999999999907,1.500650759496386e-07,1.09999999999907,1.500650759496386e-07,1.099999996957324,1.500650759496386e-07,-6.35772948089451e-12,1.500650759496386e-07,1.099999999984986,1.500650759496386e-07,-7.649057710396322e-08,1.500650759496386e-07,7.28745979242888e-13,1.500650759496386e-07,1.367314613397524e-12,1.500650759496386e-07,2.672358478821873e-12,1.500650759496386e-07,2.760799467880339e-12,1.500650759496386e-07,1.099804683385058,1.500650759496386e-07,1.099808834747064,1.500650759496386e-07,1.099807692619293,1.500650759496386e-07,1.099805480984444
1.50073806962229e-07,0.8118765612362668,1.50073806962229e-07,1.099999996534641,1.50073806962229e-07,1.099999999999079,1.50073806962229e-07,1.099999999999082,1.50073806962229e-07,1.099999999999081,1.50073806962229e-07,1.099999999999078,1.50073806962229e-07,1.099999996492712,1.50073806962229e-07,2.269552526576047e-11,1.50073806962229e-07,1.100000000007079,1.50073806962229e-07,4.005086226031569e-07,1.50073806962229e-07,9.807410022392024e-12,1.50073806962229e-07,1.148723714879745e-11,1.50073806962229e-07,6.074362574592542e-12,1.50073806962229e-07,4.706158395668596e-12,1.50073806962229e-07,1.099805678975301,1.50073806962229e-07,1.099809860642805,1.50073806962229e-07,1.099808554352477,1.50073806962229e-07,1.099806219423837
1.500770810919503e-07,0.8478919856345646,1.500770810919503e-07,1.099999996538299,1.500770810919503e-07,1.099999999999084,1.500770810919503e-07,1.099999999999094,1.500770810919503e-07,1.099999999999091,1.500770810919503e-07,1.099999999999089,1.500770810919503e-07,1.099999996609063,1.500770810919503e-07,5.198470990376221e-11,1.500770810919503e-07,1.100000000027739,1.500770810919503e-07,9.859870239648e-07,1.500770810919503e-07,1.841442606279225e-11,1.500770810919503e-07,2.093590585950305e-11,1.500770810919503e-07,8.839367529385745e-12,1.500770810919503e-07,6.107694784535456e-12,1.500770810919503e-07,1.099807123419191,1.500770810919503e-07,1.099811347665871,1.500770810919503e-07,1.099809820004559,1.500770810919503e-07,1.09980723133111
1.500836293513931e-07,0.9199228435920507,1.500836293513931e-07,1.099999996999151,1.500836293513931e-07,1.099999999999068,1.500836293513931e-07,1.099999999999083,1.500836293513931e-07,1.099999999999078,1.500836293513931e-07,1.099999999999086,1.500836293513931e-07,1.099999997831551,1.500836293513931e-07,1.071762728784244e-10,1.500836293513931e-07,1.100000000061396,1.500836293513931e-07,2.613098404512763e-06,1.500836293513931e-07,2.852761580293744e-11,1.500836293513931e-07,2.828382632800962e-11,1.500836293513931e-07,1.075259826024983e-11,1.500836293513931e-07,6.914351634124204e-12,1.500836293513931e-07,1.099811870035116,1.500836293513931e-07,1.099816236275741,1.500836293513931e-07,1.099813975902234,1.500836293513931e-07,1.099810397612323
1.500907646886882e-07,0.9984115534161481,1.500907646886882e-07,1.099999998604661,1.500907646886882e-07,1.099999999998967,1.500907646886882e-07,1.09999999999895,1.500907646886882e-07,1.099999999998955,1.500907646886882e-07,1.09999999999899,1.500907646886882e-07,1.100000000675782,1.500907646886882e-07,-1.022780210331098e-10,1.500907646886882e-07,1.099999999898152,1.500907646886882e-07,-2.695592276412714e-07,1.500907646886882e-07,-1.465366391348088e-11,1.500907646886882e-07,-7.924922068001482e-11,1.500907646886882e-07,-2.086619109454821e-11,1.500907646886882e-07,-9.479389952241011e-12,1.500907646886882e-07,1.099806443008223,1.500907646886882e-07,1.099810638376598,1.500907646886882e-07,1.099809193339064,1.500907646886882e-07,1.099805665084272
1.500953823443441e-07,1.049205769238809,1.500953823443441e-07,1.09999999953856,1.500953823443441e-07,1.09999999999894,1.500953823443441e-07,1.099999999998855,1.500953823443441e-07,1.099999999998886,1.500953823443441e-07,1.0999999999989,1.500953823443441e-07,1.100000001713277,1.500953823443441e-07,-5.159813619961761e-10,1.500953823443441e-07,1.099999999614949,1.500953823443441e-07,-8.176707106507e-06,1.500953823443441e-07,-6.277736810069204e-11,1.500953823443441e-07,-2.030175118596793e-10,1.500953823443441e-07,-5.865716794703918e-11,1.500953823443441e-07,-2.899388127515462e-11,1.500953823443441e-07,1.099786511298119,1.500953823443441e-07,1.099790110623418,1.500953823443441e-07,1.099791729628501,1.500953823443441e-07,1.099790615932452
1.501e-07,1.099999980272819,1.501e-07,1.100000000140014,1.501e-07,1.099999999999016,1.501e-07,1.099999999998767,1.501e-07,1.099999999998826,1.501e-07,1.099999999998796,1.501e-07,1.100000001650035,1.501e-07,-1.084452261629885e-09,1.501e-07,1.099999999304284,1.501e-07,-2.086215648374468e-05,1.501e-07,-1.019130563221862e-10,1.501e-07,-3.088249309364932e-10,1.501e-07,-9.423774059078133e-11,1.501e-07,-4.85009252185432e-11,1.501e-07,1.099749938891278,1.501e-07,1.099751947134564,1.501e-07,1.099759161649004,1.501e-07,1.099763653910991
1.501030922682009e-07,1.099999998014939,1.501030922682009e-07,1.099999999272237,1.501030922682009e-07,1.09999999999909,1.501030922682009e-07,1.099999999998889,1.501030922682009e-07,1.099999999998968,1.501030922682009e-07,1.099999999998789,1.501030922682009e-07,1.100000000773382,1.501030922682009e-07,-1.380047191843531e-09,1.501030922682009e-07,1.099999999222236,1.501030922682009e-07,-2.964136755814059e-05,1.501030922682009e-07,-1.016268077638713e-10,1.501030922682009e-07,-3.211160490633988e-10,1.501030922682009e-07,-1.015544603700974e-10,1.501030922682009e-07,-5.128310186019491e-11,1.501030922682009e-07,1.099718990293908,1.501030922682009e-07,1.099719803131729,1.501030922682009e-07,1.099731576961089,1.501030922682009e-07,1.09974175956211
1.501077008418261e-07,1.099999999333693,1.501077008418261e-07,1.099999999465632,1.501077008418261e-07,1.099999999999167,1.501077008418261e-07,1.099999999999057,1.501077008418261e-07,1.099999999999119,1.501077008418261e-07,1.099999999998804,1.501077008418261e-07,1.09999999961879,1.501077008418261e-07,-1.596757543997749e-09,1.501077008418261e-07,1.099999999182133,1.501077008418261e-07,-4.087330198296328e-05,1.501077008418261e-07,-9.525883628635237e-11,1.501077008418261e-07,-3.246963905771182e-10,1.501077008418261e-07,-9.462385070054146e-11,1.501077008418261e-07,-4.118815995991021e-11,1.501077008418261e-07,1.099673857533785,1.501077008418261e-07,1.099673189001914,1.501077008418261e-07,1.099691391594068,1.501077008418261e-07,1.099710321828088
1.501123082840645e-07,1.099999999035821,1.501123082840645e-07,1.099999999655525,1.501123082840645e-07,1.099999999999246,1.501123082840645e-07,1.099999999999256,1.501123082840645e-07,1.09999999999925,1.501123082840645e-07,1.099999999999106,1.501123082840645e-07,1.099999998860219,1.501123082840645e-07,-1.023342446250968e-09,1.501123082840645e-07,1.099999999337435,1.501123082840645e-07,-4.663473228529768e-05,1.501123082840645e-07,-6.988495417801136e-11,1.501123082840645e-07,-2.902040919878794e-10,1.501123082840645e-07,-5.633560145340392e-11,1.501123082840645e-07,2.049374970598957e-11,1.501123082840645e-07,1.099636752374921,1.501123082840645e-07,1.099635196599268,1.501123082840645e-07,1.099658821903386,1.501123082840645e-07,1.099686145881047
1.501184370555173e-07,1.099999999826559,1.501184370555173e-07,1.099999999706763,1.501184370555173e-07,1.099999999999179,1.501184370555173e-07,1.099999999999355,1.501184370555173e-07,1.099999999999255,1.501184370555173e-07,1.099999999998858,1.501184370555173e-07,1.099999998353601,1.501184370555173e-07,1.30293308454003e-09,1.501184370555173e-07,1.099999999704452,1.501184370555173e-07,-4.366146685007668e-05,1.501184370555173e-07,-4.077442537237685e-11,1.501184370555173e-07,-2.321582814867626e-10,1.501184370555173e-07,1.195899307826e-11,1.501184370555173e-07,1.306043083470592e-10,1.501184370555173e-07,1.099609965720314,1.501184370555173e-07,1.099608878135089,1.501184370555173e-07,1.099637514879645,1.501184370555173e-07,1.099673941910263
1.501249398382878e-07,1.099999999469992,1.501249398382878e-07,1.099999999821431,1.501249398382878e-07,1.099999999999091,1.501249398382878e-07,1.099999999999451,1.501249398382878e-07,1.09999999999918,1.501249398382878e-07,1.099999999999145,1.501249398382878e-07,1.099999998321157,1.501249398382878e-07,4.65570104311434e-09,1.501249398382878e-07,1.100000000058304,1.501249398382878e-07,-3.102695780943504e-05,1.501249398382878e-07,-1.206701191198926e-11,1.501249398382878e-07,-1.713756640037353e-10,1.501249398382878e-07,6.420256642756657e-11,1.501249398382878e-07,2.181571839516987e-10,1.501249398382878e-07,1.099606691188612,1.501249398382878e-07,1.099608230982534,1.501249398382878e-07,1.099640233182763,1.501249398382878e-07,1.099682780186393
1.501310597921792e-07,1.100000000044937,1.501310597921792e-07,1.099999999889886,1.501310597921792e-07,1.099999999998966,1.501310597921792e-07,1.099999999999387,1.501310597921792e-07,1.099999999999155,1.501310597921792e-07,1.099999999998815,1.501310597921792e-07,1.099999999189899,1.501310597921792e-07,6.90425192857932e-09,1.501310597921792e-07,1.100000000162893,1.501310597921792e-07,-1.789805912392675e-05,1.501310597921792e-07,-3.559987795561758e-12,1.501310597921792e-07,-1.365593638777015e-10,1.501310597921792e-07,6.035203759388524e-11,1.501310597921792e-07,2.058433105822455e-10,1.501310597921792e-07,1.099613360988182,1.501310597921792e-07,1.099618956003595,1.501310597921792e-07,1.09965323063973,1.501310597921792e-07,1.099698233554626
1.501382400743693e-07,1.099999999642879,1.501382400743693e-07,1.099999999912226,1.501382400743693e-07,1.099999999999066,1.501382400743693e-07,1.099999999999424,1.501382400743693e-07,1.099999999999046,1.501382400743693e-07,1.099999999999154,1.501382400743693e-07,1.099999999947856,1.501382400743693e-07,8.03340000231513e-09,1.501382400743693e-07,1.100000000152161,1.501382400743693e-07,-6.475464122841048e-06,1.501382400743693e-07,9.416725092215038e-12,1.501382400743693e-07,-1.00289519100388e-10,1.501382400743693e-07,5.580145432407074e-11,1.501382400743693e-07,1.959261124161336e-10,1.501382400743693e-07,1.09962134567701,1.501382400743693e-07,1.099632631667534,1.501382400743693e-07,1.099668035213991,1.501382400743693e-07,1.099713809948424
1.50146144160299e-07,1.100000000086703,1.50146144160299e-07,1.099999999908278,1.50146144160299e-07,1.099999999999025,1.50146144160299e-07,1.099999999999235,1.50146144160299e-07,1.099999999999084,1.50146144160299e-07,1.099999999998816,1.50146144160299e-07,1.100000000173179,1.50146144160299e-07,8.322959220034428e-09,1.50146144160299e-07,1.100000000147896,1.50146144160299e-07,1.60139415819846e-06,1.50146144160299e-07,1.366587138132976e-11,1.50146144160299e-07,-6.921356366853179e-11,1.50146144160299e-07,4.36909396613262e-11,1.50146144160299e-07,1.621805516519753e-10,1.50146144160299e-07,1.099629066385712,1.50146144160299e-07,1.099646882783255,1.50146144160299e-07,1.099680893128727,1.50146144160299e-07,1.099726936052034
1.501550161535699e-07,1.099999999717983,1.501550161535699e-07,1.099999999938508,1.501550161535699e-07,1.09999999999911,1.501550161535699e-07,1.09999999999929,1.501550161535699e-07,1.099999999999046,1.501550161535699e-07,1.099999999999183,1.501550161535699e-07,1.100000000334944,1.501550161535699e-07,8.245200532970694e-09,1.501550161535699e-07,1.100000000169252,1.501550161535699e-07,7.560728959264543e-06,1.501550161535699e-07,2.69470785157977e-11,1.501550161535699e-07,-2.222798574616313e-11,1.501550161535699e-07,4.482431687784686e-11,1.501550161535699e-07,1.468204989115678e-10,1.501550161535699e-07,1.099639743417307,1.501550161535699e-07,1.099664792417374,1.501550161535699e-07,1.099693983703455,1.501550161535699e-07,1.099739892711849
1.501662981969114e-07,1.100000000114674,1.501662981969114e-07,1.09999999995304,1.501662981969114e-07,1.099999999999044,1.501662981969114e-07,1.099999999999141,1.501662981969114e-07,1.099999999999111,1.501662981969114e-07,1.099999999998869,1.501662981969114e-07,1.100000000267623,1.501662981969114e-07,8.020887799470823e-09,1.501662981969114e-07,1.100000000243296,1.501662981969114e-07,1.35388082688659e-05,1.501662981969114e-07,3.400119261314429e-11,1.501662981969114e-07,3.221203172682726e-11,1.501662981969114e-07,4.127964477590895e-11,1.501662981969114e-07,1.082102384956686e-10,1.501662981969114e-07,1.099662106865498,1.501662981969114e-07,1.099695968816554,1.501662981969114e-07,1.099715331509401,1.501662981969114e-07,1.099758920710574
1.501828811223242e-07,1.09999999977555,1.501828811223242e-07,1.099999999987467,1.501828811223242e-07,1.099999999999091,1.501828811223242e-07,1.099999999999184,1.501828811223242e-07,1.099999999999038,1.501828811223242e-07,1.099999999999206,1.501828811223242e-07,1.100000000320288,1.501828811223242e-07,7.569909243446325e-09,1.501828811223242e-07,1.10000000030436,1.501828811223242e-07,2.035312696020498e-05,1.501828811223242e-07,4.334125261789621e-11,1.501828811223242e-07,9.462125721246138e-11,1.501828811223242e-07,4.420356685360265e-11,1.501828811223242e-07,8.035613044403426e-11,1.501828811223242e-07,1.099708523643062,1.501828811223242e-07,1.099753670001108,1.501828811223242e-07,1.099755177150074,1.501828811223242e-07,1.099789854146557
1.50208512306014e-07,1.100000000139003,1.50208512306014e-07,1.099999999984045,1.50208512306014e-07,1.099999999999032,1.50208512306014e-07,1.099999999999041,1.50208512306014e-07,1.099999999999104,1.50208512306014e-07,1.099999999998921,1.50208512306014e-07,1.100000000209798,1.50208512306014e-07,6.559174215999621e-09,1.50208512306014e-07,1.100000000257923,1.50208512306014e-07,2.37963982297036e-05,1.50208512306014e-07,2.847889990810116e-11,1.50208512306014e-07,1.158396706056473e-10,1.50208512306014e-07,2.79373190548319e-11,1.50208512306014e-07,2.628172846518748e-11,1.50208512306014e-07,1.099773881513321,1.50208512306014e-07,1.099830555890881,1.50208512306014e-07,1.099808021425997,1.50208512306014e-07,1.099824553294038
1.502436140655377e-07,1.099999999800733,1.502436140655377e-07,1.099999999997331,1.502436140655377e-07,1.099999999999109,1.502436140655377e-07,1.099999999999108,1.502436140655377e-07,1.099999999999038,1.502436140655377e-07,1.099999999999267,1.502436140655377e-07,1.100000000166871,1.502436140655377e-07,4.782356785374946e-09,1.502436140655377e-07,1.100000000144604,1.502436140655377e-07,1.600448934342676e-05,1.502436140655377e-07,1.223244373777452e-11,1.502436140655377e-07,9.09894689137096e-11,1.502436140655377e-07,5.96460773880582e-12,1.502436140655377e-07,-2.692163239772937e-11,1.502436140655377e-07,1.099819658213197,1.502436140655377e-07,1.099884157853871,1.502436140655377e-07,1.099841692944236,1.502436140655377e-07,1.099839897114345
1.502734155311915e-07,1.100000000144943,1.502734155311915e-07,1.099999999985188,1.502734155311915e-07,1.099999999999035,1.502734155311915e-07,1.09999999999896,1.502734155311915e-07,1.099999999999095,1.502734155311915e-07,1.099999999998964,1.502734155311915e-07,1.100000000050895,1.502734155311915e-07,3.272831085351443e-09,1.502734155311915e-07,1.100000000082439,1.502734155311915e-07,5.757555776214806e-06,1.502734155311915e-07,-1.054261381345388e-12,1.502734155311915e-07,5.231288121947881e-11,1.502734155311915e-07,-1.24985608959611e-11,1.502734155311915e-07,-6.330209421694449e-11,1.502734155311915e-07,1.099829800050372,1.502734155311915e-07,1.09989807360592,1.502734155311915e-07,1.099846395914347,1.502734155311915e-07,1.09983654465797
1.503072709143236e-07,1.09999999981303,1.503072709143236e-07,1.099999999997648,1.503072709143236e-07,1.099999999999108,1.503072709143236e-07,1.099999999999055,1.503072709143236e-07,1.099999999999033,1.503072709143236e-07,1.099999999999272,1.503072709143236e-07,1.100000000054061,1.503072709143236e-07,1.945592925130859e-09,1.503072709143236e-07,1.100000000040358,1.503072709143236e-07,-1.454667256266649e-06,1.503072709143236e-07,-2.062123415511644e-13,1.503072709143236e-07,3.035816962445645e-11,1.503072709143236e-07,-1.241542648929562e-11,1.503072709143236e-07,-5.898080876268984e-11,1.503072709143236e-07,1.099829820774737,1.503072709143236e-07,1.099901032573679,1.503072709143236e-07,1.09984284442345,1.503072709143236e-07,1.099828164956266
1.50350785389626e-07,1.100000000146602,1.50350785389626e-07,1.099999999985865,1.50350785389626e-07,1.099999999999033,1.50350785389626e-07,1.099999999998946,1.50350785389626e-07,1.0999999999991,1.50350785389626e-07,1.099999999998952,1.50350785389626e-07,1.099999999987957,1.50350785389626e-07,9.223427714189938e-10,1.50350785389626e-07,1.100000000014724,1.50350785389626e-07,-3.862431401254701e-06,1.50350785389626e-07,-2.245303779367346e-12,1.50350785389626e-07,1.100935403204403e-11,1.50350785389626e-07,-1.21030207078752e-11,1.50350785389626e-07,-5.233302374153893e-11,1.50350785389626e-07,1.099825724206128,1.50350785389626e-07,1.099899128539759,1.50350785389626e-07,1.099836422971433,1.50350785389626e-07,1.09981852930896
1.504079133246302e-07,1.099999999821475,1.504079133246302e-07,1.099999999998251,1.504079133246302e-07,1.099999999999108,1.504079133246302e-07,1.099999999999082,1.504079133246302e-07,1.099999999999036,1.504079133246302e-07,1.099999999999245,1.504079133246302e-07,1.10000000001769,1.504079133246302e-07,2.861566957235566e-10,1.504079133246302e-07,1.099999999998449,1.504079133246302e-07,-2.667300007790086e-06,1.504079133246302e-07,3.917109157231302e-12,1.504079133246302e-07,8.014051434013731e-12,1.504079133246302e-07,-1.44907710640362e-12,1.504079133246302e-07,-2.087278682936961e-11,1.504079133246302e-07,1.099819593329528,1.504079133246302e-07,1.099894334617812,1.504079133246302e-07,1.099830120257571,1.504079133246302e-07,1.099810853960073
1.504704506652503e-07,1.100000000148466,1.504704506652503e-07,1.09999999998674,1.504704506652503e-07,1.099999999999032,1.504704506652503e-07,1.099999999998986,1.504704506652503e-07,1.099999999999103,1.504704506652503e-07,1.099999999998929,1.504704506652503e-07,1.099999999977452,1.504704506652503e-07,9.529139984167993e-11,1.504704506652503e-07,1.099999999997632,1.504704506652503e-07,-1.003676232982739e-06,1.504704506652503e-07,1.478908077930552e-12,1.504704506652503e-07,2.560791969354603e-12,1.504704506652503e-07,-6.318484309732928e-13,1.504704506652503e-07,-1.2085144632852e-11,1.504704506652503e-07,1.099814915946852,1.504704506652503e-07,1.099889714167303,1.504704506652503e-07,1.099827105929753,1.504704506652503e-07,1.099807663901338
1.505460909451042e-07,1.099999999827388,1.505460909451042e-07,1.099999999999038,1.505460909451042e-07,1.099999999999109,1.505460909451042e-07,1.09999999999912,1.505460909451042e-07,1.099999999999037,1.505460909451042e-07,1.099999999999227,1.505460909451042e-07,1.100000000012221,1.505460909451042e-07,6.890180380344381e-12,1.505460909451042e-07,1.099999999991719,1.505460909451042e-07,-2.700419434839571e-07,1.505460909451042e-07,4.896619482647339e-12,1.505460909451042e-07,5.169162101804348e-12,1.505460909451042e-07,4.109467752722859e-12,1.505460909451042e-07,3.532677596083458e-12,1.505460909451042e-07,1.099809932891263,1.505460909451042e-07,1.099884210426694,1.505460909451042e-07,1.099825376567934,1.505460909451042e-07,1.099806415152423
1.506470803522175e-07,1.100000000149879,1.506470803522175e-07,1.099999999987683,1.506470803522175e-07,1.099999999999032,1.506470803522175e-07,1.099999999999008,1.506470803522175e-07,1.099999999999104,1.506470803522175e-07,1.099999999998921,1.506470803522175e-07,1.099999999977564,1.506470803522175e-07,9.095582151767346e-12,1.506470803522175e-07,1.099999999995136,1.506470803522175e-07,-6.008977203575773e-09,1.506470803522175e-07,1.345838910821271e-12,1.506470803522175e-07,1.349867909709777e-12,1.506470803522175e-07,1.38605161929865e-12,1.506470803522175e-07,-1.124606427437896e-12,1.506470803522175e-07,1.09980440848665,1.506470803522175e-07,1.099877837510253,1.506470803522175e-07,1.099824338085277,1.506470803522175e-07,1.099806126698975
1.508041077710612e-07,1.099999999831669,1.508041077710612e-07,1.099999999999851,1.508041077710612e-07,1.099999999999109,1.508041077710612e-07,1.099999999999129,1.508041077710612e-07,1.099999999999036,1.508041077710612e-07,1.099999999999222,1.508041077710612e-07,1.100000000011159,1.508041077710612e-07,-7.181562449495339e-12,1.508041077710612e-07,1.09999999999112,1.508041077710612e-07,-3.34315674304772e-08,1.508041077710612e-07,4.637823068256784e-12,1.508041077710612e-07,4.661058222296632e-12,1.508041077710612e-07,4.487289164195262e-12,1.508041077710612e-07,6.612021071005953e-12,1.508041077710612e-07,1.099796715143985,1.508041077710612e-07,1.099868957396502,1.508041077710612e-07,1.099823021139354,1.508041077710612e-07,1.099805808322888
1.510746821606278e-07,1.100000000152049,1.510746821606278e-07,1.099999999988585,1.510746821606278e-07,1.099999999999032,1.510746821606278e-07,1.099999999999011,1.510746821606278e-07,1.099999999999105,1.510746821606278e-07,1.099999999998919,1.510746821606278e-07,1.099999999978063,1.510746821606278e-07,7.647542117367911e-12,1.510746821606278e-07,1.099999999994888,1.510746821606278e-07,1.062915777234387e-08,1.510746821606278e-07,1.297529182267308e-12,1.510746821606278e-07,1.274128606315792e-12,1.510746821606278e-07,1.451337336612987e-12,1.510746821606278e-07,-6.849402943227362e-13,1.510746821606278e-07,1.099786193333615,1.510746821606278e-07,1.099856826231785,1.510746821606278e-07,1.099821259576973,1.510746821606278e-07,1.099805484839862
1.51615830939761e-07,1.099999999835301,1.51615830939761e-07,1.100000000001151,1.51615830939761e-07,1.099999999999109,1.51615830939761e-07,1.099999999999129,1.51615830939761e-07,1.099999999999036,1.51615830939761e-07,1.099999999999222,1.51615830939761e-07,1.100000000010893,1.51615830939761e-07,-6.759574483456234e-12,1.51615830939761e-07,1.099999999990988,1.51615830939761e-07,-2.512062718860071e-08,1.51615830939761e-07,4.635259729139951e-12,1.51615830939761e-07,4.658302198321751e-12,1.51615830939761e-07,4.478297020691296e-12,1.51615830939761e-07,6.606488558459955e-12,1.51615830939761e-07,1.099771844539213,1.51615830939761e-07,1.099840854950938,1.51615830939761e-07,1.099818267520975,1.51615830939761e-07,1.099804761675066
1.524537272040485e-07,1.100000000154533,1.524537272040485e-07,1.099999999989902,1.524537272040485e-07,1.099999999999032,1.524537272040485e-07,1.099999999999012,1.524537272040485e-07,1.099999999999105,1.524537272040485e-07,1.099999999998919,1.524537272040485e-07,1.09999999997823,1.524537272040485e-07,7.255648226879006e-12,1.524537272040485e-07,1.099999999994685,1.524537272040485e-07,2.136003425106241e-08,1.524537272040485e-07,1.299489257599315e-12,1.524537272040485e-07,1.276724199871099e-12,1.524537272040485e-07,1.458571821915407e-12,1.524537272040485e-07,-6.694056829690673e-13,1.524537272040485e-07,1.099762338072471,1.524537272040485e-07,1.09983115544726,1.524537272040485e-07,1.099815070986422,1.524537272040485e-07,1.099804051179239
1.536829345893724e-07,1.099999999837182,1.536829345893724e-07,1.100000000002165,1.536829345893724e-07,1.099999999999109,1.536829345893724e-07,1.099999999999129,1.536829345893724e-07,1.099999999999036,1.536829345893724e-07,1.099999999999222,1.536829345893724e-07,1.100000000010807,1.536829345893724e-07,-6.66863515141509e-12,1.536829345893724e-07,1.099999999990789,1.536829345893724e-07,-3.044860258987874e-09,1.536829345893724e-07,4.633997022737108e-12,1.536829345893724e-07,4.656642973075222e-12,1.536829345893724e-07,4.473791676431097e-12,1.536829345893724e-07,6.59797672870394e-12,1.536829345893724e-07,1.09976022380579,1.536829345893724e-07,1.099830343838453,1.536829345893724e-07,1.099811956518962,1.536829345893724e-07,1.099803278894723
1.554520772440033e-07,1.10000000015545,1.554520772440033e-07,1.099999999990575,1.554520772440033e-07,1.099999999999032,1.554520772440033e-07,1.099999999999012,1.554520772440033e-07,1.099999999999105,1.554520772440033e-07,1.099999999998919,1.554520772440033e-07,1.099999999978313,1.554520772440033e-07,7.091780941855994e-12,1.554520772440033e-07,1.09999999999451,1.554520772440033e-07,5.503156704853943e-08,1.554520772440033e-07,1.300420735322365e-12,1.554520772440033e-07,1.277959855778295e-12,1.554520772440033e-07,1.461474492019044e-12,1.554520772440033e-07,-6.638301936353962e-13,1.554520772440033e-07,1.099767171907207,1.554520772440033e-07,1.099836132552593,1.554520772440033e-07,1.099809564770564,1.554520772440033e-07,1.099802968947445
1.582574107145491e-07,1.099999999837971,1.582574107145491e-07,1.100000000002675,1.582574107145491e-07,1.099999999999109,1.582574107145491e-07,1.099999999999129,1.582574107145491e-07,1.099999999999036,1.582574107145491e-07,1.099999999999222,1.582574107145491e-07,1.10000000001078,1.582574107145491e-07,-6.628980317051404e-12,1.582574107145491e-07,1.0999999999907,1.582574107145491e-07,4.847908714710058e-08,1.582574107145491e-07,4.633325741840802e-12,1.582574107145491e-07,4.655776793088235e-12,1.582574107145491e-07,4.471766394136426e-12,1.582574107145491e-07,6.594356961872096e-12,1.582574107145491e-07,1.099781497592425,1.582574107145491e-07,1.09983974092728,1.582574107145491e-07,1.099807899004037,1.582574107145491e-07,1.099803351093333
1.627153316048566e-07,1.100000000155839,1.627153316048566e-07,1.09999999999095,1.627153316048566e-07,1.099999999999032,1.627153316048566e-07,1.099999999999012,1.627153316048566e-07,1.099999999999105,1.627153316048566e-07,1.099999999998919,1.627153316048566e-07,1.099999999978363,1.627153316048566e-07,7.009463596200431e-12,1.627153316048566e-07,1.099999999994465,1.627153316048566e-07,1.279794335275264e-07,1.627153316048566e-07,1.300745625907803e-12,1.627153316048566e-07,1.278403865969645e-12,1.627153316048566e-07,1.46261354611256e-12,1.627153316048566e-07,-6.617498946535468e-13,1.627153316048566e-07,1.099799958058981,1.627153316048566e-07,1.099832278175397,1.627153316048566e-07,1.099807635955145,1.627153316048566e-07,1.099805138883146
1.693670847244296e-07,1.099999999838227,1.693670847244296e-07,1.100000000002916,1.693670847244296e-07,1.099999999999109,1.693670847244296e-07,1.099999999999129,1.693670847244296e-07,1.099999999999036,1.693670847244296e-07,1.099999999999222,1.693670847244296e-07,1.100000000010783,1.693670847244296e-07,-6.633815308086934e-12,1.693670847244296e-07,1.099999999990691,1.693670847244296e-07,1.399590137991625e-07,1.693670847244296e-07,4.632946808027534e-12,1.693670847244296e-07,4.655299655389331e-12,1.693670847244296e-07,4.470862376776267e-12,1.693670847244296e-07,6.59270020052413e-12,1.693670847244296e-07,1.099813833249458,1.693670847244296e-07,1.099815006970253,1.693670847244296e-07,1.099808219961827,1.693670847244296e-07,1.099807483614239
1.794673899942574e-07,1.100000000155973,1.794673899942574e-07,1.099999999991127,1.794673899942574e-07,1.099999999999032,1.794673899942574e-07,1.099999999999012,1.794673899942574e-07,1.099999999999105,1.794673899942574e-07,1.099999999998919,1.794673899942574e-07,1.099999999978398,1.794673899942574e-07,6.964613343665528e-12,1.794673899942574e-07,1.099999999994479,1.794673899942574e-07,2.271522985539426e-07,1.794673899942574e-07,1.300792706210075e-12,1.794673899942574e-07,1.278491525745613e-12,1.794673899942574e-07,1.463005605381969e-12,1.794673899942574e-07,-6.609423082159734e-13,1.794673899942574e-07,1.099818703507769,1.794673899942574e-07,1.0998014003645,1.794673899942574e-07,1.099808823304341,1.794673899942574e-07,1.099809249680371
1.897336949971287e-07,1.099999999838321,1.897336949971287e-07,1.100000000003018,1.897336949971287e-07,1.099999999999108,1.897336949971287e-07,1.099999999999129,1.897336949971287e-07,1.099999999999036,1.897336949971287e-07,1.099999999999222,1.897336949971287e-07,1.100000000010793,1.897336949971287e-07,-6.633919043516707e-12,1.897336949971287e-07,1.099999999990726,1.897336949971287e-07,2.197302977528183e-07,1.897336949971287e-07,4.632694431657516e-12,1.897336949971287e-07,4.654991469215355e-12,1.897336949971287e-07,4.470332975652667e-12,1.897336949971287e-07,6.591904666869634e-12,1.897336949971287e-07,1.099816918156486,1.897336949971287e-07,1.099799474106321,1.897336949971287e-07,1.099808766166748,1.897336949971287e-07,1.099809458850349
2e-07,1.100000000156,2e-07,1.099999999991184,2e-07,1.099999999999032,2e-07,1.099999999999012,2e-07,1.099999999999105,2e-07,1.099999999998919,2e-07,1.09999999997842,2e-07,6.942704252377142e-12,2e-07,1.0999999999945,2e-07,2.729602262649431e-07,2e-07,1.300857476972558e-12,2e-07,1.278589483244535e-12,2e-07,1.463332364280344e-12,2e-07,-6.602742530433372e-13,2e-07,1.099814695173544,2e-07,1.099801495338604,2e-07,1.09980869183511,2e-07,1.099809343520854
2.00025e-07,0.8250000165883195,2.00025e-07,0.8250000235355049,2.00025e-07,0.8250000041306642,2.00025e-07,0.8250000040397961,2.00025e-07,0.8250000040242502,2.00025e-07,0.8250000040215232,2.00025e-07,0.8250000371868166,2.00025e-07,-9.438143453319894e-10,2.00025e-07,0.82500007574657,2.00025e-07,0.07951300858391755,2.00025e-07,0.2749998258087038,2.00025e-07,0.2749998267034769,2.00025e-07,0.2749998244990386,2.00025e-07,0.2749998260880441,2.00025e-07,1.099646979706614,2.00025e-07,1.099647362915086,2.00025e-07,1.09969508106003,2.00025e-07,1.100000833242607
2.00035018987218e-07,0.7147911616538075,2.00035018987218e-07,0.7147911677802624,2.00035018987218e-07,0.7147911456904279,2.00035018987218e-07,0.7147911455014426,2.00035018987218e-07,0.7147911454912864,2.00035018987218e-07,0.7147911454903109,2.00035018987218e-07,0.7147911840835253,2.00035018987218e-07,-1.021434096321658e-09,2.00035018987218e-07,0.714791223682252,2.00035018987218e-07,0.1146154886135601,2.00035018987218e-07,0.3852086584338577,2.00035018987218e-07,0.3852086593421248,2.00035018987218e-07,0.3852086572140768,2.00035018987218e-07,0.385208658516821,2.00035018987218e-07,1.099587071794138,2.00035018987218e-07,1.099592334489042,2.00035018987218e-07,1.099655681708711,2.00035018987218e-07,1.10009696574984
2.000550569616539e-07,0.4943734445421611,2.000550569616539e-07,0.4943734526733242,2.000550569616539e-07,0.4943734275475088,2.000550569616539e-07,0.4943734273033751,2.000550569616539e-07,0.494373427295784,2.000550569616539e-07,0.4943734272958327,2.000550569616539e-07,0.4943734662202971,2.000550569616539e-07,-6.052928814090443e-10,2.000550569616539e-07,0.494373503855932,2.000550569616539e-07,0.2009164952663099,2.000550569616539e-07,0.6056263330179926,2.000550569616539e-07,0.6056263340393871,2.000550569616539e-07,0.605626331936669,2.000550569616539e-07,0.6056263324028324,2.000550569616539e-07,1.099513607984565,2.000550569616539e-07,1.099523236404941,2.000550569616539e-07,1.099616405259279,2.000550569616539e-07,1.100380489556866
2.000714391561935e-07,0.3141693090722563,2.000714391561935e-07,0.3141693210556504,2.000714391561935e-07,0.3141692900151433,2.000714391561935e-07,0.3141692896555916,2.000714391561935e-07,0.3141692896586796,2.000714391561935e-07,0.3141692896609392,2.000714391561935e-07,0.3141693331885061,2.000714391561935e-07,-6.780914745771708e-10,2.000714391561935e-07,0.3141693675965819,2.000714391561935e-07,0.2849134053801507,2.000714391561935e-07,0.7858304436571504,2.000714391561935e-07,0.7858304448070607,2.000714391561935e-07,0.7858304425518219,2.000714391561935e-07,0.7858304428078804,2.000714391561935e-07,1.099473900335127,2.000714391561935e-07,1.099481298243656,2.000714391561935e-07,1.099600156226019,2.000714391561935e-07,1.100666647927176
2.000834535293763e-07,0.1820112030947689,2.000834535293763e-07,0.1820112163025403,2.000834535293763e-07,0.18201118406821,2.000834535293763e-07,0.1820111838106465,2.000834535293763e-07,0.1820111837847572,2.000834535293763e-07,0.1820111837831674,2.000834535293763e-07,0.1820112256899836,2.000834535293763e-07,-3.792876448515785e-09,2.000834535293763e-07,0.1820112414736534,2.000834535293763e-07,0.3530592210612267,2.000834535293763e-07,0.9179885278611374,2.000834535293763e-07,0.9179885292218742,2.000834535293763e-07,0.9179885267422163,2.000834535293763e-07,0.9179885271349574,2.000834535293763e-07,1.099369743465628,2.000834535293763e-07,1.099366099770256,2.000834535293763e-07,1.099510423595248,2.000834535293763e-07,1.10082806853579
2.000917267646881e-07,0.09100561476056081,2.000917267646881e-07,0.09100562408382591,2.000917267646881e-07,0.09100559458241109,2.000917267646881e-07,0.09100559439992292,2.000917267646881e-07,0.09100559437477752,2.000917267646881e-07,0.09100559437088976,2.000917267646881e-07,0.09100563312171903,2.000917267646881e-07,-8.207271217859727e-09,2.000917267646881e-07,0.09100564320910379,2.000917267646881e-07,0.4027798342835193,2.000917267646881e-07,1.00899410518526,2.000917267646881e-07,1.008994106551198,2.000917267646881e-07,1.008994104083873,2.000917267646881e-07,1.008994104569033,2.000917267646881e-07,1.09921927260903,2.000917267646881e-07,1.099204114483355,2.000917267646881e-07,1.09936553161585,2.000917267646881e-07,1.100875646308803
2.000958633823441e-07,0.04550281829313472,2.000958633823441e-07,0.04550282672545061,2.000958633823441e-07,0.0455027994119859,2.000958633823441e-07,0.04550279926264428,2.000958633823441e-07,0.04550279924172298,2.000958633823441e-07,0.04550279923690417,2.000958633823441e-07,0.04550283388258519,2.000958633823441e-07,-1.048186043914805e-08,2.000958633823441e-07,0.04550284972119963,2.000958633823441e-07,0.4284918156741573,2.000958633823441e-07,1.054496891201609,2.000958633823441e-07,1.054496892478092,2.000958633823441e-07,1.054496889973778,2.000958633823441e-07,1.054496890548299,2.000958633823441e-07,1.09912129441666,2.000958633823441e-07,1.099101945375036,2.000958633823441e-07,1.099269439537958,2.000958633823441e-07,1.100882310515172
2.001e-07,2.410114897521081e-08,2.001e-07,2.978069645770958e-08,2.001e-07,5.271647925514643e-09,2.001e-07,5.088909144522844e-09,2.001e-07,5.087264658204869e-09,2.001e-07,5.083722031766569e-09,2.001e-07,3.689817551726951e-08,2.001e-07,-1.215639599525858e-08,2.001e-07,6.248231924278771e-08,2.001e-07,0.4548339822106729,2.001e-07,1.099999679769115,2.001e-07,1.099999681061066,2.001e-07,1.099999678520619,2.001e-07,1.099999679205773,2.001e-07,1.099021177048006,2.001e-07,1.099000675566228,2.001e-07,1.099171538475435,2.001e-07,1.100890430171361
2.001027383846647e-07,5.706243468481321e-09,2.001027383846647e-07,8.331874935598941e-09,2.001027383846647e-07,8.283263684298477e-10,2.001027383846647e-07,7.429826920154076e-10,2.001027383846647e-07,7.609765344223611e-10,2.001027383846647e-07,7.602397355110541e-10,2.001027383846647e-07,7.292087776905585e-09,2.001027383846647e-07,-1.272410455448885e-08,2.001027383846647e-07,1.388120403224716e-08,2.001027383846647e-07,0.4711637670229039,2.001027383846647e-07,1.099999738407646,2.001027383846647e-07,1.099999739019523,2.001027383846647e-07,1.09999973853308,2.001027383846647e-07,1.099999737548212,2.001027383846647e-07,1.098967177354451,2.001027383846647e-07,1.098942897945866,2.001027383846647e-07,1.099113345611645,2.001027383846647e-07,1.100895848346684
2.001070098144858e-07,3.852388429680041e-09,2.001070098144858e-07,-2.807626976871488e-10,2.001070098144858e-07,5.410379670633778e-10,2.001070098144858e-07,5.190856701441678e-10,2.001070098144858e-07,5.359189022619588e-10,2.001070098144858e-07,5.348434631361922e-10,2.001070098144858e-07,-6.824812296419867e-09,2.001070098144858e-07,-1.360658131387405e-08,2.001070098144858e-07,-2.884861807860614e-08,2.001070098144858e-07,0.4956656873227894,2.001070098144858e-07,1.099999758640515,2.001070098144858e-07,1.099999759427344,2.001070098144858e-07,1.09999975887747,2.001070098144858e-07,1.09999975809179,2.001070098144858e-07,1.098883173217026,2.001070098144858e-07,1.098856510309149,2.001070098144858e-07,1.099027430392873,2.001070098144858e-07,1.100903586837049
2.001108564654935e-07,4.019400267495338e-09,2.001108564654935e-07,1.89284618276568e-09,2.001108564654935e-07,4.150450363008918e-10,2.001108564654935e-07,4.022166525237422e-10,2.001108564654935e-07,4.100812226678639e-10,2.001108564654935e-07,4.090615092533338e-10,2.001108564654935e-07,-2.906022568030214e-09,2.001108564654935e-07,-1.440011991948356e-08,2.001108564654935e-07,-5.054470275300064e-08,2.001108564654935e-07,0.5161377854921552,2.001108564654935e-07,1.099999774203117,2.001108564654935e-07,1.099999775216714,2.001108564654935e-07,1.099999774409247,2.001108564654935e-07,1.09999977378747,2.001108564654935e-07,1.098803522146612,2.001108564654935e-07,1.098776931998144,2.001108564654935e-07,1.098954542500243,2.001108564654935e-07,1.100907392518013
2.001152332791928e-07,3.040120699295472e-09,2.001152332791928e-07,7.930923802567576e-10,2.001152332791928e-07,2.637407684334894e-10,2.001152332791928e-07,2.697193419976701e-10,2.001152332791928e-07,2.723111815267447e-10,2.001152332791928e-07,2.710400809478443e-10,2.001152332791928e-07,-2.146218802623611e-09,2.001152332791928e-07,-1.425562487463676e-08,2.001152332791928e-07,-5.637359302219218e-08,2.001152332791928e-07,0.5378153207974885,2.001152332791928e-07,1.099999790424721,2.001152332791928e-07,1.09999979162891,2.001152332791928e-07,1.09999979082061,2.001152332791928e-07,1.09999979035833,2.001152332791928e-07,1.098744795672098,2.001152332791928e-07,1.098713908578167,2.001152332791928e-07,1.098906597384211,2.001152332791928e-07,1.100939760690175
2.00118877927283e-07,3.169581070610739e-09,2.00118877927283e-07,2.099561040901164e-09,2.00118877927283e-07,2.236037443944473e-10,2.00118877927283e-07,2.385637054887644e-10,2.00118877927283e-07,2.355109696800432e-10,2.00118877927283e-07,2.342867994931381e-10,2.00118877927283e-07,-9.082352782008803e-10,2.00118877927283e-07,-1.26341736552735e-08,2.00118877927283e-07,-2.683744944802115e-08,2.00118877927283e-07,0.5546837211795044,2.00118877927283e-07,1.099999802402097,2.00118877927283e-07,1.099999803705104,2.00118877927283e-07,1.099999802931545,2.00118877927283e-07,1.09999980267822,2.00118877927283e-07,1.098771224389155,2.00118877927283e-07,1.098736743294401,2.00118877927283e-07,1.098934674102348,2.00118877927283e-07,1.101026658411227
2.001220860008082e-07,2.285509674835761e-09,2.001220860008082e-07,1.940485760897701e-09,2.001220860008082e-07,1.116782410912874e-10,2.001220860008082e-07,1.413271377327544e-10,2.001220860008082e-07,1.337100535588535e-10,2.001220860008082e-07,1.325290456270047e-10,2.001220860008082e-07,-6.519115369603877e-10,2.001220860008082e-07,-1.089974332862796e-08,2.001220860008082e-07,-6.986136598311547e-09,2.001220860008082e-07,0.5686893911567248,2.001220860008082e-07,1.099999812688026,2.001220860008082e-07,1.099999814021939,2.001220860008082e-07,1.099999813245061,2.001220860008082e-07,1.099999813175268,2.001220860008082e-07,1.098855416260596,2.001220860008082e-07,1.098820691641809,2.001220860008082e-07,1.099015531342952,2.001220860008082e-07,1.1011509783588
2.001269998593493e-07,2.150628034303587e-09,2.001269998593493e-07,2.160803779630699e-09,2.001269998593493e-07,9.322086230375124e-11,2.001269998593493e-07,1.145573546102762e-10,2.001269998593493e-07,1.075019908565699e-10,2.001269998593493e-07,1.066936470151933e-10,2.001269998593493e-07,-1.583327659976542e-10,2.001269998593493e-07,-8.104133034898489e-09,2.001269998593493e-07,2.087725788913024e-09,2.001269998593493e-07,0.5887033350781711,2.001269998593493e-07,1.099999827049786,2.001269998593493e-07,1.099999828368994,2.001269998593493e-07,1.099999827604082,2.001269998593493e-07,1.099999827883368,2.001269998593493e-07,1.099093035214088,2.001269998593493e-07,1.099058427798745,2.001269998593493e-07,1.099243881381202,2.001269998593493e-07,1.101434568059511
2.001309783925241e-07,1.328305470997023e-09,2.001309783925241e-07,1.82157465922771e-09,2.001309783925241e-07,2.638021654336466e-11,2.001309783925241e-07,3.609038229428448e-11,2.001309783925241e-07,3.139820809428781e-11,2.001309783925241e-07,3.124719199163493e-11,2.001309783925241e-07,-1.356224847675966e-10,2.001309783925241e-07,-5.587818753101443e-09,2.001309783925241e-07,3.14073736942351e-09,2.001309783925241e-07,0.603672500672082,2.001309783925241e-07,1.099999838547295,2.001309783925241e-07,1.09999983980943,2.001309783925241e-07,1.099999839051338,2.001309783925241e-07,1.099999839579588,2.001309783925241e-07,1.099392692213409,2.001309783925241e-07,1.099355449822475,2.001309783925241e-07,1.099533039194881,2.001309783925241e-07,1.10176096595871
2.001363977248834e-07,1.244968244145161e-09,2.001363977248834e-07,1.501047122813938e-09,2.001363977248834e-07,4.701110390513761e-11,2.001363977248834e-07,5.152077970497703e-11,2.001363977248834e-07,4.844146680016093e-11,2.001363977248834e-07,4.892958894999601e-11,2.001363977248834e-07,5.7312939375326e-11,2.001363977248834e-07,-1.775885322656541e-09,2.001363977248834e-07,4.368671446143277e-09,2.001363977248834e-07,0.6224000634251856,2.001363977248834e-07,1.0999998529375,2.001363977248834e-07,1.099999854081296,2.001363977248834e-07,1.099999853348206,2.001363977248834e-07,1.099999854219686,2.001363977248834e-07,1.099973918094733,2.001363977248834e-07,1.099931203191646,2.001363977248834e-07,1.100098490868024,2.001363977248834e-07,1.102369527443815
2.001441769205091e-07,4.44174748636589e-10,2.001441769205091e-07,8.572674995560362e-10,2.001441769205091e-07,-7.39349628261093e-12,2.001441769205091e-07,-4.894994847327995e-12,2.001441769205091e-07,-6.518256194574061e-12,2.001441769205091e-07,-5.683665147985437e-12,2.001441769205091e-07,1.337411001010627e-11,2.001441769205091e-07,4.030925636990985e-09,2.001441769205091e-07,6.206247506245876e-09,2.001441769205091e-07,0.6460410297697661,2.001441769205091e-07,1.099999872806715,2.001441769205091e-07,1.099999873803723,2.001441769205091e-07,1.099999873056656,2.001441769205091e-07,1.099999873982571,2.001441769205091e-07,1.101208959307088,2.001441769205091e-07,1.101155390304464,2.001441769205091e-07,1.101303703205946,2.001441769205091e-07,1.1036214562059
2.001543611451123e-07,4.428848943524155e-10,2.001543611451123e-07,4.0778409573322e-10,2.001543611451123e-07,2.39691712592144e-11,2.001543611451123e-07,2.512843767703127e-11,2.001543611451123e-07,2.453299462994938e-11,2.001543611451123e-07,2.550256526942719e-11,2.001543611451123e-07,1.108172586113596e-10,2.001543611451123e-07,1.176618069065074e-08,2.001543611451123e-07,8.629109247231534e-09,2.001543611451123e-07,0.6718004509579578,2.001543611451123e-07,1.09999989552108,2.001543611451123e-07,1.099999896284661,2.001543611451123e-07,1.099999895585127,2.001543611451123e-07,1.099999895901167,2.001543611451123e-07,1.103588945157627,2.001543611451123e-07,1.103537641291325,2.001543611451123e-07,1.103645353057258,2.001543611451123e-07,1.105999090705387
2.001676106230996e-07,-6.267263842627104e-11,2.001676106230996e-07,2.768990188119334e-11,2.001676106230996e-07,-1.81829748796165e-11,2.001676106230996e-07,-1.720797784413224e-11,2.001676106230996e-07,-1.767781753062882e-11,2.001676106230996e-07,-1.676057610865056e-11,2.001676106230996e-07,2.428761447764951e-11,2.001676106230996e-07,1.967223426825979e-08,2.001676106230996e-07,1.034984342126572e-08,2.001676106230996e-07,0.6977436680164474,2.001676106230996e-07,1.099999921094791,2.001676106230996e-07,1.099999921615357,2.001676106230996e-07,1.099999920997335,2.001676106230996e-07,1.099999920924343,2.001676106230996e-07,1.107745412102142,2.001676106230996e-07,1.107741353377505,2.001676106230996e-07,1.107766045936097,2.001676106230996e-07,1.110073777206861
2.001860772436327e-07,1.696014996000923e-10,2.001860772436327e-07,-3.956039825481527e-11,2.001860772436327e-07,1.984843867771008e-11,2.001860772436327e-07,2.014872405143257e-11,2.001860772436327e-07,1.993672440865448e-11,2.001860772436327e-07,2.047818734314233e-11,2.001860772436327e-07,6.308440380598441e-11,2.001860772436327e-07,2.425355878815986e-08,2.001860772436327e-07,1.046978454801694e-08,2.001860772436327e-07,0.7228316292644951,2.001860772436327e-07,1.099999947434647,2.001860772436327e-07,1.099999947596586,2.001860772436327e-07,1.099999947224517,2.001860772436327e-07,1.099999947047949,2.001860772436327e-07,1.11444212013545,2.001860772436327e-07,1.114547653626171,2.001860772436327e-07,1.114412902712292,2.001860772436327e-07,1.116432170506534
2.002027334245163e-07,-1.441274851689222e-10,2.002027334245163e-07,-1.000428173496646e-10,2.002027334245163e-07,-1.849428245498655e-11,2.002027334245163e-07,-1.82159616709887e-11,2.002027334245163e-07,-1.8522954914481e-11,2.002027334245163e-07,-1.786211963091302e-11,2.002027334245163e-07,-6.343315093618781e-11,2.002027334245163e-07,2.239973389374675e-08,2.002027334245163e-07,8.688397372303067e-09,2.002027334245163e-07,0.7373173202674438,2.002027334245163e-07,1.099999964525862,2.002027334245163e-07,1.099999964455304,2.002027334245163e-07,1.099999964241987,2.002027334245163e-07,1.099999963971398,2.002027334245163e-07,1.120336045672706,2.002027334245163e-07,1.120418704361301,2.002027334245163e-07,1.119871655786336,2.002027334245163e-07,1.121474643468439
2.00219780258787e-07,1.49394053779905e-10,2.00219780258787e-07,-3.564902427927106e-11,2.00219780258787e-07,1.969254845236396e-11,2.00219780258787e-07,1.943692606964683e-11,2.00219780258787e-07,1.931457079499281e-11,2.00219780258787e-07,2.021558218531771e-11,2.00219780258787e-07,-5.566470698897162e-11,2.00219780258787e-07,1.547510187722781e-08,2.00219780258787e-07,5.747572217718589e-09,2.00219780258787e-07,0.7468220804846515,2.00219780258787e-07,1.099999976032651,2.00219780258787e-07,1.099999975801936,2.00219780258787e-07,1.099999975734446,2.00219780258787e-07,1.099999975444203,2.00219780258787e-07,1.125033766706893,2.00219780258787e-07,1.124841069045206,2.00219780258787e-07,1.123663215195142,2.00219780258787e-07,1.124783912223306
2.002385439424588e-07,-1.394389348130845e-10,2.002385439424588e-07,-7.578183576939684e-11,2.002385439424588e-07,-1.804377473146818e-11,2.002385439424588e-07,-1.80241359101221e-11,2.002385439424588e-07,-1.812739371010658e-11,2.002385439424588e-07,-1.664344067387259e-11,2.002385439424588e-07,-1.404972748635884e-10,2.002385439424588e-07,7.776405598866395e-09,2.002385439424588e-07,3.037141707999616e-09,2.002385439424588e-07,0.7532633854769535,2.002385439424588e-07,1.099999984991992,2.002385439424588e-07,1.099999984767829,2.002385439424588e-07,1.099999984724095,2.002385439424588e-07,1.099999984460571,2.002385439424588e-07,1.128172766437687,2.002385439424588e-07,1.127640953157498,2.002385439424588e-07,1.125892409365535,2.002385439424588e-07,1.126599307822726
2.002638778080108e-07,1.44792394356744e-10,2.002638778080108e-07,-1.28774210463674e-11,2.002638778080108e-07,1.968666340369783e-11,2.002638778080108e-07,1.918751612191463e-11,2.002638778080108e-07,1.916765208023452e-11,2.002638778080108e-07,2.007783304336306e-11,2.002638778080108e-07,-3.436801168398021e-11,2.002638778080108e-07,2.737401245201857e-09,2.002638778080108e-07,1.232581285952048e-09,2.002638778080108e-07,0.7580350785183049,2.002638778080108e-07,1.099999991722494,2.002638778080108e-07,1.09999999147427,2.002638778080108e-07,1.099999991514192,2.002638778080108e-07,1.099999991264102,2.002638778080108e-07,1.130177448223522,2.002638778080108e-07,1.12941065636013,2.002638778080108e-07,1.127260863946975,2.002638778080108e-07,1.127631576498979
2.002855835506332e-07,-1.347741014005014e-10,2.002855835506332e-07,-5.636947470184022e-11,2.002855835506332e-07,-1.794626869570134e-11,2.002855835506332e-07,-1.781280825172641e-11,2.002855835506332e-07,-1.78810560091938e-11,2.002855835506332e-07,-1.716804067988719e-11,2.002855835506332e-07,-6.650749472849535e-11,2.002855835506332e-07,1.095686393450085e-09,2.002855835506332e-07,4.946408368007565e-10,2.002855835506332e-07,0.7600358544235462,2.002855835506332e-07,1.099999995343604,2.002855835506332e-07,1.09999999515092,2.002855835506332e-07,1.099999995175298,2.002855835506332e-07,1.099999994965366,2.002855835506332e-07,1.130826166505733,2.002855835506332e-07,1.130011225312669,2.002855835506332e-07,1.127703558974494,2.002855835506332e-07,1.12793954955266
2.003130331860708e-07,1.404366903738111e-10,2.003130331860708e-07,-3.518581857458477e-13,2.003130331860708e-07,1.948954077905455e-11,2.003130331860708e-07,1.919304839475082e-11,2.003130331860708e-07,1.919041146401139e-11,2.003130331860708e-07,1.936900368916254e-11,2.003130331860708e-07,2.902673333305211e-11,2.003130331860708e-07,3.520619471774613e-10,2.003130331860708e-07,2.317038189298779e-10,2.003130331860708e-07,0.7612533231273007,2.003130331860708e-07,1.099999997394933,2.003130331860708e-07,1.099999997215315,2.003130331860708e-07,1.099999997276878,2.003130331860708e-07,1.099999997102934,2.003130331860708e-07,1.131097806715472,2.003130331860708e-07,1.130294834779566,2.003130331860708e-07,1.127906230632062,2.003130331860708e-07,1.128063690376989
2.003480243802801e-07,-1.316024407346371e-10,2.003480243802801e-07,-4.406066446502451e-11,2.003480243802801e-07,-1.784899044096724e-11,2.003480243802801e-07,-1.757265939945644e-11,2.003480243802801e-07,-1.764439645291003e-11,2.003480243802801e-07,-1.731368207150394e-11,2.003480243802801e-07,-2.571236791875368e-11,2.003480243802801e-07,6.417109453052415e-11,2.003480243802801e-07,2.64010149527819e-11,2.003480243802801e-07,0.761818368519842,2.003480243802801e-07,1.099999999068131,2.003480243802801e-07,1.099999998970521,2.003480243802801e-07,1.099999998987065,2.003480243802801e-07,1.099999998879519,2.003480243802801e-07,1.131120557788443,2.003480243802801e-07,1.130361982750139,2.003480243802801e-07,1.127960592498187,2.003480243802801e-07,1.128062952308638
2.004012068821414e-07,1.380510286759727e-10,2.004012068821414e-07,9.767038471440869e-12,2.004012068821414e-07,1.938850160824775e-11,2.004012068821414e-07,1.911554194844873e-11,2.004012068821414e-07,1.914800294908853e-11,2.004012068821414e-07,1.905041729699442e-11,2.004012068821414e-07,4.384841599840279e-11,2.004012068821414e-07,6.458734371275059e-12,2.004012068821414e-07,6.115829176010969e-11,2.004012068821414e-07,0.7619717615375374,2.004012068821414e-07,1.099999999559669,2.004012068821414e-07,1.099999999489526,2.004012068821414e-07,1.099999999526486,2.004012068821414e-07,1.099999999463312,2.004012068821414e-07,1.13098166591282,2.004012068821414e-07,1.130292094862067,2.004012068821414e-07,1.127937276458883,2.004012068821414e-07,1.127977893648251
2.004793713624241e-07,-1.300546364763477e-10,2.004793713624241e-07,-3.434191961431532e-11,2.004793713624241e-07,-1.779169489890263e-11,2.004793713624241e-07,-1.749853790267534e-11,2.004793713624241e-07,-1.755588700353097e-11,2.004793713624241e-07,-1.736686594939482e-11,2.004793713624241e-07,-2.380352287125912e-11,2.004793713624241e-07,-1.449495906155408e-11,2.004793713624241e-07,-1.676409240037407e-11,2.004793713624241e-07,0.7619114668023831,2.004793713624241e-07,1.100000000051912,2.004793713624241e-07,1.100000000052433,2.004793713624241e-07,1.100000000035288,2.004793713624241e-07,1.100000000028192,2.004793713624241e-07,1.130711462820346,2.004793713624241e-07,1.130110350199539,2.004793713624241e-07,1.127858726425896,2.004793713624241e-07,1.127819482093369
2.006157502336505e-07,1.370807274573019e-10,2.006157502336505e-07,1.806317476433674e-11,2.006157502336505e-07,1.935143611446307e-11,2.006157502336505e-07,1.90723952606323e-11,2.006157502336505e-07,1.911704672389908e-11,2.006157502336505e-07,1.89556677206016e-11,2.006157502336505e-07,4.087595181809076e-11,2.006157502336505e-07,3.285391707768888e-13,2.006157502336505e-07,5.543422191261098e-11,2.006157502336505e-07,0.7618641261763607,2.006157502336505e-07,1.099999999823728,2.006157502336505e-07,1.09999999981081,2.006157502336505e-07,1.099999999826205,2.006157502336505e-07,1.099999999822168,2.006157502336505e-07,1.130223931486541,2.006157502336505e-07,1.129767261627849,2.006157502336505e-07,1.127712343703953,2.006157502336505e-07,1.12753807266971
2.00840556362606e-07,-1.294853063331555e-10,2.00840556362606e-07,-2.704082420548519e-11,2.00840556362606e-07,-1.776997135530718e-11,2.00840556362606e-07,-1.747853064217008e-11,2.00840556362606e-07,-1.753096046413663e-11,2.00840556362606e-07,-1.736114399260199e-11,2.00840556362606e-07,-2.630309974981042e-11,2.00840556362606e-07,-1.38459096183324e-11,2.00840556362606e-07,-2.058087933900337e-11,2.00840556362606e-07,0.7618711250255628,2.00840556362606e-07,1.10000000008368,2.00840556362606e-07,1.100000000098471,2.00840556362606e-07,1.100000000079786,2.00840556362606e-07,1.100000000086398,2.00840556362606e-07,1.129410565942895,2.00840556362606e-07,1.129177574943686,2.00840556362606e-07,1.1274638637264,2.00840556362606e-07,1.127062731457502
2.012297859948854e-07,1.367435558611332e-10,2.012297859948854e-07,2.31120292221472e-11,2.012297859948854e-07,1.933857076907077e-11,2.012297859948854e-07,1.905526669446843e-11,2.012297859948854e-07,1.910377485352514e-11,2.012297859948854e-07,1.893494815287146e-11,2.012297859948854e-07,3.856471411731956e-11,2.012297859948854e-07,1.49969012813536e-12,2.012297859948854e-07,5.108403075445115e-11,2.012297859948854e-07,0.7618678493843865,2.012297859948854e-07,1.099999999824099,2.012297859948854e-07,1.099999999809047,2.012297859948854e-07,1.099999999828096,2.012297859948854e-07,1.099999999821164,2.012297859948854e-07,1.127988071345573,2.012297859948854e-07,1.128108212344473,2.012297859948854e-07,1.127027649133096,2.012297859948854e-07,1.126198574748443
2.017773432982445e-07,-1.292734976249952e-10,2.017773432982445e-07,-2.351797446999917e-11,2.017773432982445e-07,-1.776192367413399e-11,2.017773432982445e-07,-1.747024938665295e-11,2.017773432982445e-07,-1.752183097366279e-11,2.017773432982445e-07,-1.735291153566759e-11,2.017773432982445e-07,-2.773873610842504e-11,2.017773432982445e-07,-1.186715718857985e-11,2.017773432982445e-07,-2.493252702171344e-11,2.017773432982445e-07,0.7618691393354572,2.017773432982445e-07,1.100000000083565,2.017773432982445e-07,1.10000000009869,2.017773432982445e-07,1.100000000079534,2.017773432982445e-07,1.10000000008656,2.017773432982445e-07,1.12597633572906,2.017773432982445e-07,1.126514183410632,2.017773432982445e-07,1.126363013119132,2.017773432982445e-07,1.124877646774256
2.026399793831889e-07,1.365994475129223e-10,2.026399793831889e-07,2.520626763281062e-11,2.026399793831889e-07,1.933311604383176e-11,2.026399793831889e-07,1.904923115151196e-11,2.026399793831889e-07,1.909868926285154e-11,2.026399793831889e-07,1.89288708520937e-11,2.026399793831889e-07,3.759153216983954e-11,2.026399793831889e-07,3.934164844361153e-12,2.026399793831889e-07,4.656347530567127e-11,2.026399793831889e-07,0.761866773586437,2.026399793831889e-07,1.099999999824175,2.026399793831889e-07,1.099999999809016,2.026399793831889e-07,1.099999999828219,2.026399793831889e-07,1.099999999821148,2.026399793831889e-07,1.12282777372429,2.026399793831889e-07,1.123870249739822,2.026399793831889e-07,1.125132521212198,2.026399793831889e-07,1.122565781400263
2.038915343369263e-07,-1.291792218348245e-10,2.038915343369263e-07,-2.217385105153442e-11,2.038915343369263e-07,-1.775834532468676e-11,2.038915343369263e-07,-1.746589665443841e-11,2.038915343369263e-07,-1.751727244390683e-11,2.038915343369263e-07,-1.734798186886926e-11,2.038915343369263e-07,-2.829978330570551e-11,2.038915343369263e-07,-8.746270114611491e-12,2.038915343369263e-07,-2.917219226679585e-11,2.038915343369263e-07,0.7618669531800072,2.038915343369263e-07,1.100000000083525,2.038915343369263e-07,1.100000000098691,2.038915343369263e-07,1.100000000079473,2.038915343369263e-07,1.100000000086556,2.038915343369263e-07,1.118411824619331,2.038915343369263e-07,1.119920367896722,2.038915343369263e-07,1.122811583574172,2.038915343369263e-07,1.118872768185611
2.058752549276154e-07,1.3653658246209e-10,2.058752549276154e-07,2.595260656404475e-11,2.058752549276154e-07,1.933073933421891e-11,2.058752549276154e-07,1.904701255763476e-11,2.058752549276154e-07,1.909705782805483e-11,2.058752549276154e-07,1.892703566346968e-11,2.058752549276154e-07,3.728243966771228e-11,2.058752549276154e-07,6.839549135464595e-12,2.058752549276154e-07,4.292821064545141e-11,2.058752549276154e-07,0.7618642337328551,2.058752549276154e-07,1.099999999824213,2.058752549276154e-07,1.099999999809036,2.058752549276154e-07,1.09999999982827,2.058752549276154e-07,1.099999999821171,2.058752549276154e-07,1.111941849316186,2.058752549276154e-07,1.113793491091498,2.058752549276154e-07,1.117927682170601,2.058752549276154e-07,1.112851423504575
2.088427406528011e-07,-1.291388827082449e-10,2.088427406528011e-07,-2.172845926814013e-11,2.088427406528011e-07,-1.775680942363045e-11,2.088427406528011e-07,-1.746382072918179e-11,2.088427406528011e-07,-1.751474691688448e-11,2.088427406528011e-07,-1.734529885924512e-11,2.088427406528011e-07,-2.844911794305894e-11,2.088427406528011e-07,-7.110771252678845e-12,2.088427406528011e-07,-3.225522276289772e-11,2.088427406528011e-07,0.7618636809273449,2.088427406528011e-07,1.100000000083516,2.088427406528011e-07,1.100000000098692,2.088427406528011e-07,1.100000000079455,2.088427406528011e-07,1.100000000086556,2.088427406528011e-07,1.103500803297423,2.088427406528011e-07,1.105394902112777,2.088427406528011e-07,1.109753337703332,2.088427406528011e-07,1.104502670042769
2.123352943304101e-07,1.365065829765516e-10,2.123352943304101e-07,2.614904446253891e-11,2.123352943304101e-07,1.932960277567104e-11,2.123352943304101e-07,1.90456669774808e-11,2.123352943304101e-07,1.909621872039199e-11,2.123352943304101e-07,1.892611987147565e-11,2.123352943304101e-07,3.723237426357841e-11,2.123352943304101e-07,7.264480735714144e-12,2.123352943304101e-07,4.074123297117871e-11,2.123352943304101e-07,0.7618610251667916,2.123352943304101e-07,1.099999999824235,2.123352943304101e-07,1.099999999809053,2.123352943304101e-07,1.099999999828297,2.123352943304101e-07,1.09999999982119,2.123352943304101e-07,1.095154541286113,2.123352943304101e-07,1.096795602526677,2.123352943304101e-07,1.100813992653664,2.123352943304101e-07,1.096026891292303
2.169672605045206e-07,-1.291148037345886e-10,2.169672605045206e-07,-2.16694614097143e-11,2.169672605045206e-07,-1.775589287931656e-11,2.169672605045206e-07,-1.746359788107388e-11,2.169672605045206e-07,-1.751429677055136e-11,2.169672605045206e-07,-1.734467144638926e-11,2.169672605045206e-07,-2.843493776496593e-11,2.169672605045206e-07,-6.978965367826838e-12,2.169672605045206e-07,-3.363433066971639e-11,2.169672605045206e-07,0.7618605436056549,2.169672605045206e-07,1.100000000083509,2.169672605045206e-07,1.100000000098691,2.169672605045206e-07,1.100000000079445,2.169672605045206e-07,1.100000000086553,2.169672605045206e-07,1.085971113682386,2.169672605045206e-07,1.087230481937518,2.169672605045206e-07,1.090721571562136,2.169672605045206e-07,1.086632834508452
2.255385321665166e-07,1.364906002936426e-10,2.255385321665166e-07,2.617084075163808e-11,2.255385321665166e-07,1.932899692222277e-11,2.255385321665166e-07,1.904348240603198e-11,2.255385321665166e-07,1.909418812575045e-11,2.255385321665166e-07,1.892410874571915e-11,2.255385321665166e-07,3.725854527441429e-11,2.255385321665166e-07,7.318943310140899e-12,2.255385321665166e-07,3.953306855742686e-11,2.255385321665166e-07,0.7618572348011251,2.255385321665166e-07,1.099999999824247,2.255385321665166e-07,1.099999999809063,2.255385321665166e-07,1.099999999828312,2.255385321665166e-07,1.099999999821201,2.255385321665166e-07,1.072889910758854,2.255385321665166e-07,1.073508551737102,2.255385321665166e-07,1.07609586260263,2.255385321665166e-07,1.073292334429616
2.374039296450237e-07,-1.291051734629154e-10,2.374039296450237e-07,-2.166515819797115e-11,2.374039296450237e-07,-1.775552635696725e-11,2.374039296450237e-07,-1.746517233574758e-11,2.374039296450237e-07,-1.751585282790391e-11,2.374039296450237e-07,-1.734611874656128e-11,2.374039296450237e-07,-2.837867111390135e-11,2.374039296450237e-07,-6.908797541696196e-12,2.374039296450237e-07,-3.451450416988755e-11,2.374039296450237e-07,0.7618561331488908,2.374039296450237e-07,1.100000000083509,2.374039296450237e-07,1.100000000098692,2.374039296450237e-07,1.100000000079443,2.374039296450237e-07,1.100000000086554,2.374039296450237e-07,1.060119502711772,2.374039296450237e-07,1.060496818145273,2.374039296450237e-07,1.06215321382032,2.374039296450237e-07,1.060387608960593
2.5e-07,1.364827479190504e-10,2.5e-07,2.617067745392391e-11,2.5e-07,1.932869859255882e-11,2.5e-07,1.904110338820401e-11,2.5e-07,1.909183058253676e-11,2.5e-07,1.892178165707476e-11,2.5e-07,3.731721829760567e-11,2.5e-07,7.335372288385885e-12,2.5e-07,3.896495699973729e-11,2.5e-07,0.7618533936584788,2.5e-07,1.099999999824253,2.5e-07,1.099999999809069,2.5e-07,1.099999999828319,2.5e-07,1.099999999821207,2.5e-07,1.050716625290945,2.5e-07,1.050975190762069,2.5e-07,1.052214977849796,2.5e-07,1.050910943207304
2.501e-07,3.810111881278403e-12,2.501e-07,2.269207573270362e-12,2.501e-07,7.911949981099434e-13,2.501e-07,7.890450295638782e-13,2.501e-07,7.918516895871504e-13,2.501e-07,7.922373874334848e-13,2.501e-07,4.317334716716775e-12,2.501e-07,-1.87917278469004e-11,2.501e-07,-1.066692773273291e-11,2.501e-07,0.6258173607037917,2.501e-07,1.099999978783737,2.501e-07,1.099999976289337,2.501e-07,1.099999978680342,2.501e-07,3.329650858663898e-07,2.501e-07,1.050653734123963,2.501e-07,1.050909981944417,2.501e-07,1.052106589923179,2.501e-07,1.050313972824478
2.501135743559196e-07,3.697736520896949e-12,2.501135743559196e-07,2.260813955823941e-12,2.501135743559196e-07,7.885564039319592e-13,2.501135743559196e-07,7.207149855564998e-13,2.501135743559196e-07,7.897541689643221e-13,2.501135743559196e-07,7.888523170961162e-13,2.501135743559196e-07,6.662758927975765e-12,2.501135743559196e-07,6.477456865471481e-11,2.501135743559196e-07,3.107629881300951e-11,2.501135743559196e-07,0.6110985802112675,2.501135743559196e-07,1.099999977729989,2.501135743559196e-07,1.099999975115333,2.501135743559196e-07,1.099999977646751,2.501135743559196e-07,2.548772518393088e-07,2.501135743559196e-07,1.050647815396079,2.501135743559196e-07,1.050905500148614,2.501135743559196e-07,1.05210994106461,2.501135743559196e-07,1.050273369974558
2.501401681820496e-07,3.761625107689897e-12,2.501401681820496e-07,2.342748195163642e-12,2.501401681820496e-07,7.811159622367119e-13,2.501401681820496e-07,9.919813555024599e-13,2.501401681820496e-07,7.868549073819269e-13,2.501401681820496e-07,8.031283617785559e-13,2.501401681820496e-07,3.765021377600858e-12,2.501401681820496e-07,1.715242765167622e-11,2.501401681820496e-07,8.876610942355051e-12,2.501401681820496e-07,0.5875346918534395,2.501401681820496e-07,1.099999977526408,2.501401681820496e-07,1.099999974874311,2.501401681820496e-07,1.099999977438268,2.501401681820496e-07,1.876769402300496e-07,2.501401681820496e-07,1.050632951255464,2.501401681820496e-07,1.050892060566444,2.501401681820496e-07,1.052101978792518,2.501401681820496e-07,1.050197726601357
2.501655720952382e-07,3.519551574884057e-12,2.501655720952382e-07,2.056385262903034e-12,2.501655720952382e-07,7.946119260062675e-13,2.501655720952382e-07,9.228365699492444e-13,2.501655720952382e-07,8.011922612133741e-13,2.501655720952382e-07,7.616149750607664e-13,2.501655720952382e-07,4.214197120373403e-12,2.501655720952382e-07,-1.554849256657205e-11,2.501655720952382e-07,4.209168074703515e-12,2.501655720952382e-07,0.573693343154715,2.501655720952382e-07,1.099999979957524,2.501655720952382e-07,1.099999977576306,2.501655720952382e-07,1.099999979878021,2.501655720952382e-07,1.307099673227713e-07,2.501655720952382e-07,1.050616765319816,2.501655720952382e-07,1.050875728594225,2.501655720952382e-07,1.052085620565141,2.501655720952382e-07,1.05014415022765
2.502077217603799e-07,3.877479644698242e-12,2.502077217603799e-07,2.452914670886167e-12,2.502077217603799e-07,7.783723577331427e-13,2.502077217603799e-07,8.208563674646603e-13,2.502077217603799e-07,7.733115204677087e-13,2.502077217603799e-07,8.14188784176142e-13,2.502077217603799e-07,4.59666808330381e-12,2.502077217603799e-07,1.765077685141983e-11,2.502077217603799e-07,1.044957487540181e-11,2.502077217603799e-07,0.5625645596686197,2.502077217603799e-07,1.09999998574732,2.502077217603799e-07,1.099999984028019,2.502077217603799e-07,1.099999985679043,2.502077217603799e-07,6.439116640134887e-08,2.502077217603799e-07,1.050590622239233,2.502077217603799e-07,1.050848979401946,2.502077217603799e-07,1.052062203529972,2.502077217603799e-07,1.05009295711846
2.502553213959182e-07,3.490086816600185e-12,2.502553213959182e-07,2.044827548379449e-12,2.502553213959182e-07,7.947826210402772e-13,2.502553213959182e-07,8.337494903702601e-13,2.502553213959182e-07,8.016391167290069e-13,2.502553213959182e-07,7.573200535482686e-13,2.502553213959182e-07,3.992917967265461e-12,2.502553213959182e-07,-1.680838066274193e-11,2.502553213959182e-07,-2.028195282870827e-12,2.502553213959182e-07,0.5592438291867765,2.502553213959182e-07,1.099999991689904,2.502553213959182e-07,1.099999990688412,2.502553213959182e-07,1.099999991632638,2.502553213959182e-07,2.783116480182842e-08,2.502553213959182e-07,1.050560682212833,2.502553213959182e-07,1.050817969383272,2.502553213959182e-07,1.052031811917202,2.502553213959182e-07,1.050058919720589
2.50304764688286e-07,3.901978165453849e-12,2.50304764688286e-07,2.465626495825685e-12,2.50304764688286e-07,7.790126875884875e-13,2.50304764688286e-07,8.14304288056466e-13,2.50304764688286e-07,7.737675438396366e-13,2.50304764688286e-07,8.171480521890849e-13,2.50304764688286e-07,4.922642549228617e-12,2.50304764688286e-07,1.336346069866433e-11,2.50304764688286e-07,8.226826754890853e-12,2.50304764688286e-07,0.5590781057839709,2.50304764688286e-07,1.099999995667812,2.50304764688286e-07,1.099999995154343,2.50304764688286e-07,1.099999995625879,2.50304764688286e-07,1.235778467829152e-08,2.50304764688286e-07,1.050530347688045,2.50304764688286e-07,1.050786843012781,2.50304764688286e-07,1.052001823455635,2.50304764688286e-07,1.05003290946152
2.503621186467966e-07,3.47269137793807e-12,2.503621186467966e-07,2.038162152392004e-12,2.503621186467966e-07,7.937381854787522e-13,2.503621186467966e-07,7.854600589105212e-13,2.503621186467966e-07,7.981042195478352e-13,2.503621186467966e-07,7.54618093099265e-13,2.503621186467966e-07,3.994879297122044e-12,2.503621186467966e-07,-1.21881276490947e-11,2.503621186467966e-07,-3.423180522602918e-12,2.503621186467966e-07,0.5595515779588986,2.503621186467966e-07,1.099999998065049,2.503621186467966e-07,1.099999997847337,2.503621186467966e-07,1.099999998034332,2.503621186467966e-07,4.953640098392552e-09,2.503621186467966e-07,1.050495031933839,2.503621186467966e-07,1.050750915448175,2.503621186467966e-07,1.05196501430833,2.503621186467966e-07,1.050001365220329
2.504411724922009e-07,3.913944467784186e-12,2.504411724922009e-07,2.470308796784117e-12,2.504411724922009e-07,7.800552555447367e-13,2.504411724922009e-07,8.069033640165057e-13,2.504411724922009e-07,7.761749381774514e-13,2.504411724922009e-07,8.195740681004817e-13,2.504411724922009e-07,5.00454288793632e-12,2.504411724922009e-07,1.113654026821171e-11,2.504411724922009e-07,7.717515849531355e-12,2.504411724922009e-07,0.5600374910222879,2.504411724922009e-07,1.099999999393615,2.504411724922009e-07,1.099999999334478,2.504411724922009e-07,1.099999999380106,2.504411724922009e-07,1.512667460806362e-09,2.504411724922009e-07,1.050446953618432,2.504411724922009e-07,1.050702244179775,2.504411724922009e-07,1.051914667182667,2.504411724922009e-07,1.04995596669488
2.50542256752016e-07,3.464592431400795e-12,2.50542256752016e-07,2.034915727455195e-12,2.50542256752016e-07,7.928643388916831e-13,2.50542256752016e-07,7.682579229139538e-13,2.50542256752016e-07,7.960568702755741e-13,2.50542256752016e-07,7.530153121036343e-13,2.50542256752016e-07,3.978931961815565e-12,2.50542256752016e-07,-9.69053118217694e-12,2.50542256752016e-07,-3.352967407275817e-12,2.50542256752016e-07,0.5602863074864443,2.50542256752016e-07,1.099999999850765,2.50542256752016e-07,1.099999999839926,2.50542256752016e-07,1.099999999843414,2.50542256752016e-07,2.214562057464323e-10,2.50542256752016e-07,1.050385348023499,2.50542256752016e-07,1.050639915007657,2.50542256752016e-07,1.051848779233372,2.50542256752016e-07,1.049894695845896
2.506794180416782e-07,3.919459261993858e-12,2.506794180416782e-07,2.472249768134899e-12,2.506794180416782e-07,7.807555212242286e-13,2.506794180416782e-07,8.083793381759258e-13,2.506794180416782e-07,7.78008516183485e-13,2.506794180416782e-07,8.210372177329032e-13,2.506794180416782e-07,5.00537714015032e-12,2.506794180416782e-07,9.569457709347961e-12,2.506794180416782e-07,7.504210157507581e-12,2.506794180416782e-07,0.5603620640540077,2.506794180416782e-07,1.099999999948678,2.506794180416782e-07,1.099999999947248,2.506794180416782e-07,1.099999999949389,2.506794180416782e-07,7.791334225833871e-11,2.506794180416782e-07,1.05030228298028,2.506794180416782e-07,1.050555819908894,2.506794180416782e-07,1.051760076803878,2.506794180416782e-07,1.049811434296913
2.508785091523358e-07,3.460902660585991e-12,2.508785091523358e-07,2.033667711960973e-12,2.508785091523358e-07,7.923494444895472e-13,2.508785091523358e-07,7.63991137596093e-13,2.508785091523358e-07,7.949996302757893e-13,2.508785091523358e-07,7.520578418181755e-13,2.508785091523358e-07,3.978167697385857e-12,2.508785091523358e-07,-8.616046664206655e-12,2.508785091523358e-07,-3.217912618076239e-12,2.508785091523358e-07,0.5603685369301815,2.508785091523358e-07,1.099999999954641,2.508785091523358e-07,1.0999999999545,2.508785091523358e-07,1.099999999952905,2.508785091523358e-07,-5.868646725075461e-11,2.508785091523358e-07,1.050181939911526,2.508785091523358e-07,1.050433923595958,2.508785091523358e-07,1.051631139526078,2.508785091523358e-07,1.049690997933179
2.512210380752555e-07,3.921734018082177e-12,2.512210380752555e-07,2.472991773725263e-12,2.512210380752555e-07,7.810919553241824e-13,2.512210380752555e-07,8.102505186625406e-13,2.512210380752555e-07,7.788649275229537e-13,2.512210380752555e-07,8.217080761594928e-13,2.512210380752555e-07,5.005090559807546e-12,2.512210380752555e-07,8.870416085375487e-12,2.512210380752555e-07,7.392959680460591e-12,2.512210380752555e-07,0.5603679474195614,2.512210380752555e-07,1.099999999953553,2.512210380752555e-07,1.099999999953663,2.512210380752555e-07,1.099999999955334,2.512210380752555e-07,6.353522390357504e-11,2.512210380752555e-07,1.049976571221959,2.512210380752555e-07,1.050225786394316,2.512210380752555e-07,1.05141189341557,2.512210380752555e-07,1.049488148569094
2.51906095921095e-07,3.459679570749159e-12,2.51906095921095e-07,2.033258890656329e-12,2.51906095921095e-07,7.921627630916651e-13,2.51906095921095e-07,7.62804361919105e-13,2.51906095921095e-07,7.945550892506495e-13,2.51906095921095e-07,7.516577351710824e-13,2.51906095921095e-07,3.981292507158163e-12,2.51906095921095e-07,-8.270494516084274e-12,2.51906095921095e-07,-3.169490991481129e-12,2.51906095921095e-07,0.5603679000592905,2.51906095921095e-07,1.099999999954117,2.51906095921095e-07,1.099999999954021,2.51906095921095e-07,1.099999999952323,2.51906095921095e-07,-5.740635459241379e-11,2.51906095921095e-07,1.049570862044626,2.51906095921095e-07,1.049814312013293,2.51906095921095e-07,1.050979394394514,2.51906095921095e-07,1.049093194818034
2.532762116127738e-07,3.69111579867912e-12,2.532762116127738e-07,2.25323196742807e-12,2.532762116127738e-07,7.866923677952765e-13,2.532762116127738e-07,7.868272157846645e-13,2.532762116127738e-07,7.868287537232323e-13,2.532762116127738e-07,7.867769026451094e-13,2.532762116127738e-07,4.496227387817479e-12,2.532762116127738e-07,1.569926503098793e-13,2.532762116127738e-07,2.073577261766926e-12,2.532762116127738e-07,0.5603678632635354,2.532762116127738e-07,1.099999999953923,2.532762116127738e-07,1.099999999953916,2.532762116127738e-07,1.099999999953928,2.532762116127738e-07,2.876865624652458e-12,2.532762116127738e-07,1.048780854022113,2.532762116127738e-07,1.049013273095749,2.532762116127738e-07,1.050139247969594,2.532762116127738e-07,1.048332845352483
2.560164429961315e-07,3.690698491224246e-12,2.560164429961315e-07,2.253128903538424e-12,2.560164429961315e-07,7.866247184443054e-13,2.560164429961315e-07,7.86586865839576e-13,2.560164429961315e-07,7.867365749137484e-13,2.560164429961315e-07,7.867018221179953e-13,2.560164429961315e-07,4.502815177111971e-12,2.560164429961315e-07,2.888941377522012e-13,2.560164429961315e-07,2.071177337047683e-12,2.560164429961315e-07,0.560367549704024,2.560164429961315e-07,1.099999999953845,2.560164429961315e-07,1.099999999953851,2.560164429961315e-07,1.09999999995384,2.560164429961315e-07,3.035851861641744e-12,2.560164429961315e-07,1.047282754637389,2.560164429961315e-07,1.047494932508639,2.560164429961315e-07,1.048548761604428,2.560164429961315e-07,1.046895970596474
2.61496905762847e-07,3.691120594198951e-12,2.61496905762847e-07,2.253240343746662e-12,2.61496905762847e-07,7.866923912244407e-13,2.61496905762847e-07,7.868928654601667e-13,2.61496905762847e-07,7.868497131656187e-13,2.61496905762847e-07,7.86795643255023e-13,2.61496905762847e-07,4.513166164570312e-12,2.61496905762847e-07,1.579536906898159e-13,2.61496905762847e-07,2.006134158408543e-12,2.61496905762847e-07,0.5603671677631533,2.61496905762847e-07,1.099999999953916,2.61496905762847e-07,1.099999999953909,2.61496905762847e-07,1.099999999953921,2.61496905762847e-07,2.89883748070104e-12,2.61496905762847e-07,1.044589224077791,2.61496905762847e-07,1.044767794864637,2.61496905762847e-07,1.045688700344589,2.61496905762847e-07,1.044288365072633
2.724578312962778e-07,3.69069686275716e-12,2.724578312962778e-07,2.253121341632608e-12,2.724578312962778e-07,7.86624707305642e-13,2.724578312962778e-07,7.865670834326201e-13,2.724578312962778e-07,7.867006563685672e-13,2.724578312962778e-07,7.866730979393852e-13,2.724578312962778e-07,4.534276406682039e-12,2.724578312962778e-07,2.91831626445842e-13,2.724578312962778e-07,1.963604014788681e-12,2.724578312962778e-07,0.5603662833369385,2.724578312962778e-07,1.099999999953848,2.724578312962778e-07,1.099999999953855,2.724578312962778e-07,1.099999999953844,2.724578312962778e-07,3.026690439471193e-12,2.724578312962778e-07,1.040180780464092,2.724578312962778e-07,1.040312174496286,2.724578312962778e-07,1.041021795331491,2.724578312962778e-07,1.03998362542854
2.884578312962778e-07,3.691119919087785e-12,2.884578312962778e-07,2.253238437300076e-12,2.884578312962778e-07,7.866923979749348e-13,2.884578312962778e-07,7.868672514345187e-13,2.884578312962778e-07,7.867974105031679e-13,2.884578312962778e-07,7.86761577171335e-13,2.884578312962778e-07,4.557630892408832e-12,2.884578312962778e-07,1.619373326398144e-13,2.884578312962778e-07,1.879643767081566e-12,2.884578312962778e-07,0.5603653532233704,2.884578312962778e-07,1.099999999953915,2.884578312962778e-07,1.099999999953908,2.884578312962778e-07,1.09999999995392,2.884578312962778e-07,2.904520780125472e-12,2.884578312962778e-07,1.035533363370435,2.884578312962778e-07,1.035621689313961,2.884578312962778e-07,1.036105959991006,2.884578312962778e-07,1.03542864214421
3e-07,3.69069671080566e-12,3e-07,2.25312025058864e-12,3e-07,7.866247002551799e-13,3e-07,7.865293347043887e-13,3e-07,7.866346944604129e-13,3e-07,7.866324635205861e-13,3e-07,4.574421431540472e-12,3e-07,2.957986144586273e-13,3e-07,1.875178504279697e-12,3e-07,0.5603646899823882,3e-07,1.09999999995385,3e-07,1.099999999953857,3e-07,1.099999999953846,3e-07,3.02265435291103e-12,3e-07,1.033201462224328,3e-07,1.033266999916777,3e-07,1.033627909670179,3e-07,1.033141719511823
3.001e-07,3.690760213752854e-12,3.001e-07,2.252966841503084e-12,3.001e-07,7.865791525736596e-13,3.001e-07,7.85157988953773e-13,3.001e-07,7.86656340429502e-13,3.001e-07,7.866507881180758e-13,3.001e-07,3.650865177277266e-12,3.001e-07,-1.521573739106912e-11,3.001e-07,-1.693718607276967e-11,3.001e-07,0.4397579782415795,3.001e-07,1.0999999811498,3.001e-07,1.099999978924282,3.001e-07,3.309536303265073e-07,3.001e-07,-2.340738130698677e-08,3.001e-07,1.033175673816555,3.001e-07,1.033220313725874,3.001e-07,1.033599743618907,3.001e-07,1.032708834818638
3.001135743559824e-07,3.698216574151838e-12,3.001135743559824e-07,2.257427232906332e-12,3.001135743559824e-07,7.974737445779563e-13,3.001135743559824e-07,8.213912643079202e-13,3.001135743559824e-07,7.73572169595321e-13,3.001135743559824e-07,7.895273619713654e-13,3.001135743559824e-07,1.252411533345516e-11,3.001135743559824e-07,5.211327969521779e-11,3.001135743559824e-07,4.548386062430873e-11,3.001135743559824e-07,0.4267429747875368,3.001135743559824e-07,1.099999980228489,3.001135743559824e-07,1.0999999779012,3.001135743559824e-07,2.503270195138618e-07,3.001135743559824e-07,-2.430326669687553e-08,3.001135743559824e-07,1.033181790662993,3.001135743559824e-07,1.033239399541656,3.001135743559824e-07,1.033598571799013,3.001135743559824e-07,1.032663550393904
3.001401610712246e-07,3.677096197615824e-12,3.001401610712246e-07,2.268579282612072e-12,3.001401610712246e-07,7.590131664074697e-13,3.001401610712246e-07,7.853207261161849e-13,3.001401610712246e-07,8.282117669379611e-13,3.001401610712246e-07,7.887169074587709e-13,3.001401610712246e-07,3.610564422088532e-12,3.001401610712246e-07,1.186449194473851e-11,3.001401610712246e-07,1.065642940174045e-11,3.001401610712246e-07,0.4060165457606115,3.001401610712246e-07,1.099999980095714,3.001401610712246e-07,1.099999977748928,3.001401610712246e-07,1.809920980168189e-07,3.001401610712246e-07,-2.37580158724992e-08,3.001401610712246e-07,1.033183228498337,3.001401610712246e-07,1.033250433643251,3.001401610712246e-07,1.033594192045985,3.001401610712246e-07,1.032591423084795
3.001655645551844e-07,3.707023115966625e-12,3.001655645551844e-07,2.259934566791885e-12,3.001655645551844e-07,8.188367168226989e-13,3.001655645551844e-07,8.632160968161198e-13,3.001655645551844e-07,8.063962634471418e-13,3.001655645551844e-07,7.988645011870862e-13,3.001655645551844e-07,2.957283751136585e-12,3.001655645551844e-07,-1.463791829935959e-11,3.001655645551844e-07,2.444395199863926e-12,3.001655645551844e-07,0.3938672457048294,3.001655645551844e-07,1.099999982296608,3.001655645551844e-07,1.099999980192432,3.001655645551844e-07,1.239238937750365e-07,3.001655645551844e-07,-2.018259445290906e-08,3.001655645551844e-07,1.033177371303251,3.001655645551844e-07,1.033242242701657,3.001655645551844e-07,1.033588862089647,3.001655645551844e-07,1.032549405251362
3.002076881579193e-07,3.674335029206943e-12,3.002076881579193e-07,2.219965841445183e-12,3.002076881579193e-07,7.579190905714625e-13,3.002076881579193e-07,7.305884548418919e-13,3.002076881579193e-07,7.825582823412e-13,3.002076881579193e-07,7.710422703792948e-13,3.002076881579193e-07,5.315620458014318e-12,3.002076881579193e-07,1.562927449902156e-11,3.002076881579193e-07,1.404654086518889e-11,3.002076881579193e-07,0.3837854151263599,3.002076881579193e-07,1.099999987351348,3.002076881579193e-07,1.099999985836133,3.002076881579193e-07,5.978232305927717e-08,3.002076881579193e-07,-1.310452292722678e-08,3.002076881579193e-07,1.03317053310512,3.002076881579193e-07,1.033237077402509,3.002076881579193e-07,1.033580830323463,3.002076881579193e-07,1.032512250399779
3.00252433751542e-07,3.705142751549063e-12,3.00252433751542e-07,2.284069468301302e-12,3.00252433751542e-07,8.105090557153586e-13,3.00252433751542e-07,8.302126939179773e-13,3.00252433751542e-07,8.089948326876685e-13,3.00252433751542e-07,8.019137152810133e-13,3.00252433751542e-07,2.691909801839247e-12,3.00252433751542e-07,-1.37920527885552e-11,3.00252433751542e-07,-4.727050142072203e-12,3.00252433751542e-07,0.3803787566598174,3.00252433751542e-07,1.09999999221906,3.00252433751542e-07,1.099999991289027,3.00252433751542e-07,2.713055829704129e-08,3.00252433751542e-07,-7.074257676217973e-09,3.00252433751542e-07,1.033161616111288,3.00252433751542e-07,1.033226443708776,3.00252433751542e-07,1.033571689402947,3.00252433751542e-07,1.03249391689225
3.003005456122186e-07,3.678793922776442e-12,3.003005456122186e-07,2.227022879696072e-12,3.003005456122186e-07,7.680119373161326e-13,3.003005456122186e-07,7.543397529939769e-13,3.003005456122186e-07,7.738117740055688e-13,3.003005456122186e-07,7.718138834202182e-13,3.003005456122186e-07,5.9577346686436e-12,3.003005456122186e-07,1.159514262332524e-11,3.003005456122186e-07,1.111516654457299e-11,3.003005456122186e-07,0.3795760330799884,3.003005456122186e-07,1.099999995708153,3.003005456122186e-07,1.09999999520334,3.003005456122186e-07,1.220496522612791e-08,3.003005456122186e-07,-3.286058826585394e-09,3.003005456122186e-07,1.033153426444283,3.003005456122186e-07,1.033218380336095,3.003005456122186e-07,1.033562288236092,3.003005456122186e-07,1.032482370069702
3.003568785927829e-07,3.701278995563491e-12,3.003568785927829e-07,2.273180892038982e-12,3.003568785927829e-07,8.010449917528634e-13,3.003568785927829e-07,8.127314318700652e-13,3.003568785927829e-07,8.029794715938312e-13,3.003568785927829e-07,7.99965624634764e-13,3.003568785927829e-07,2.929244800916225e-12,3.003568785927829e-07,-9.813049040425976e-12,3.003568785927829e-07,-6.289487231313273e-12,3.003568785927829e-07,0.3795897889494518,3.003568785927829e-07,1.099999997953449,3.003568785927829e-07,1.099999997723278,3.003568785927829e-07,4.866609551116125e-09,3.003568785927829e-07,-1.21693404105639e-09,3.003568785927829e-07,1.03314330128569,3.003568785927829e-07,1.033207363078751,3.003568785927829e-07,1.03355143406789,3.003568785927829e-07,1.032471615829771
3.004359466208249e-07,3.682048674618544e-12,3.004359466208249e-07,2.237653219289005e-12,3.004359466208249e-07,7.75142645351769e-13,3.004359466208249e-07,7.653738011493004e-13,3.004359466208249e-07,7.743337071155519e-13,3.004359466208249e-07,7.74153864406389e-13,3.004359466208249e-07,6.105956467634203e-12,3.004359466208249e-07,9.123073006077386e-12,3.004359466208249e-07,9.990678179963209e-12,3.004359466208249e-07,0.3798171416399713,3.004359466208249e-07,1.099999999311513,3.004359466208249e-07,1.099999999242274,3.004359466208249e-07,1.422337943549236e-09,3.004359466208249e-07,-2.223508940358458e-10,3.004359466208249e-07,1.033130089395107,3.004359466208249e-07,1.033194060807876,3.004359466208249e-07,1.033536845177128,3.004359466208249e-07,1.032457987481739
3.005335361552043e-07,3.698694244973706e-12,3.005335361552043e-07,2.265335738212443e-12,3.005335361552043e-07,7.960123554414665e-13,3.005335361552043e-07,8.048288546832894e-13,3.005335361552043e-07,7.992483248320873e-13,3.005335361552043e-07,7.981499836891555e-13,3.005335361552043e-07,3.060613801422105e-12,3.005335361552043e-07,-7.733131393876127e-12,3.005335361552043e-07,-5.998482672831467e-12,3.005335361552043e-07,0.3799767343209486,3.005335361552043e-07,1.099999999809438,3.005335361552043e-07,1.099999999794401,3.005335361552043e-07,2.043008574550303e-10,3.005335361552043e-07,1.057096702728254e-12,3.005335361552043e-07,1.033113442918539,3.005335361552043e-07,1.033176876300728,3.005335361552043e-07,1.03351903959848,3.005335361552043e-07,1.032441484370827
3.00665317686535e-07,3.683907330236118e-12,3.00665317686535e-07,2.243431658681504e-12,3.00665317686535e-07,7.788129992838931e-13,3.00665317686535e-07,7.707871037761596e-13,3.00665317686535e-07,7.754894880050734e-13,3.00665317686535e-07,7.758285214315058e-13,3.00665317686535e-07,6.063664507554222e-12,3.00665317686535e-07,7.681867112197277e-12,3.00665317686535e-07,9.554650575242515e-12,3.00665317686535e-07,0.3800363338038848,3.00665317686535e-07,1.099999999940466,3.00665317686535e-07,1.099999999938009,3.00665317686535e-07,7.954756479852466e-11,3.00665317686535e-07,1.38210244890959e-11,3.00665317686535e-07,1.033091489311085,3.00665317686535e-07,1.033154830522121,3.00665317686535e-07,1.03349539414306,3.00665317686535e-07,1.032419783491624
3.008557064138987e-07,3.69737803324324e-12,3.008557064138987e-07,2.261331560260245e-12,3.008557064138987e-07,7.93509148781002e-13,3.008557064138987e-07,8.011880850942214e-13,3.008557064138987e-07,7.974762291726557e-13,3.008557064138987e-07,7.970125614443865e-13,3.008557064138987e-07,3.111150134772915e-12,3.008557064138987e-07,-6.762465578328242e-12,3.008557064138987e-07,-5.695947709119544e-12,3.008557064138987e-07,0.3800444726755652,3.008557064138987e-07,1.09999999995492,3.008557064138987e-07,1.099999999955058,3.008557064138987e-07,-5.931830817210241e-11,3.008557064138987e-07,9.611362986611718e-13,3.008557064138987e-07,1.033059468260512,3.008557064138987e-07,1.033122265544813,3.008557064138987e-07,1.033461369574495,3.008557064138987e-07,1.032389269336316
3.011878481744617e-07,3.684737203063034e-12,3.011878481744617e-07,2.245914928407021e-12,3.011878481744617e-07,7.80360455296192e-13,3.011878481744617e-07,7.730316230439627e-13,3.011878481744617e-07,7.762536721991434e-13,3.011878481744617e-07,7.766353954119983e-13,3.011878481744617e-07,6.032177477785162e-12,3.011878481744617e-07,7.060290875359778e-12,3.011878481744617e-07,9.34118108576069e-12,3.011878481744617e-07,0.3800439726438232,3.011878481744617e-07,1.099999999953589,3.011878481744617e-07,1.099999999953391,3.011878481744617e-07,6.433889139694311e-11,3.011878481744617e-07,4.691314548881212e-12,3.011878481744617e-07,1.033004318937979,3.011878481744617e-07,1.033066637211634,3.011878481744617e-07,1.033402739094355,3.011878481744617e-07,1.032338704422277
3.018521316955877e-07,3.696931014778331e-12,3.018521316955877e-07,2.260004112868364e-12,3.018521316955877e-07,7.926852491011878e-13,3.018521316955877e-07,7.998892886161101e-13,3.018521316955877e-07,7.968519554884505e-13,3.018521316955877e-07,7.965217514065897e-13,3.018521316955877e-07,3.130469322897617e-12,3.018521316955877e-07,-6.458195982991889e-12,3.018521316955877e-07,-5.583020269850013e-12,3.018521316955877e-07,0.3800439791942506,3.018521316955877e-07,1.099999999954029,3.018521316955877e-07,1.099999999954245,3.018521316955877e-07,-5.824140971049053e-11,3.018521316955877e-07,1.280564559245586e-12,3.018521316955877e-07,1.032894811603873,3.018521316955877e-07,1.032955763606525,3.018521316955877e-07,1.033287294299162,3.018521316955877e-07,1.032243934432149
3.031806987378396e-07,3.690988013222958e-12,3.031806987378396e-07,2.253411786412176e-12,3.031806987378396e-07,7.86804855444691e-13,3.031806987378396e-07,7.867976074535987e-13,3.031806987378396e-07,7.866685410941831e-13,3.031806987378396e-07,7.866890616587746e-13,3.031806987378396e-07,4.576464596487208e-12,3.031806987378396e-07,1.765998948831106e-13,3.031806987378396e-07,1.83508555603686e-12,3.031806987378396e-07,0.3800440041236039,3.031806987378396e-07,1.099999999953948,3.031806987378396e-07,1.09999999995394,3.031806987378396e-07,2.889912113487245e-12,3.031806987378396e-07,2.948855743386452e-12,3.031806987378396e-07,1.032681520563127,3.031806987378396e-07,1.032740258726113,3.031806987378396e-07,1.033062970788349,3.031806987378396e-07,1.032066630462673
3.058378328223436e-07,3.690828449110596e-12,3.058378328223436e-07,2.252945835303945e-12,3.058378328223436e-07,7.865126930812505e-13,3.058378328223436e-07,7.865261827668015e-13,3.058378328223436e-07,7.86597270381193e-13,3.058378328223436e-07,7.866183716794372e-13,3.058378328223436e-07,4.587357136480919e-12,3.058378328223436e-07,2.902099209792033e-13,3.058378328223436e-07,1.873461149447736e-12,3.058378328223436e-07,0.3800438668720109,3.058378328223436e-07,1.099999999953825,3.058378328223436e-07,1.099999999953833,3.058378328223436e-07,3.027543267209735e-12,3.058378328223436e-07,2.979568197145619e-12,3.058378328223436e-07,1.032276676977386,3.058378328223436e-07,1.032331380894192,3.058378328223436e-07,1.032636993533683,3.058378328223436e-07,1.031733579454734
3.111521009913515e-07,3.690987763771008e-12,3.111521009913515e-07,2.253412009547799e-12,3.111521009913515e-07,7.868041927823009e-13,3.111521009913515e-07,7.868726894983452e-13,3.111521009913515e-07,7.86729689844806e-13,3.111521009913515e-07,7.867334844975229e-13,3.111521009913515e-07,4.585381427952305e-12,3.111521009913515e-07,1.755818575562763e-13,3.111521009913515e-07,1.82349855187618e-12,3.111521009913515e-07,0.3800437635963207,3.111521009913515e-07,1.099999999953937,3.111521009913515e-07,1.099999999953929,3.111521009913515e-07,2.910031002459488e-12,3.111521009913515e-07,2.953065235573745e-12,3.111521009913515e-07,1.031548692885822,3.111521009913515e-07,1.031596812562545,3.111521009913515e-07,1.03186613018895,3.111521009913515e-07,1.031108159778037
3.217806373293673e-07,3.690828488862874e-12,3.217806373293673e-07,2.252945808829474e-12,3.217806373293673e-07,7.86513022737672e-13,3.217806373293673e-07,7.865115043004976e-13,3.217806373293673e-07,7.86596897245343e-13,3.217806373293673e-07,7.86608097117019e-13,3.217806373293673e-07,4.603409680005829e-12,3.217806373293673e-07,2.906263651159812e-13,3.217806373293673e-07,1.856380720629561e-12,3.217806373293673e-07,0.3800433943036903,3.217806373293673e-07,1.099999999953831,3.217806373293673e-07,1.099999999953838,3.217806373293673e-07,3.019057006990135e-12,3.217806373293673e-07,2.977684155125914e-12,3.217806373293673e-07,1.030357368775367,3.217806373293673e-07,1.030396091169933,3.217806373293673e-07,1.030602191508734,3.217806373293673e-07,1.030041639397737
3.377806373293673e-07,3.69098761681085e-12,3.377806373293673e-07,2.25341138868252e-12,3.377806373293673e-07,7.868040102683299e-13,3.377806373293673e-07,7.868680921305537e-13,3.377806373293673e-07,7.867381699148493e-13,3.377806373293673e-07,7.867334337084933e-13,3.377806373293673e-07,4.612217213560235e-12,3.377806373293673e-07,1.775201638283883e-13,3.377806373293673e-07,1.80370760712607e-12,3.377806373293673e-07,0.3800430099219153,3.377806373293673e-07,1.099999999953934,3.377806373293673e-07,1.099999999953927,3.377806373293673e-07,2.914176511284755e-12,3.377806373293673e-07,2.954179868097199e-12,3.377806373293673e-07,1.029058114627593,3.377806373293673e-07,1.029086918133504,3.377806373293673e-07,1.029225127626968,3.377806373293673e-07,1.028855327242827
3.5e-07,3.690828501632556e-12,3.5e-07,2.252945970947732e-12,3.5e-07,7.865131915839851e-13,3.5e-07,7.864989694612604e-13,3.5e-07,7.866008920177806e-13,3.5e-07,7.866074408647762e-13,3.5e-07,4.633366485112701e-12,3.5e-07,2.924193754939569e-13,3.5e-07,1.840344221912927e-12,3.5e-07,0.3800426554726761,3.5e-07,1.099999999953834,3.5e-07,1.099999999953841,3.5e-07,3.01558507090111e-12,3.5e-07,2.976970398751952e-12,3.5e-07,1.02836282679584,3.5e-07,1.028385753231611,3.5e-07,1.028487632608301,3.5e-07,1.02821887544592
3.501e-07,3.690453858479467e-12,3.501e-07,2.252877133675807e-12,3.501e-07,7.866528424540959e-13,3.501e-07,7.865998193337227e-13,3.501e-07,7.866663385814586e-13,3.501e-07,7.86664350153879e-13,3.501e-07,4.482066520412079e-12,3.501e-07,-4.166532127046151e-12,3.501e-07,4.040515415924272e-13,3.501e-07,0.2466473389557489,3.501e-07,1.09999997914632,3.501e-07,3.325899013950839e-07,3.501e-07,-2.317372605355731e-08,3.501e-07,-2.584917013330657e-08,3.501e-07,1.028356241841906,3.501e-07,1.028379032781777,3.501e-07,1.028471246422207,3.501e-07,1.027753801669393
3.501135743559194e-07,3.723252207699804e-12,3.501135743559194e-07,2.276249972562746e-12,3.501135743559194e-07,7.874818217663483e-13,3.501135743559194e-07,7.877734393214901e-13,3.501135743559194e-07,7.87352411413309e-13,3.501135743559194e-07,7.876930402661622e-13,3.501135743559194e-07,6.546337830844664e-12,3.501135743559194e-07,2.018191941687881e-11,3.501135743559194e-07,1.066436234147792e-11,3.501135743559194e-07,0.2322669755815574,3.501135743559194e-07,1.099999978154097,3.501135743559194e-07,2.545143533673372e-07,3.501135743559194e-07,-2.406293125847194e-08,3.501135743559194e-07,-2.684659016803947e-08,3.501135743559194e-07,1.028358517698397,3.501135743559194e-07,1.028381153481596,3.501135743559194e-07,1.028473188375072,3.501135743559194e-07,1.027708484941769
3.501401657791164e-07,3.626182911153521e-12,3.501401657791164e-07,2.20471465302131e-12,3.501401657791164e-07,7.841738235391002e-13,3.501401657791164e-07,7.868332903761209e-13,3.501401657791164e-07,7.860718942590963e-13,3.501401657791164e-07,7.875437819447709e-13,3.501401657791164e-07,3.863670555365525e-12,3.501401657791164e-07,2.962832603845049e-12,3.501401657791164e-07,6.459811146121399e-13,3.501401657791164e-07,0.2092907247260574,3.501401657791164e-07,1.09999997800486,3.501401657791164e-07,1.869835068516449e-07,3.501401657791164e-07,-2.352763633498466e-08,3.501401657791164e-07,-2.628429483865798e-08,3.501401657791164e-07,1.028359087250403,3.501401657791164e-07,1.028381837105441,3.501401657791164e-07,1.028472098370781,3.501401657791164e-07,1.027633034001201
3.501655695471022e-07,3.744545826467562e-12,3.501655695471022e-07,2.297025546404175e-12,3.501655695471022e-07,7.90061159812597e-13,3.501655695471022e-07,7.924269291743376e-13,3.501655695471022e-07,7.928527757705594e-13,3.501655695471022e-07,7.916717663753639e-13,3.501655695471022e-07,4.514736774884179e-12,3.501655695471022e-07,-6.622869962479201e-12,3.501655695471022e-07,7.509367740463769e-13,3.501655695471022e-07,0.1957508230437207,3.501655695471022e-07,1.099999980399803,3.501655695471022e-07,1.297436851388559e-07,3.501655695471022e-07,-2.002058103512038e-08,3.501655695471022e-07,-2.240273937139511e-08,3.501655695471022e-07,1.028356627564981,3.501655695471022e-07,1.028379878269464,3.501655695471022e-07,1.028468983376941,3.501655695471022e-07,1.027587788009389
3.502076570091635e-07,3.653347598292372e-12,3.502076570091635e-07,2.223622408358449e-12,3.502076570091635e-07,7.833475035655056e-13,3.502076570091635e-07,7.845367636521042e-13,3.502076570091635e-07,7.820835318540132e-13,3.502076570091635e-07,7.809284279595829e-13,3.502076570091635e-07,4.67975128138021e-12,3.502076570091635e-07,5.084955087731907e-12,3.502076570091635e-07,3.119785575498084e-12,3.502076570091635e-07,0.1844581364808095,3.502076570091635e-07,1.099999985953525,3.502076570091635e-07,6.363112491318308e-08,3.502076570091635e-07,-1.303185582029773e-08,3.502076570091635e-07,-1.461545116570743e-08,3.502076570091635e-07,1.028354184210601,3.502076570091635e-07,1.028377339817141,3.502076570091635e-07,1.028466766209923,3.502076570091635e-07,1.027551645441204
3.502545762922157e-07,3.71508510306691e-12,3.502545762922157e-07,2.268498872756064e-12,3.502545762922157e-07,7.896928815653612e-13,3.502545762922157e-07,7.91375618414599e-13,3.502545762922157e-07,7.922935246786502e-13,3.502545762922157e-07,7.920104145787924e-13,3.502545762922157e-07,4.202564706103337e-12,3.502545762922157e-07,-6.269116903474849e-12,3.502545762922157e-07,-5.368963078205681e-13,3.502545762922157e-07,0.1804223987381341,3.502545762922157e-07,1.099999991532288,3.502545762922157e-07,2.73848470916737e-08,3.502545762922157e-07,-6.852307265497906e-09,3.502545762922157e-07,-7.68661709424853e-09,3.502545762922157e-07,1.028351085441818,3.502545762922157e-07,1.028374033497667,3.502545762922157e-07,1.028462811533418,3.502545762922157e-07,1.027535513418386
3.50303825237843e-07,3.676662483006624e-12,3.50303825237843e-07,2.247245911555028e-12,3.50303825237843e-07,7.839898843459155e-13,3.50303825237843e-07,7.825777727400856e-13,3.50303825237843e-07,7.818979966387211e-13,3.50303825237843e-07,7.816476983594683e-13,3.50303825237843e-07,5.031020662540751e-12,3.50303825237843e-07,4.514595415626369e-12,3.50303825237843e-07,3.582733295964985e-12,3.50303825237843e-07,0.1794372428170697,3.50303825237843e-07,1.099999995367932,3.50303825237843e-07,1.19001063970223e-08,3.50303825237843e-07,-3.166234987711964e-09,3.50303825237843e-07,-3.549478810680707e-09,3.50303825237843e-07,1.028348602399587,3.50303825237843e-07,1.028371338262461,3.50303825237843e-07,1.028459643972051,3.50303825237843e-07,1.02752875236227
3.5036105767001e-07,3.698752703390601e-12,3.5036105767001e-07,2.253171399659152e-12,3.5036105767001e-07,7.889766336313909e-13,3.5036105767001e-07,7.896177998101722e-13,3.5036105767001e-07,7.905922997558824e-13,3.5036105767001e-07,7.90779813533425e-13,3.5036105767001e-07,4.179128567230387e-12,3.5036105767001e-07,-3.893427024072737e-12,3.5036105767001e-07,-2.651544820002336e-13,3.5036105767001e-07,0.1792810153678601,3.5036105767001e-07,1.099999997770194,3.5036105767001e-07,4.487825875460115e-09,3.5036105767001e-07,-1.211026982768859e-09,3.5036105767001e-07,-1.352923804767643e-09,3.5036105767001e-07,1.02834562616246,3.5036105767001e-07,1.028368319026257,3.5036105767001e-07,1.028455854194988,3.5036105767001e-07,1.027523711819176
3.504399108580103e-07,3.687292896475103e-12,3.504399108580103e-07,2.257044576533022e-12,3.504399108580103e-07,7.846029538256066e-13,3.504399108580103e-07,7.833710436354779e-13,3.504399108580103e-07,7.828604904049327e-13,3.504399108580103e-07,7.829313941703766e-13,3.504399108580103e-07,5.107270686783386e-12,3.504399108580103e-07,3.950413975472007e-12,3.504399108580103e-07,3.79250398402294e-12,3.504399108580103e-07,0.179345112105836,3.504399108580103e-07,1.099999999211273,3.504399108580103e-07,1.327841684932978e-09,3.504399108580103e-07,-2.726255948058118e-10,3.504399108580103e-07,-3.062963200852548e-10,3.504399108580103e-07,1.02834193212415,3.504399108580103e-07,1.028364607944688,3.504399108580103e-07,1.028451589597919,3.504399108580103e-07,1.027519122972583
3.505397871781692e-07,3.69173411555275e-12,3.505397871781692e-07,2.246908959475953e-12,3.505397871781692e-07,7.885061709277667e-13,3.505397871781692e-07,7.893407644567902e-13,3.505397871781692e-07,7.898293795472212e-13,3.505397871781692e-07,7.899558621642993e-13,3.505397871781692e-07,4.156872312954543e-12,3.505397871781692e-07,-3.044326224946738e-12,3.505397871781692e-07,-1.335290138660718e-13,3.505397871781692e-07,0.1794171288948733,3.505397871781692e-07,1.099999999772373,3.505397871781692e-07,1.135341622650055e-10,3.505397871781692e-07,-2.413727828160518e-11,3.505397871781692e-07,-2.714602727188828e-11,3.505397871781692e-07,1.0283370884121,3.505397871781692e-07,1.028359757325304,3.505397871781692e-07,1.028446178217885,3.505397871781692e-07,1.027513948124559
3.506753574711394e-07,3.691936539325109e-12,3.506753574711394e-07,2.261026752910361e-12,3.506753574711394e-07,7.849629811616284e-13,3.506753574711394e-07,7.840958572460189e-13,3.506753574711394e-07,7.836442297722072e-13,3.506753574711394e-07,7.836635142862415e-13,3.506753574711394e-07,5.11170091836665e-12,3.506753574711394e-07,3.389051166774259e-12,3.506753574711394e-07,3.734810609152997e-12,3.506753574711394e-07,0.1794471714907817,3.506753574711394e-07,1.099999999936661,3.506753574711394e-07,1.123761799201034e-10,3.506753574711394e-07,8.432929098615976e-12,3.506753574711394e-07,7.228698856766532e-12,3.506753574711394e-07,1.028330705467102,3.506753574711394e-07,1.028353310500074,3.506753574711394e-07,1.028439342438206,3.506753574711394e-07,1.027508049564842
3.508733772606879e-07,3.688703717992831e-12,3.508733772606879e-07,2.244348509954871e-12,3.508733772606879e-07,7.882509196953863e-13,3.508733772606879e-07,7.89074766367515e-13,3.508733772606879e-07,7.894465285646848e-13,3.508733772606879e-07,7.894743828036941e-13,3.508733772606879e-07,4.155336149002047e-12,3.508733772606879e-07,-2.690011612798923e-12,3.508733772606879e-07,-7.757601466952256e-14,3.508733772606879e-07,0.1794508742682889,3.508733772606879e-07,1.099999999953223,3.508733772606879e-07,-9.864150740093571e-11,3.508733772606879e-07,1.295629486531993e-12,3.508733772606879e-07,2.565967533512698e-12,3.508733772606879e-07,1.028321252952891,3.508733772606879e-07,1.028343768326159,3.508733772606879e-07,1.028429284841067,3.508733772606879e-07,1.02750033667638
3.512204707225222e-07,3.693750499528392e-12,3.512204707225222e-07,2.262535435176969e-12,3.512204707225222e-07,7.851246395762463e-13,3.512204707225222e-07,7.843535300416143e-13,3.512204707225222e-07,7.839888536750996e-13,3.512204707225222e-07,7.83984853723488e-13,3.512204707225222e-07,5.111740602035157e-12,3.512204707225222e-07,3.143060655877192e-12,3.512204707225222e-07,3.699261554493055e-12,3.512204707225222e-07,0.1794510169499371,3.512204707225222e-07,1.099999999955533,3.512204707225222e-07,1.039854281669457e-10,3.512204707225222e-07,4.480505915812289e-12,3.512204707225222e-07,3.240039919103802e-12,3.512204707225222e-07,1.02830495238044,3.512204707225222e-07,1.028327295051923,3.512204707225222e-07,1.028412275019625,3.512204707225222e-07,1.027489805877124
3.519146576461909e-07,3.687754664052354e-12,3.519146576461909e-07,2.243565817621762e-12,3.519146576461909e-07,7.881633644932828e-13,3.519146576461909e-07,7.889348435766497e-13,3.519146576461909e-07,7.892818195626883e-13,3.519146576461909e-07,7.892878844336324e-13,3.519146576461909e-07,4.157006932885156e-12,3.519146576461909e-07,-2.591836530869742e-12,3.519146576461909e-07,-5.645262517745864e-14,3.519146576461909e-07,0.1794506786886544,3.519146576461909e-07,1.099999999952035,3.519146576461909e-07,-9.793409622807983e-11,3.519146576461909e-07,1.483386438844493e-12,3.519146576461909e-07,2.714839807245036e-12,3.519146576461909e-07,1.028272570667937,3.519146576461909e-07,1.028294596550984,3.519146576461909e-07,1.028378925814028,3.519146576461909e-07,1.027474726743099
3.533030314935284e-07,3.691074272331151e-12,3.533030314935284e-07,2.253313116514714e-12,3.533030314935284e-07,7.866742959523694e-13,3.533030314935284e-07,7.866787634675043e-13,3.533030314935284e-07,7.866844274063436e-13,3.533030314935284e-07,7.866853446884751e-13,3.533030314935284e-07,4.635786625904161e-12,3.533030314935284e-07,2.170486256235037e-13,3.533030314935284e-07,1.813448570256382e-12,3.533030314935284e-07,0.1794508707148427,3.533030314935284e-07,1.099999999953972,3.533030314935284e-07,2.911817748025995e-12,3.533030314935284e-07,2.952819792345842e-12,3.533030314935284e-07,2.957026189846532e-12,3.533030314935284e-07,1.028209529883178,3.533030314935284e-07,1.028230946521185,3.533030314935284e-07,1.02831464042979,3.533030314935284e-07,1.027453381501307
3.560797791882032e-07,3.690742237248042e-12,3.560797791882032e-07,2.253043883106201e-12,3.560797791882032e-07,7.866428230102931e-13,3.560797791882032e-07,7.866548520602758e-13,3.560797791882032e-07,7.866469455822457e-13,3.560797791882032e-07,7.86645204695178e-13,3.560797791882032e-07,4.639242054986684e-12,3.560797791882032e-07,2.58863446098689e-13,3.560797791882032e-07,1.820351057135332e-12,3.560797791882032e-07,0.179450839717629,3.560797791882032e-07,1.099999999953806,3.560797791882032e-07,3.012088960868808e-12,3.560797791882032e-07,2.978700054459631e-12,3.560797791882032e-07,2.974818630623768e-12,3.560797791882032e-07,1.028089631954507,3.560797791882032e-07,1.028109914801821,3.560797791882032e-07,1.028191947556692,3.560797791882032e-07,1.027414827413828
3.616332745775529e-07,3.69107352436622e-12,3.616332745775529e-07,2.253313044976996e-12,3.616332745775529e-07,7.866742762887844e-13,3.616332745775529e-07,7.866902954580007e-13,3.616332745775529e-07,7.866958052834862e-13,3.616332745775529e-07,7.866963450218558e-13,3.616332745775529e-07,4.643993393134048e-12,3.616332745775529e-07,2.148957935313911e-13,3.616332745775529e-07,1.810917553460385e-12,3.616332745775529e-07,0.1794508144278595,3.616332745775529e-07,1.099999999953956,3.616332745775529e-07,2.924639797732154e-12,3.616332745775529e-07,2.954867169842347e-12,3.616332745775529e-07,2.958520669295121e-12,3.616332745775529e-07,1.027872856297176,3.616332745775529e-07,1.027891053448793,3.616332745775529e-07,1.027965837899823,3.616332745775529e-07,1.027313597212276
3.727402653562522e-07,3.690742698415788e-12,3.727402653562522e-07,2.253044156774965e-12,3.727402653562522e-07,7.866428326243255e-13,3.727402653562522e-07,7.866520292189069e-13,3.727402653562522e-07,7.86644903077791e-13,3.727402653562522e-07,7.866429695517048e-13,3.727402653562522e-07,4.653030439124411e-12,3.727402653562522e-07,2.579631487279625e-13,3.727402653562522e-07,1.816138248261889e-12,3.727402653562522e-07,0.1794506919580843,3.727402653562522e-07,1.099999999953813,3.727402653562522e-07,3.006414456438374e-12,3.727402653562522e-07,2.977570834740706e-12,3.727402653562522e-07,2.973926388657539e-12,3.727402653562522e-07,1.027517282380321,3.727402653562522e-07,1.027531951619424,3.727402653562522e-07,1.027589730384168,3.727402653562522e-07,1.027107457723157
3.887402653562522e-07,3.69107318439967e-12,3.887402653562522e-07,2.253312658365963e-12,3.887402653562522e-07,7.866742708803406e-13,3.887402653562522e-07,7.866900511734556e-13,3.887402653562522e-07,7.86696079217745e-13,3.887402653562522e-07,7.866966066111568e-13,3.887402653562522e-07,4.665591047439882e-12,3.887402653562522e-07,2.151964637566691e-13,3.887402653562522e-07,1.805665185255842e-12,3.887402653562522e-07,0.1794505473188796,3.887402653562522e-07,1.099999999953952,3.887402653562522e-07,2.927322211114213e-12,3.887402653562522e-07,2.955391016530502e-12,3.887402653562522e-07,2.958906625151573e-12,3.887402653562522e-07,1.027147868724709,3.887402653562522e-07,1.027158594771526,3.887402653562522e-07,1.027197093577433,3.887402653562522e-07,1.02687888169983
4.047402653562522e-07,3.690742957065894e-12,4.047402653562522e-07,2.253044409442148e-12,4.047402653562522e-07,7.866428371480773e-13,4.047402653562522e-07,7.86651522422782e-13,4.047402653562522e-07,7.866449117342761e-13,4.047402653562522e-07,7.866430502910786e-13,4.047402653562522e-07,4.673684152031868e-12,4.047402653562522e-07,2.584718561633366e-13,4.047402653562522e-07,1.811787824199932e-12,4.047402653562522e-07,0.1794503766041718,4.047402653562522e-07,1.099999999953816,4.047402653562522e-07,3.004259164463285e-12,4.047402653562522e-07,2.97714916719971e-12,4.047402653562522e-07,2.973615319629776e-12,4.047402653562522e-07,1.026900374052219,4.047402653562522e-07,1.026908160393341,4.047402653562522e-07,1.026933885739976,4.047402653562522e-07,1.026724158489802
4.207402653562522e-07,3.691072912006802e-12,4.207402653562522e-07,2.253312359677112e-12,4.207402653562522e-07,7.866742664359874e-13,4.207402653562522e-07,7.866895715212081e-13,4.207402653562522e-07,7.866959733388554e-13,4.207402653562522e-07,7.866965867854054e-13,4.207402653562522e-07,4.679411533541041e-12,4.207402653562522e-07,2.156065444436192e-13,4.207402653562522e-07,1.802838861411616e-12,4.207402653562522e-07,0.1794502387924514,4.207402653562522e-07,1.099999999953949,4.207402653562522e-07,2.929468531026514e-12,4.207402653562522e-07,2.95582944698791e-12,4.207402653562522e-07,2.959239211779296e-12,4.207402653562522e-07,1.026734497137815,4.207402653562522e-07,1.026740120175521,4.207402653562522e-07,1.026757242900357,4.207402653562522e-07,1.026617995302689
4.367402653562521e-07,3.69074322049095e-12,4.367402653562521e-07,2.25304467976431e-12,4.367402653562521e-07,7.866428415743815e-13,4.367402653562521e-07,7.866512209673924e-13,4.367402653562521e-07,7.866448116200057e-13,4.367402653562521e-07,7.866430000000396e-13,4.367402653562521e-07,4.682052076926458e-12,4.367402653562521e-07,2.587442692699236e-13,4.367402653562521e-07,1.809982406582582e-12,4.367402653562521e-07,0.1794500787614371,4.367402653562521e-07,1.099999999953819,4.367402653562521e-07,3.002187982663684e-12,4.367402653562521e-07,2.976753154449942e-12,4.367402653562521e-07,2.973327420898516e-12,4.367402653562521e-07,1.026623329126201,4.367402653562521e-07,1.026627371490846,4.367402653562521e-07,1.026638722004464,4.367402653562521e-07,1.026546100974533
4.527402653562521e-07,3.69107264375651e-12,4.527402653562521e-07,2.253312074562332e-12,4.527402653562521e-07,7.866742619419767e-13,4.527402653562521e-07,7.866893989946646e-13,4.527402653562521e-07,7.866958605840729e-13,4.527402653562521e-07,7.866964909392325e-13,4.527402653562521e-07,4.684091489625166e-12,4.527402653562521e-07,2.158225010186782e-13,4.527402653562521e-07,1.801682221422765e-12,4.527402653562521e-07,0.1794499474146171,4.527402653562521e-07,1.099999999953946,4.527402653562521e-07,2.931529575010793e-12,4.527402653562521e-07,2.956241359536995e-12,4.527402653562521e-07,2.959547542977384e-12,4.527402653562521e-07,1.026548821254587,4.527402653562521e-07,1.026551719063673,4.527402653562521e-07,1.02655927006373,4.527402653562521e-07,1.026497529102036
4.687402653562521e-07,3.690743485736846e-12,4.687402653562521e-07,2.253044955971603e-12,4.687402653562521e-07,7.866428459895795e-13,4.687402653562521e-07,7.86651109920661e-13,4.687402653562521e-07,7.866447285701985e-13,4.687402653562521e-07,7.866429258606733e-13,4.687402653562521e-07,4.684633307313137e-12,4.687402653562521e-07,2.588557279678922e-13,4.687402653562521e-07,1.809257180071716e-12,4.687402653562521e-07,0.1794497933935754,4.687402653562521e-07,1.099999999953822,4.687402653562521e-07,3.000183559952567e-12,4.687402653562521e-07,2.976367546810404e-12,4.687402653562521e-07,2.973045852564468e-12,4.687402653562521e-07,1.026498961050341,4.687402653562521e-07,1.026501029284215,4.687402653562521e-07,1.026506040275275,4.687402653562521e-07,1.026464681120269
4.847402653562522e-07,3.691072377166243e-12,4.847402653562522e-07,2.253311793822574e-12,4.847402653562522e-07,7.866742574685643e-13,4.847402653562522e-07,7.866892990419078e-13,4.847402653562522e-07,7.866957562762083e-13,4.847402653562522e-07,7.866963876067251e-13,4.847402653562522e-07,4.685499535081134e-12,4.847402653562522e-07,2.159321011141321e-13,4.847402653562522e-07,1.80121364984915e-12,4.847402653562522e-07,0.1794496644743087,4.847402653562522e-07,1.099999999953944,4.847402653562522e-07,2.933509855793911e-12,4.847402653562522e-07,2.956629439057943e-12,4.847402653562522e-07,2.959834460788889e-12,4.847402653562522e-07,1.026465615389566,4.847402653562522e-07,1.026467086314962,4.847402653562522e-07,1.026470353703264,4.847402653562522e-07,1.026442486043994
5.007402653562522e-07,3.690743751277827e-12,5.007402653562522e-07,2.253045233743633e-12,5.007402653562522e-07,7.866428504269989e-13,5.007402653562522e-07,7.866510217514215e-13,5.007402653562522e-07,7.866446496484863e-13,5.007402653562522e-07,7.866428504145428e-13,5.007402653562522e-07,4.685407131157677e-12,5.007402653562522e-07,2.588954940449627e-13,5.007402653562522e-07,1.808968588132893e-12,5.007402653562522e-07,0.1794495137324086,5.007402653562522e-07,1.099999999953825,5.007402653562522e-07,2.998248364610797e-12,5.007402653562522e-07,2.97599622894136e-12,5.007402653562522e-07,2.972775121885005e-12,5.007402653562522e-07,1.026443292380554,5.007402653562522e-07,1.026444334948974,5.007402653562522e-07,1.026446433934479,5.007402653562522e-07,1.02642748282243
5.167402653562522e-07,3.691072111350563e-12,5.167402653562522e-07,2.253311514816865e-12,5.167402653562522e-07,7.866742529949718e-13,5.167402653562522e-07,7.866892049769272e-13,5.167402653562522e-07,7.866956541356366e-13,5.167402653562522e-07,7.866962845773765e-13,5.167402653562522e-07,4.685916160694357e-12,5.167402653562522e-07,2.159920631656126e-13,5.167402653562522e-07,1.801021841850663e-12,5.167402653562522e-07,0.1794493854479774,5.167402653562522e-07,1.099999999953941,5.167402653562522e-07,2.93541533260244e-12,5.167402653562522e-07,2.956997411535926e-12,5.167402653562522e-07,2.960103949760819e-12,5.167402653562522e-07,1.026428339795479,5.167402653562522e-07,1.026429079045866,5.167402653562522e-07,1.026430395785354,5.167402653562522e-07,1.02641734743142
5.327402653562523e-07,3.690744016651139e-12,5.327402653562523e-07,2.253045511982399e-12,5.327402653562523e-07,7.866428548936875e-13,5.327402653562523e-07,7.866509352113129e-13,5.327402653562523e-07,7.866445721764009e-13,5.327402653562523e-07,7.866427757185878e-13,5.327402653562523e-07,4.685639133092739e-12,5.327402653562523e-07,2.589023920336911e-13,5.327402653562523e-07,1.808855395230881e-12,5.327402653562523e-07,0.1794492366790592,5.327402653562523e-07,1.099999999953827,5.327402653562523e-07,2.996381869021016e-12,5.327402653562523e-07,2.975640320100835e-12,5.327402653562523e-07,2.972516660281995e-12,5.327402653562523e-07,1.026418329797509,5.327402653562523e-07,1.026418853155785,5.327402653562523e-07,1.026419647776273,5.327402653562523e-07,1.026410498426687
5.487402653562523e-07,3.691071846001139e-12,5.487402653562523e-07,2.253311236295356e-12,5.487402653562523e-07,7.866742485076916e-13,5.487402653562523e-07,7.866891118991396e-13,5.487402653562523e-07,7.866955530567239e-13,5.487402653562523e-07,7.866961822657578e-13,5.487402653562523e-07,4.686037312490726e-12,5.487402653562523e-07,2.160300267364262e-13,5.487402653562523e-07,1.800941127939038e-12,5.487402653562523e-07,0.1794491082130149,5.487402653562523e-07,1.099999999953939,5.487402653562523e-07,2.937250184611967e-12,5.487402653562523e-07,2.957347463442225e-12,5.487402653562523e-07,2.960358266491522e-12,5.487402653562523e-07,1.026411624318444,5.487402653562523e-07,1.026411996049903,5.487402653562523e-07,1.026412439877271,5.487402653562523e-07,1.026405872202651
5.647402653562523e-07,3.690744281741241e-12,5.647402653562523e-07,2.253045789785991e-12,5.647402653562523e-07,7.866428593799916e-13,5.647402653562523e-07,7.866508496353388e-13,5.647402653562523e-07,7.866444956457757e-13,5.647402653562523e-07,7.866427017134255e-13,5.647402653562523e-07,4.68571020032001e-12,5.647402653562523e-07,2.5889452540852e-13,5.647402653562523e-07,1.808812165331931e-12,5.647402653562523e-07,0.1794489607940424,5.647402653562523e-07,1.09999999995383,5.647402653562523e-07,2.994582523200288e-12,5.647402653562523e-07,2.975299974810784e-12,5.647402653562523e-07,2.972270826567919e-12,5.647402653562523e-07,1.026407136119299,5.647402653562523e-07,1.026407400495661,5.647402653562523e-07,1.02640761091029,5.647402653562523e-07,1.026402747543678
5.807402653562524e-07,3.691071581037622e-12,5.807402653562524e-07,2.253310959031039e-12,5.807402653562524e-07,7.866742439980541e-13,5.807402653562524e-07,7.866890196852673e-13,5.807402653562524e-07,7.866954512161819e-13,5.807402653562524e-07,7.866960807585526e-13,5.807402653562524e-07,4.686070867431179e-12,5.807402653562524e-07,2.160580919664336e-13,5.807402653562524e-07,1.800904493512884e-12,5.807402653562524e-07,0.1794488318070975,5.807402653562524e-07,1.099999999953936,5.807402653562524e-07,2.939017700457151e-12,5.807402653562524e-07,2.9576810395291e-12,5.807402653562524e-07,2.960598870359446e-12,5.807402653562524e-07,1.02640412880019,5.807402653562524e-07,1.026404318310208,5.807402653562524e-07,1.026404371170973,5.807402653562524e-07,1.026400636591936
5.967402653562524e-07,3.690908080026828e-12,5.967402653562524e-07,2.253178528915007e-12,5.967402653562524e-07,7.866585542304429e-13,5.967402653562524e-07,7.866698709082531e-13,5.967402653562524e-07,7.866699132271812e-13,5.967402653562524e-07,7.866693322519148e-13,5.967402653562524e-07,4.685906181743908e-12,5.967402653562524e-07,2.374688341324574e-13,5.967402653562524e-07,1.804847066237405e-12,5.967402653562524e-07,0.179448689726883,5.967402653562524e-07,1.099999999953884,5.967402653562524e-07,2.965821630097316e-12,5.967402653562524e-07,2.966307125900541e-12,5.967402653562524e-07,2.966303136941559e-12,5.967402653562524e-07,1.026402064170694,5.967402653562524e-07,1.026402199898075,5.967402653562524e-07,1.026402145453603,5.967402653562524e-07,1.026399176610673
6.127402653562525e-07,3.690907915093519e-12,6.127402653562525e-07,2.253178357692723e-12,6.127402653562525e-07,7.866585514082147e-13,6.127402653562525e-07,7.866698258289285e-13,6.127402653562525e-07,7.866698643873403e-13,6.127402653562525e-07,7.866692829324754e-13,6.127402653562525e-07,4.685907853138184e-12,6.127402653562525e-07,2.374828963821766e-13,6.127402653562525e-07,1.804837986735713e-12,6.127402653562525e-07,0.179448551702713,6.127402653562525e-07,1.099999999953883,6.127402653562525e-07,2.966893547343809e-12,6.127402653562525e-07,2.96650745535243e-12,6.127402653562525e-07,2.966446767434556e-12,6.127402653562525e-07,1.026400733087474,6.127402653562525e-07,1.0264008323545,6.127402653562525e-07,1.026400708580092,6.127402653562525e-07,1.026398225647078
6.287402653562525e-07,3.690908080196187e-12,6.287402653562525e-07,2.253178530029896e-12,6.287402653562525e-07,7.866585542284918e-13,6.287402653562525e-07,7.866697866933093e-13,6.287402653562525e-07,7.866698282176429e-13,6.287402653562525e-07,7.866692472613812e-13,6.287402653562525e-07,4.685912031573014e-12,6.287402653562525e-07,2.374713674842458e-13,6.287402653562525e-07,1.804837096654553e-12,6.287402653562525e-07,0.1794484142138474,6.287402653562525e-07,1.099999999953885,6.287402653562525e-07,2.965842220246587e-12,6.287402653562525e-07,2.96631188966494e-12,6.287402653562525e-07,2.966307084162435e-12,6.287402653562525e-07,1.026399841776386,6.287402653562525e-07,1.026399915617336,6.287402653562525e-07,1.026399745390777,6.287402653562525e-07,1.026397583741365
6.447402653562525e-07,3.690907915045441e-12,6.447402653562525e-07,2.2531783573856e-12,6.447402653562525e-07,7.866585514004447e-13,6.447402653562525e-07,7.866697400656958e-13,6.447402653562525e-07,7.866697773097437e-13,6.447402653562525e-07,7.866691954878924e-13,6.447402653562525e-07,4.685911053429805e-12,6.447402653562525e-07,2.374845138088362e-13,6.447402653562525e-07,1.804831342695596e-12,6.447402653562525e-07,0.179448276267929,6.447402653562525e-07,1.099999999953883,6.447402653562525e-07,2.96687395879169e-12,6.447402653562525e-07,2.966503028704305e-12,6.447402653562525e-07,2.966443181199209e-12,6.447402653562525e-07,1.026399245011612,6.447402653562525e-07,1.026399301097501,6.447402653562525e-07,1.026399099836396,6.447402653562525e-07,1.026397150272539
6.607402653562526e-07,3.690908080103237e-12,6.607402653562526e-07,2.253178529653899e-12,6.607402653562526e-07,7.866585542360772e-13,6.607402653562526e-07,7.866696967166821e-13,6.607402653562526e-07,7.866697418815402e-13,6.607402653562526e-07,7.866691614855276e-13,6.607402653562526e-07,4.685913701705803e-12,6.607402653562526e-07,2.374724534915593e-13,6.607402653562526e-07,1.80483351203457e-12,6.607402653562526e-07,0.1794481388163796,6.607402653562526e-07,1.099999999953885,6.607402653562526e-07,2.965861238238927e-12,6.607402653562526e-07,2.966316366353047e-12,6.607402653562526e-07,2.966310753843326e-12,6.607402653562526e-07,1.02639884538666,6.607402653562526e-07,1.026398889165566,6.607402653562526e-07,1.026398667097751,6.607402653562526e-07,1.026396857780762
6.767402653562526e-07,3.690907915135313e-12,6.767402653562526e-07,2.253178357523698e-12,6.767402653562526e-07,7.866585513868152e-13,6.767402653562526e-07,7.866696518328365e-13,6.767402653562526e-07,7.866696913737645e-13,6.767402653562526e-07,7.866691100235126e-13,6.767402653562526e-07,4.685911967621766e-12,6.767402653562526e-07,2.374852557680296e-13,6.767402653562526e-07,1.804829005346386e-12,6.767402653562526e-07,0.1794480009114048,6.767402653562526e-07,1.099999999953882,6.767402653562526e-07,2.966855410357532e-12,6.767402653562526e-07,2.966498756558417e-12,6.767402653562526e-07,2.966439716983404e-12,6.767402653562526e-07,1.026398577828948,6.767402653562526e-07,1.026398613075064,6.767402653562526e-07,1.026398377066589,6.767402653562526e-07,1.026396660297693
6.927402653562526e-07,3.690908080007515e-12,6.927402653562526e-07,2.25317852992827e-12,6.927402653562526e-07,7.866585542619802e-13,6.927402653562526e-07,7.866696104851171e-13,6.927402653562526e-07,7.866696562909789e-13,6.927402653562526e-07,7.866690762890076e-13,6.927402653562526e-07,4.685914194440027e-12,6.927402653562526e-07,2.374729382044516e-13,6.927402653562526e-07,1.804830583715743e-12,6.927402653562526e-07,0.1794478634648954,6.927402653562526e-07,1.099999999953885,6.927402653562526e-07,2.965879506423397e-12,6.927402653562526e-07,2.966320588382269e-12,6.927402653562526e-07,2.966314180450824e-12,6.927402653562526e-07,1.026398398669771,6.927402653562526e-07,1.026398427977687,6.927402653562526e-07,1.026398182651972,6.927402653562526e-07,1.026396527064262
7.087402653562527e-07,3.690907915229169e-12,7.087402653562527e-07,2.253178356979602e-12,7.087402653562527e-07,7.866585513700679e-13,7.087402653562527e-07,7.866695657221443e-13,7.087402653562527e-07,7.866696060789503e-13,7.087402653562527e-07,7.866690251163267e-13,7.087402653562527e-07,4.685912240351616e-12,7.087402653562527e-07,2.374855969239149e-13,7.087402653562527e-07,1.804826733193479e-12,7.087402653562527e-07,0.1794477255862905,7.087402653562527e-07,1.099999999953882,7.087402653562527e-07,2.966837548298509e-12,7.087402653562527e-07,2.966494686194642e-12,7.087402653562527e-07,2.966436434352198e-12,7.087402653562527e-07,1.026398278710521,7.087402653562527e-07,1.026398303892594,7.087402653562527e-07,1.026398052357272,7.087402653562527e-07,1.026396437122105
7.247402653562527e-07,3.690908079934245e-12,7.247402653562527e-07,2.253178530436662e-12,7.247402653562527e-07,7.866585542538946e-13,7.247402653562527e-07,7.866695251625462e-13,7.247402653562527e-07,7.866695710990622e-13,7.247402653562527e-07,7.866689917345507e-13,7.247402653562527e-07,4.685914338185373e-12,7.247402653562527e-07,2.374731536905744e-13,7.247402653562527e-07,1.804829296078344e-12,7.247402653562527e-07,0.1794475881391384,7.247402653562527e-07,1.099999999953885,7.247402653562527e-07,2.965897066682558e-12,7.247402653562527e-07,2.966324602459147e-12,7.247402653562527e-07,2.966317413116117e-12,7.247402653562527e-07,1.026398198363736,7.247402653562527e-07,1.02639822070343,7.247402653562527e-07,1.026397964990444,7.247402653562527e-07,1.026396376479504
7.407402653562527e-07,3.690907915266716e-12,7.407402653562527e-07,2.253178356663768e-12,7.407402653562527e-07,7.866585514230703e-13,7.407402653562527e-07,7.866694795864762e-13,7.407402653562527e-07,7.866695210009209e-13,7.407402653562527e-07,7.866689408186779e-13,7.407402653562527e-07,4.685912323372969e-12,7.407402653562527e-07,2.374857586061911e-13,7.407402653562527e-07,1.804825245384799e-12,7.407402653562527e-07,0.1794474502751791,7.407402653562527e-07,1.099999999953882,7.407402653562527e-07,2.966820319678442e-12,7.407402653562527e-07,2.966490781173122e-12,7.407402653562527e-07,2.966433308385363e-12,7.407402653562527e-07,1.026398144572571,7.407402653562527e-07,1.026398164939776,7.407402653562527e-07,1.026397906438886,7.407402653562527e-07,1.026396335502622
7.567402653562528e-07,3.690908079909464e-12,7.567402653562528e-07,2.253178530831143e-12,7.567402653562528e-07,7.866585541759808e-13,7.567402653562528e-07,7.866694382403875e-13,7.567402653562528e-07,7.866694867206145e-13,7.567402653562528e-07,7.866689078631047e-13,7.567402653562528e-07,4.685914379348048e-12,7.567402653562528e-07,2.374732461795893e-13,7.567402653562528e-07,1.804828633110729e-12,7.567402653562528e-07,0.179447312821076,7.567402653562528e-07,1.099999999953885,7.567402653562528e-07,2.965913988133079e-12,7.567402653562528e-07,2.966328422789077e-12,7.567402653562528e-07,2.966320474062878e-12,7.567402653562528e-07,1.026398108546303,7.567402653562528e-07,1.026398127514885,7.567402653562528e-07,1.026397867150676,7.567402653562528e-07,1.026396307903924
7.727402653562528e-07,3.690907915316006e-12,7.727402653562528e-07,2.253178356206163e-12,7.727402653562528e-07,7.866585514603256e-13,7.727402653562528e-07,7.866693943593971e-13,7.727402653562528e-07,7.866694372581561e-13,7.727402653562528e-07,7.866688573724857e-13,7.727402653562528e-07,4.685912349269662e-12,7.727402653562528e-07,2.374858392167914e-13,7.727402653562528e-07,1.804824869024275e-12,7.727402653562528e-07,0.1794471749742595,7.727402653562528e-07,1.099999999953882,7.727402653562528e-07,2.966803748124002e-12,7.727402653562528e-07,2.966487080458588e-12,7.727402653562528e-07,2.966430356083062e-12,7.727402653562528e-07,1.026398084442207,7.727402653562528e-07,1.026398102432136,7.727402653562528e-07,1.026397840836699,7.727402653562528e-07,1.026396289237436
7.887402653562529e-07,3.690908079831374e-12,7.887402653562529e-07,2.253178530980928e-12,7.887402653562529e-07,7.866585541656433e-13,7.887402653562529e-07,7.86669355441665e-13,7.887402653562529e-07,7.866694034224508e-13,7.887402653562529e-07,7.866688247489622e-13,7.887402653562529e-07,4.685914389847318e-12,7.887402653562529e-07,2.37473285690131e-13,7.887402653562529e-07,1.804827644837354e-12,7.887402653562529e-07,0.1794470375140253,7.887402653562529e-07,1.099999999953885,7.887402653562529e-07,2.96593026301339e-12,7.887402653562529e-07,2.966332047746389e-12,7.887402653562529e-07,2.96632335890948e-12,7.887402653562529e-07,1.026398068250845,7.887402653562529e-07,1.026398085626792,7.887402653562529e-07,1.026397823217042,7.887402653562529e-07,1.026396276667256
8e-07,3.690907915419406e-12,8e-07,2.253178356147677e-12,8e-07,7.866585514747311e-13,8e-07,7.866693116996717e-13,8e-07,7.866693539865251e-13,8e-07,7.86668774533669e-13,8e-07,4.685912358715324e-12,8e-07,2.37485879377839e-13,8e-07,1.804824199861538e-12,8e-07,0.1794469404597929,8e-07,1.099999999953882,8e-07,2.966784484861216e-12,8e-07,2.966482820040102e-12,8e-07,2.966426977386814e-12,8e-07,1.026398060243634,8e-07,1.026398077268101,8e-07,1.026397814451334,8e-07,1.026396270376412
